scorer,DLC_Resnet50_MumuSwimmingDorsalTS5Feb21shuffle1_snapshot_best-160,DLC_Resnet50_MumuSwimmingDorsalTS5Feb21shuffle1_snapshot_best-160,DLC_Resnet50_MumuSwimmingDorsalTS5Feb21shuffle1_snapshot_best-160,DLC_Resnet50_MumuSwimmingDorsalTS5Feb21shuffle1_snapshot_best-160,DLC_Resnet50_MumuSwimmingDorsalTS5Feb21shuffle1_snapshot_best-160,DLC_Resnet50_MumuSwimmingDorsalTS5Feb21shuffle1_snapshot_best-160,DLC_Resnet50_MumuSwimmingDorsalTS5Feb21shuffle1_snapshot_best-160,DLC_Resnet50_MumuSwimmingDorsalTS5Feb21shuffle1_snapshot_best-160,DLC_Resnet50_MumuSwimmingDorsalTS5Feb21shuffle1_snapshot_best-160,DLC_Resnet50_MumuSwimmingDorsalTS5Feb21shuffle1_snapshot_best-160,DLC_Resnet50_MumuSwimmingDorsalTS5Feb21shuffle1_snapshot_best-160,DLC_Resnet50_MumuSwimmingDorsalTS5Feb21shuffle1_snapshot_best-160,DLC_Resnet50_MumuSwimmingDorsalTS5Feb21shuffle1_snapshot_best-160,DLC_Resnet50_MumuSwimmingDorsalTS5Feb21shuffle1_snapshot_best-160,DLC_Resnet50_MumuSwimmingDorsalTS5Feb21shuffle1_snapshot_best-160,DLC_Resnet50_MumuSwimmingDorsalTS5Feb21shuffle1_snapshot_best-160,DLC_Resnet50_MumuSwimmingDorsalTS5Feb21shuffle1_snapshot_best-160,DLC_Resnet50_MumuSwimmingDorsalTS5Feb21shuffle1_snapshot_best-160,DLC_Resnet50_MumuSwimmingDorsalTS5Feb21shuffle1_snapshot_best-160,DLC_Resnet50_MumuSwimmingDorsalTS5Feb21shuffle1_snapshot_best-160,DLC_Resnet50_MumuSwimmingDorsalTS5Feb21shuffle1_snapshot_best-160,DLC_Resnet50_MumuSwimmingDorsalTS5Feb21shuffle1_snapshot_best-160,DLC_Resnet50_MumuSwimmingDorsalTS5Feb21shuffle1_snapshot_best-160,DLC_Resnet50_MumuSwimmingDorsalTS5Feb21shuffle1_snapshot_best-160,DLC_Resnet50_MumuSwimmingDorsalTS5Feb21shuffle1_snapshot_best-160,DLC_Resnet50_MumuSwimmingDorsalTS5Feb21shuffle1_snapshot_best-160,DLC_Resnet50_MumuSwimmingDorsalTS5Feb21shuffle1_snapshot_best-160,DLC_Resnet50_MumuSwimmingDorsalTS5Feb21shuffle1_snapshot_best-160,DLC_Resnet50_MumuSwimmingDorsalTS5Feb21shuffle1_snapshot_best-160,DLC_Resnet50_MumuSwimmingDorsalTS5Feb21shuffle1_snapshot_best-160,DLC_Resnet50_MumuSwimmingDorsalTS5Feb21shuffle1_snapshot_best-160,DLC_Resnet50_MumuSwimmingDorsalTS5Feb21shuffle1_snapshot_best-160,DLC_Resnet50_MumuSwimmingDorsalTS5Feb21shuffle1_snapshot_best-160,DLC_Resnet50_MumuSwimmingDorsalTS5Feb21shuffle1_snapshot_best-160,DLC_Resnet50_MumuSwimmingDorsalTS5Feb21shuffle1_snapshot_best-160,DLC_Resnet50_MumuSwimmingDorsalTS5Feb21shuffle1_snapshot_best-160,DLC_Resnet50_MumuSwimmingDorsalTS5Feb21shuffle1_snapshot_best-160,DLC_Resnet50_MumuSwimmingDorsalTS5Feb21shuffle1_snapshot_best-160,DLC_Resnet50_MumuSwimmingDorsalTS5Feb21shuffle1_snapshot_best-160,DLC_Resnet50_MumuSwimmingDorsalTS5Feb21shuffle1_snapshot_best-160,DLC_Resnet50_MumuSwimmingDorsalTS5Feb21shuffle1_snapshot_best-160,DLC_Resnet50_MumuSwimmingDorsalTS5Feb21shuffle1_snapshot_best-160,DLC_Resnet50_MumuSwimmingDorsalTS5Feb21shuffle1_snapshot_best-160,DLC_Resnet50_MumuSwimmingDorsalTS5Feb21shuffle1_snapshot_best-160,DLC_Resnet50_MumuSwimmingDorsalTS5Feb21shuffle1_snapshot_best-160
bodyparts,SnoutTip,SnoutTip,SnoutTip,TopEye,TopEye,TopEye,BottomEye,BottomEye,BottomEye,AntBodyMid,AntBodyMid,AntBodyMid,BodyMid,BodyMid,BodyMid,PostBodyMid,PostBodyMid,PostBodyMid,TailBase,TailBase,TailBase,ProxTail1,ProxTail1,ProxTail1,ProxTail2,ProxTail2,ProxTail2,ProxTail3,ProxTail3,ProxTail3,MidTail,MidTail,MidTail,DistTail1,DistTail1,DistTail1,DistTail2,DistTail2,DistTail2,DistTail3,DistTail3,DistTail3,TailTip,TailTip,TailTip
coords,x,y,likelihood,x,y,likelihood,x,y,likelihood,x,y,likelihood,x,y,likelihood,x,y,likelihood,x,y,likelihood,x,y,likelihood,x,y,likelihood,x,y,likelihood,x,y,likelihood,x,y,likelihood,x,y,likelihood,x,y,likelihood,x,y,likelihood
0,59.861694,510.9746,0.082458496,39.80078,445.32227,0.05239868,469.2373,163.81384,0.022903442,1259.0596,146.20508,0.042907715,51.920715,470.50586,0.057128906,34.51367,442.97656,0.026870728,35.59375,454.77344,0.032470703,34.387695,447.71875,0.015586853,1276.2993,171.59131,0.025878906,32.5625,482.54004,0.024139404,30.289062,434.8125,0.0362854,420.2754,169.97461,0.024673462,33.3125,447.13867,0.025421143,42.967773,442.6172,0.04547119,1272.4062,547.8828,0.06262207
1,59.894714,510.9746,0.059020996,44.776855,446.82422,0.04373169,469.2373,187.12793,0.021911621,1259.0596,146.30664,0.049957275,52.04413,470.98438,0.047454834,34.97754,452.4375,0.029876709,35.59375,455.33984,0.029724121,34.387695,447.71875,0.012916565,1276.3076,171.59131,0.025543213,32.953125,482.54004,0.02494812,30.289062,457.49805,0.029525757,420.2754,170.23145,0.02885437,33.3125,449.41406,0.023223877,42.967773,452.8208,0.03488159,1272.4062,547.8828,0.049713135
2,60.245728,510.9746,0.074645996,45.8291,447.56836,0.056762695,469.2373,187.15771,0.022766113,1259.0596,146.30664,0.044403076,52.09796,471.01562,0.04776001,35.035645,459.98438,0.022323608,35.700684,457.9297,0.030975342,44.09735,448.02734,0.030227661,1276.3076,171.89081,0.027648926,36.393066,482.54004,0.02230835,33.15625,467.63794,0.024932861,420.2754,459.35986,0.01991272,33.433594,464.46875,0.03225708,42.967773,469.60938,0.040374756,1272.4062,547.8828,0.078308105
3,60.245728,510.9746,0.052215576,52.2063,448.21094,0.03878784,43.083008,450.80078,0.025405884,1259.0596,146.32324,0.049316406,62.248047,472.9336,0.031280518,46.046875,459.98438,0.047576904,41.714844,487.0332,0.051574707,42.45508,455.52344,0.01965332,1276.3076,171.89081,0.025787354,36.393066,464.42578,0.053710938,33.15625,457.49805,0.06109619,50.805664,459.35986,0.043762207,37.588867,462.8086,0.046813965,32.996094,452.8208,0.11480713,24.453125,481.56445,0.2685547
4,60.79785,510.33203,0.08648682,52.2063,448.21094,0.053710938,42.802734,450.80078,0.04989624,1259.0332,146.32324,0.04348755,62.248047,472.9336,0.013977051,46.34375,460.41406,0.03552246,43.399414,493.20605,0.03286743,42.45508,459.3994,0.01626587,1274.8057,178.83008,0.028381348,34.91797,462.70898,0.023010254,32.929688,449.76367,0.050933838,50.176758,459.35986,0.035949707,37.588867,462.8086,0.044403076,30.558594,450.83008,0.15014648,23.482422,473.9004,0.3046875
5,62.570312,510.33203,0.051879883,61.331055,503.86328,0.048797607,34.83203,487.5664,0.022583008,1259.0332,146.32324,0.04437256,62.248047,473.15625,0.038604736,46.816406,469.56543,0.04547119,42.895508,493.20605,0.052734375,42.45508,459.3994,0.024871826,30.578125,429.16406,0.026855469,34.91797,451.98438,0.057434082,32.929688,449.76367,0.045196533,50.176758,459.35986,0.045440674,37.588867,462.8086,0.0680542,30.558594,452.8208,0.3894043,22.58789,473.9004,0.5444336
6,62.279297,510.33203,0.093444824,61.331055,502.91016,0.04574585,34.83203,487.5664,0.035186768,1259.0679,146.31934,0.048797607,62.13867,484.8745,0.031188965,46.816406,469.72363,0.08135986,42.895508,500.91357,0.032196045,42.45508,459.3994,0.031143188,29.958984,433.69922,0.036834717,33.23242,450.9873,0.051818848,32.929688,444.42188,0.066711426,50.176758,445.4375,0.04220581,56.375,462.8086,0.05609131,30.558594,450.83008,0.43066406,20.561523,473.9004,0.63720703
7,62.570312,512.16797,0.10809326,61.331055,502.91016,0.087402344,42.802734,487.5664,0.03933716,1259.084,146.32324,0.04840088,54.103516,484.8745,0.038116455,48.68164,471.2871,0.04864502,49.166016,501.61328,0.060424805,42.45508,459.3994,0.040771484,30.578125,429.16406,0.03427124,33.23242,449.37305,0.062805176,25.625,444.42188,0.055755615,50.176758,445.4375,0.06210327,61.47754,462.8086,0.0692749,30.216797,446.48633,0.38256836,20.434814,468.87646,0.48461914
8,64.67578,510.84766,0.08673096,62.28125,501.83594,0.064331055,55.414062,504.90234,0.056152344,1259.084,146.38965,0.050445557,54.103516,487.17773,0.028762817,48.79883,472.89453,0.06008911,49.166016,501.9287,0.05822754,42.65332,456.28125,0.024856567,30.578125,429.16406,0.031463623,33.23242,448.95703,0.058807373,25.625,444.42188,0.061767578,50.176758,446.6328,0.040924072,59.559082,461.4082,0.068115234,30.558594,446.54688,0.4597168,19.274902,473.9004,0.41430664
9,64.67578,511.45703,0.20251465,62.28125,501.83594,0.06903076,55.414062,515.52344,0.10345459,1259.084,146.3916,0.04724121,54.103516,487.17773,0.027770996,52.258545,473.65625,0.06567383,42.895508,506.16406,0.061676025,44.30298,456.28125,0.02305603,1274.6035,178.7666,0.022399902,41.8125,448.30078,0.03289795,25.625,444.42188,0.05609131,50.22754,463.0703,0.04824829,59.559082,461.4082,0.13671875,31.464844,446.54688,0.4946289,19.274902,477.78516,0.7080078
10,64.67578,510.84766,0.20471191,61.873047,500.1211,0.06762695,55.414062,515.52344,0.053985596,1259.0688,146.41895,0.040863037,53.442383,487.17773,0.030197144,56.429688,477.69434,0.057495117,42.20215,501.9287,0.059173584,45.95117,472.96875,0.036346436,1274.6035,178.7666,0.023529053,41.8125,448.95703,0.043121338,31.851562,448.48047,0.0435791,50.375977,463.0703,0.09777832,59.559082,461.4082,0.16186523,36.658203,446.54688,0.6538086,19.274902,468.87646,0.84716797
11,64.67578,510.84766,0.3972168,61.09668,499.8047,0.101623535,55.414062,515.52344,0.12597656,1259.0688,146.4961,0.044555664,53.442383,487.17773,0.02609253,56.429688,483.79163,0.05734253,40.003906,501.9287,0.056884766,58.14453,474.73535,0.042175293,1274.6035,178.7666,0.024932861,43.713867,448.30078,0.026855469,39.109375,448.48047,0.060943604,50.375977,469.76367,0.066589355,59.559082,464.2422,0.15490723,37.18164,453.3711,0.46166992,22.0,468.87646,0.6923828
12,16.398438,419.6206,0.5288086,59.730713,499.53125,0.05819702,54.878906,512.59375,0.07940674,50.628906,467.34473,0.054351807,53.442383,488.84375,0.03933716,55.828125,483.79163,0.031921387,39.375,501.9287,0.11230469,45.95117,476.0785,0.026153564,46.203125,445.06445,0.02444458,49.429688,446.35938,0.058685303,41.554688,461.2871,0.09472656,58.94629,471.24023,0.08532715,59.559082,461.4082,0.19543457,48.55078,454.39062,0.4663086,47.371094,434.85547,0.29296875
13,16.398438,419.6206,0.9663086,7.6289062,410.3125,0.15490723,54.375,512.59375,0.13269043,50.30664,467.34473,0.07501221,44.06476,491.01904,0.07305908,55.828125,483.79163,0.07183838,37.03418,491.8175,0.06463623,45.95117,476.0785,0.054534912,41.335938,445.06445,0.027648926,50.257812,446.35938,0.059753418,53.421875,461.2871,0.072143555,61.38867,471.24023,0.06707764,71.55859,459.55225,0.13183594,51.62964,454.39062,0.3491211,52.267822,434.85547,0.34960938
14,16.398438,419.09912,0.80615234,7.6289062,407.4043,0.2421875,12.467773,427.05078,0.2783203,41.259766,467.34473,0.054107666,53.14258,502.6797,0.05239868,44.291016,477.69434,0.04937744,35.20459,491.70996,0.103637695,45.010742,476.0785,0.041290283,41.335938,454.39062,0.029022217,53.8125,446.35938,0.05834961,63.882812,447.94922,0.07385254,61.8916,478.8086,0.08441162,71.55859,465.40625,0.12097168,64.640625,454.39062,0.32250977,52.267822,434.85547,0.16223145
15,23.976562,419.09912,0.6279297,6.4296875,404.7627,0.50341797,12.467773,427.05078,0.4777832,0.1328125,423.41016,0.103149414,44.06476,502.6797,0.022888184,33.089844,451.09717,0.08666992,18.308594,443.00293,0.08093262,45.010742,476.0785,0.03668213,46.203125,473.4297,0.027740479,57.29297,445.4297,0.062072754,63.882812,445.79102,0.073913574,61.8916,478.8086,0.062805176,71.76172,471.37695,0.14013672,68.45947,456.63867,0.4506836,52.267822,437.82812,0.16918945
16,30.365234,418.5039,0.5673828,6.4296875,404.7627,0.44091797,10.628906,427.05078,0.3005371,0.078125,418.14844,0.15783691,44.06476,502.6797,0.028640747,30.375,451.09717,0.03994751,18.308594,443.00293,0.061553955,45.010742,472.01172,0.03729248,40.53125,473.4297,0.023803711,58.585938,446.35938,0.05496216,69.50781,447.94922,0.052978516,64.57422,478.8086,0.077941895,73.740234,471.37695,0.17260742,68.45947,456.63867,0.4868164,38.53711,514.7002,0.36376953
17,32.304688,416.53516,0.578125,6.4296875,403.08594,0.3852539,10.628906,427.4297,0.17614746,-0.6796875,417.6289,0.11541748,44.06476,472.58008,0.032104492,30.375,451.09717,0.07330322,18.308594,443.00293,0.12017822,44.733887,470.58594,0.049682617,13.161133,406.91406,0.060302734,58.585938,448.9961,0.062316895,63.882812,447.94922,0.059173584,72.75195,478.8086,0.07110596,75.01904,474.6123,0.26245117,68.45947,458.33594,0.4116211,38.53711,515.72144,0.51904297
18,33.460938,414.4082,0.7675781,6.4296875,398.5664,0.6176758,7.1992188,429.33594,0.25146484,-0.9609375,412.5952,0.038879395,38.5,463.26562,0.02470398,33.089844,456.08594,0.069885254,25.416016,443.0298,0.08093262,78.52539,472.01172,0.050323486,13.489258,395.1875,0.047576904,57.29297,444.33594,0.07043457,49.15625,471.10156,0.0725708,79.4668,478.8086,0.081604004,76.00261,474.96973,0.2055664,65.48242,489.07422,0.42651367,38.53711,518.5488,0.41552734
19,38.441406,414.29102,0.8828125,6.4296875,398.0547,0.81103516,7.1992188,430.03906,0.3786621,-1.0039062,411.79065,0.06414795,38.1875,463.26562,0.041778564,35.427246,457.51953,0.07220459,26.648438,443.0298,0.09265137,88.93164,472.01172,0.030761719,13.489258,394.77344,0.057373047,57.29297,448.9961,0.051971436,48.640625,471.10156,0.0602417,79.927734,480.58594,0.0501709,81.171875,488.375,0.11584473,65.48242,491.31592,0.52441406,40.257812,518.96484,0.70751953
20,43.160156,413.8164,0.87890625,10.222656,397.333,0.9301758,7.1992188,430.03906,0.40698242,-1.0039062,411.79065,0.10217285,38.5,472.58008,0.052856445,35.427246,464.51172,0.12365723,40.603516,443.0298,0.07501221,88.93164,470.58594,0.04498291,13.489258,394.33594,0.05606079,60.952637,467.81018,0.049743652,48.640625,471.10156,0.047729492,82.916016,480.58594,0.046447754,81.171875,489.37695,0.13024902,65.48242,503.35938,0.51660156,45.11035,520.2715,0.61279297
21,49.865234,412.3684,0.9321289,16.40039,396.65967,0.8183594,14.003906,430.03906,0.63916016,-0.9609375,411.25195,0.25268555,38.5,472.58008,0.04776001,35.427246,457.51953,0.20227051,40.603516,443.0298,0.08300781,28.855957,470.58594,0.050079346,13.750977,394.33594,0.043151855,56.5,495.05273,0.046325684,48.640625,405.292,0.05041504,82.916016,480.58594,0.036987305,81.171875,489.37695,0.11682129,65.48242,503.35938,0.43823242,45.11035,520.2715,0.2763672
22,55.572266,411.43945,0.89941406,21.164062,396.43994,0.9355469,20.623047,430.03906,0.6748047,-0.859375,411.0791,0.31323242,38.5,477.75,0.04837036,34.19043,456.08594,0.10522461,40.603516,443.0298,0.073913574,88.93164,479.66406,0.0435791,19.820312,394.1797,0.044189453,60.952637,495.05273,0.044067383,48.640625,405.292,0.04647827,82.916016,478.57812,0.04812622,81.171875,488.375,0.051086426,75.058105,503.35938,0.21765137,49.046875,520.2715,0.08465576
23,63.064453,409.0078,0.86328125,28.540527,395.81458,0.8857422,30.28125,428.4546,0.65625,4.078125,411.438,0.42089844,38.1875,485.58496,0.039398193,34.19043,464.51172,0.091430664,26.541992,497.86523,0.08087158,13.3515625,488.67578,0.053894043,23.042969,394.33594,0.038391113,69.086914,495.05273,0.049316406,51.927063,405.292,0.048217773,79.26758,465.73828,0.050048828,82.08789,486.70703,0.101135254,77.881836,493.20605,0.13916016,64.23242,509.3047,0.29418945
24,67.83252,408.5,0.8876953,35.34912,395.78735,0.9135742,37.63965,426.9131,0.7416992,6.6445312,411.438,0.81103516,27.335938,485.58496,0.040008545,34.19043,472.91602,0.06970215,26.541992,497.86523,0.12310791,13.3515625,437.35938,0.07409668,29.53711,476.87598,0.033721924,69.086914,480.0078,0.107666016,54.98633,437.76172,0.06762695,79.26758,465.73828,0.0703125,78.08984,486.70703,0.107055664,77.881836,493.20605,0.5253906,64.23242,509.3047,0.24389648
25,74.72754,407.6543,0.83691406,41.85547,395.20264,0.7841797,46.05078,426.5664,0.8027344,14.033203,411.438,0.88671875,26.816406,467.34814,0.059173584,39.15625,489.20898,0.15222168,26.541992,497.86523,0.33544922,20.093933,508.90723,0.06518555,44.847656,476.87598,0.03491211,64.25,480.0078,0.09539795,65.625,438.96094,0.058807373,77.646484,478.57812,0.041412354,78.08984,486.70703,0.08673096,30.75,493.20605,0.49682617,25.884766,509.3047,0.25927734
26,82.674805,407.60547,0.9511719,49.91797,395.17627,0.8022461,51.399414,426.458,0.8046875,19.533447,412.42554,0.86083984,26.816406,485.58496,0.059173584,39.15625,490.04688,0.14318848,30.039062,491.84814,0.06915283,35.643555,508.90723,0.019241333,53.71289,476.87598,0.043762207,64.25,479.83203,0.06726074,65.625,478.8457,0.08538818,60.17102,478.57812,0.04159546,73.76367,486.70703,0.06976318,30.75,473.92773,0.31591797,25.884766,481.9297,0.42382812
27,90.41504,407.60547,0.9345703,55.796875,393.68555,0.7734375,59.101562,425.92188,0.88378906,23.523438,412.42554,0.87158203,27.335938,486.7129,0.06896973,40.628906,490.42578,0.28588867,31.492188,491.84814,0.07281494,35.643555,513.22266,0.026626587,62.865234,492.812,0.029724121,20.895996,479.83203,0.057373047,65.625,494.0,0.07354736,53.44043,493.25488,0.064819336,60.25122,486.70703,0.08062744,29.362305,475.86487,0.27514648,21.958984,492.05078,0.31713867
28,98.29492,406.89062,0.9951172,64.22461,391.70312,0.79541016,66.56152,424.51172,0.85253906,31.136719,412.42554,0.8769531,42.77832,484.53955,0.07659912,39.15625,490.04688,0.24108887,34.609375,491.84814,0.09448242,43.66162,513.22266,0.050048828,62.865234,476.87598,0.05831909,18.764648,480.0078,0.09063721,65.625,494.0,0.08538818,60.17102,493.25488,0.076660156,42.411133,475.25293,0.07171631,29.362305,487.0703,0.21008301,21.958984,492.05078,0.21838379
29,106.40234,405.17676,1.0,70.978516,391.38477,0.86328125,74.44531,423.55273,0.8979492,37.567383,411.30615,0.89501953,42.77832,484.53955,0.17285156,38.527344,489.20898,0.09503174,31.492188,491.84814,0.08898926,44.789062,513.22266,0.031280518,53.71289,492.812,0.04714966,18.764648,479.83984,0.053527832,65.625,494.0,0.05807495,37.460938,472.01172,0.047698975,41.347656,474.49902,0.06890869,29.362305,485.90234,0.117614746,25.884766,492.05078,0.08050537
30,114.74414,404.8706,1.0,79.25586,390.6836,0.8388672,81.77344,422.88477,0.9370117,42.370117,410.13574,0.9003906,42.77832,484.53955,0.14123535,12.351074,475.97516,0.059753418,30.039062,489.89258,0.048095703,58.262695,490.18262,0.047332764,23.822266,492.812,0.041503906,20.895996,479.83203,0.057037354,101.53125,397.23438,0.06036377,37.460938,472.01172,0.030319214,24.757812,473.61914,0.060272217,17.269531,485.90234,0.1661377,26.457031,485.69434,0.053863525
31,122.055664,403.92877,1.0,87.08008,388.43262,0.9145508,89.96484,421.50098,0.9291992,48.03711,409.69922,0.83935547,33.529297,472.9297,0.07861328,12.351074,403.86462,0.14477539,8.037109,481.4121,0.06439209,58.262695,490.18262,0.03805542,18.164062,400.58594,0.026855469,20.895996,472.55273,0.08709717,114.80371,396.7578,0.04626465,38.007812,471.41016,0.06439209,41.347656,473.01367,0.10852051,18.625,487.0703,0.27905273,26.457031,492.05078,0.30566406
32,130.2998,402.88086,1.0,96.421875,386.73535,0.8457031,97.859375,420.16748,0.9506836,57.189453,406.80078,0.80029297,6.4492188,406.96484,0.10760498,11.886719,403.86462,0.14770508,8.037109,481.4121,0.10699463,44.953613,490.18262,0.02418518,18.164062,388.98633,0.039367676,13.236328,472.55273,0.059326172,117.87695,395.03125,0.053527832,49.984375,471.375,0.054870605,41.347656,473.61914,0.08068848,18.625,573.6865,0.16113281,26.457031,523.63354,0.13964844
33,138.6582,401.84766,1.0,103.82422,386.13574,0.86572266,105.89844,419.3003,0.94677734,64.94336,405.01758,0.8432617,6.4492188,405.19434,0.16796875,11.145508,405.42383,0.10748291,8.037109,478.5078,0.067993164,44.953613,479.63672,0.03555298,22.05664,400.58594,0.033599854,22.40039,401.81836,0.049926758,117.87695,395.03125,0.045715332,38.007812,471.375,0.06097412,44.061646,473.6797,0.064819336,18.625,573.6865,0.22070312,33.4375,565.02344,0.1517334
34,146.6416,400.95898,1.0,112.73047,385.1621,0.796875,113.54883,418.79492,0.91503906,73.61914,402.68652,0.82470703,6.4492188,402.87305,0.25756836,10.959961,406.64844,0.09106445,11.815063,478.5078,0.1373291,44.953613,472.36914,0.046661377,23.822266,400.58594,0.03488159,13.236328,401.81836,0.055145264,131.38232,394.6289,0.052001953,49.984375,470.6875,0.0546875,60.47046,473.61914,0.0670166,18.625,573.6865,0.075805664,7.9609375,565.02344,0.08673096
35,155.77551,400.5625,1.0,121.26953,385.12305,0.7885742,122.55371,418.56055,0.88623047,83.57617,402.52344,0.82666016,12.292969,402.36328,0.19128418,11.145508,406.64844,0.09991455,19.689453,478.5078,0.056518555,29.857422,472.77148,0.030654907,22.05664,436.23865,0.04055786,13.236328,401.81836,0.059387207,133.91992,393.26172,0.04562378,61.67578,470.6875,0.0395813,60.47046,459.53662,0.060516357,24.414062,483.65625,0.07330322,6.4570312,565.02344,0.03451538
36,164.22974,399.96094,1.0,130.31836,384.7129,0.82128906,131.14844,418.19238,0.94384766,91.975876,401.0586,0.82714844,13.144531,402.36328,0.3486328,9.402344,406.64844,0.046936035,22.175781,478.5078,0.042907715,29.857422,472.77148,0.12133789,23.195312,458.90234,0.09875488,13.236328,402.00977,0.064331055,133.91992,393.26172,0.0519104,68.06299,402.69043,0.03817749,60.47046,473.6797,0.15783691,40.07617,483.21094,0.2692871,7.9609375,495.6172,0.18981934
37,173.72461,399.94922,0.9770508,139.38379,384.20312,0.8041992,140.34204,417.88672,0.8540039,100.58594,400.70117,0.7631836,16.355469,402.36328,0.42407227,6.71875,406.64844,0.06732178,45.249023,478.5078,0.050811768,43.28662,472.65625,0.09588623,23.195312,458.90234,0.036499023,12.249268,451.4248,0.064331055,150.8711,392.58594,0.053955078,68.06299,402.69043,0.041015625,47.066406,459.53662,0.057922363,40.07617,464.04297,0.16491699,10.286133,495.6172,0.35424805
38,182.78125,399.94922,1.0,148.34204,384.20312,0.8198242,149.8086,417.88672,0.92626953,109.85547,400.70117,0.74121094,26.926758,401.91602,0.5449219,3.4609375,403.63672,0.05041504,57.19336,433.25977,0.032714844,45.873047,450.0039,0.037261963,25.703125,458.90234,0.033050537,10.850586,453.32715,0.05529785,164.56543,392.58594,0.052124023,68.06299,404.1626,0.042297363,47.066406,441.34375,0.0715332,32.765625,459.9585,0.17370605,10.286133,493.09863,0.49902344
39,193.02734,399.94922,1.0,158.27148,384.06836,0.76416016,159.05469,417.88672,0.87597656,120.00781,400.36133,0.72216797,43.99978,400.9707,0.37939453,3.4609375,400.42578,0.11566162,45.249023,483.13965,0.041992188,43.904053,441.75195,0.25732422,25.703125,442.42383,0.17626953,10.850586,451.4248,0.10687256,181.96387,392.67188,0.052459717,68.06299,404.1626,0.04168701,29.054688,441.34375,0.120666504,26.344727,483.21094,0.3540039,21.117188,495.6172,0.4260254
40,202.0039,399.94922,1.0,166.33789,384.20312,0.83496094,167.86133,417.92578,0.92529297,129.04688,401.0586,0.7861328,44.36328,400.9707,0.36401367,3.4609375,399.91406,0.13769531,45.249023,483.13965,0.04888916,45.873047,441.75195,0.06689453,35.960876,442.42383,0.052581787,10.850586,453.32715,0.11187744,194.7002,392.91016,0.03756714,47.058594,403.188,0.042175293,24.47461,440.08008,0.061920166,30.279297,483.21094,0.20471191,21.117188,496.97656,0.23986816
41,211.22754,400.36523,1.0,176.48438,384.27148,0.76708984,177.89844,418.0498,0.90771484,138.48145,400.7539,0.7524414,45.660156,400.08594,0.5073242,3.7421875,399.55078,0.17541504,45.249023,406.66016,0.042144775,45.873047,440.38477,0.022415161,37.61914,442.42383,0.044311523,15.9921875,453.32715,0.047454834,194.7002,392.91016,0.05227661,43.429688,404.1626,0.04248047,47.066406,440.08008,0.070251465,30.279297,591.0801,0.0491333,22.953125,510.59766,0.089660645
42,220.54053,400.5547,1.0,185.20898,384.92188,0.76416016,187.01172,418.74902,0.89404297,149.29199,401.48047,0.7939453,60.967773,399.7539,0.5810547,5.6640625,399.55078,0.25,167.89453,399.07617,0.07116699,47.466797,440.38477,0.04901123,37.61914,441.77344,0.08746338,15.9921875,453.32715,0.082336426,198.51758,393.1953,0.04574585,45.69922,403.188,0.032836914,51.693115,440.08008,0.06951904,30.28125,591.0801,0.18591309,22.953125,510.59766,0.076049805
43,228.59912,400.8086,1.0,193.91211,385.5332,0.79541016,195.7749,419.11377,0.91503906,156.63867,401.3164,0.8149414,70.14258,399.6172,0.6118164,5.7695312,399.91406,0.13232422,167.89453,396.563,0.043884277,47.466797,491.5476,0.035491943,35.960876,402.50977,0.033813477,19.50586,416.59375,0.05758667,212.36108,394.28125,0.067871094,45.69922,403.188,0.055755615,24.47461,456.5664,0.045135498,30.279297,591.0801,0.11413574,27.190918,512.6543,0.16357422
44,237.42871,401.38672,0.97753906,202.19727,386.19824,0.78125,204.36743,419.9312,0.9165039,164.42847,401.48047,0.80029297,73.33984,399.6172,0.5571289,7.4453125,399.91406,0.119018555,183.21094,396.19983,0.055786133,47.466797,491.99628,0.058288574,22.13086,402.50977,0.03173828,19.50586,416.59375,0.04901123,229.04199,394.91016,0.047668457,45.69922,403.188,0.040771484,51.693115,468.67578,0.050598145,30.28125,499.23584,0.082214355,31.470703,514.46387,0.5019531
45,245.4707,402.0996,1.0,211.13281,386.83105,0.80078125,213.2627,419.9793,0.93847656,172.16077,401.48047,0.76708984,83.48242,398.77734,0.56103516,7.4453125,399.3125,0.11218262,183.21094,396.19983,0.042663574,46.20703,491.5476,0.051574707,22.09375,401.8828,0.04324341,19.50586,401.15234,0.05758667,229.04199,395.03516,0.045928955,45.69922,451.26562,0.09564209,64.015625,474.96094,0.050201416,50.82617,499.23584,0.30322266,32.152344,514.46387,0.45239258
46,254.30469,402.0996,0.9628906,219.79651,387.10107,0.81640625,221.4502,419.9918,0.9248047,180.68701,401.59766,0.79345703,92.86719,398.38867,0.5102539,9.613281,399.3125,0.091918945,183.21094,396.563,0.046203613,44.816895,491.5476,0.03286743,21.273438,396.5581,0.05419922,13.525391,398.9336,0.083740234,230.9414,394.94922,0.04714966,78.984375,451.26562,0.036590576,81.75,496.83594,0.09918213,57.035156,499.23584,0.32006836,31.470703,514.46387,0.5708008
47,261.5703,402.0996,1.0,227.74194,387.10107,0.8383789,229.81836,419.9918,0.95947266,189.2666,401.85156,0.76416016,104.87305,398.38867,0.5234375,11.131836,398.45703,0.10455322,40.83789,478.98047,0.07122803,30.714844,491.99628,0.052490234,21.273438,396.32886,0.044769287,23.552734,395.31494,0.07366943,245.41699,394.94922,0.05331421,78.984375,482.3955,0.12158203,81.75,496.83594,0.18383789,57.035156,499.23584,0.41210938,31.470703,514.46387,0.6044922
48,270.72656,401.7871,0.9604492,236.39844,387.2124,0.8178711,237.94238,420.38354,0.97021484,197.71387,402.3789,0.78222656,112.791016,397.8623,0.60253906,11.131836,392.70703,0.16088867,35.271484,481.70703,0.10595703,30.714844,487.3086,0.05496216,21.273438,372.47583,0.037200928,15.185547,394.28223,0.04788208,261.82324,394.94922,0.050598145,78.984375,482.3955,0.12335205,81.75,496.83594,0.16809082,57.035156,499.23584,0.3947754,20.802734,508.2517,0.60009766
49,278.10742,401.42188,1.0,243.77625,387.2124,0.8457031,245.91211,419.9918,0.97216797,205.6289,402.3789,0.8027344,127.69141,397.40625,0.6347656,11.131836,390.67188,0.08996582,35.271484,481.70703,0.1262207,28.96045,388.8042,0.03353882,21.273438,370.72852,0.03918457,15.185547,374.40625,0.045654297,261.82324,394.59375,0.04562378,61.55664,482.3955,0.09887695,71.0293,382.01172,0.18457031,51.26953,369.3672,0.29736328,20.802734,365.31445,0.2088623
50,287.16797,401.20117,1.0,252.35107,386.8418,0.8149414,254.12695,419.97363,0.9199219,213.50879,402.3789,0.82666016,131.59424,397.1377,0.6567383,33.414062,390.4453,0.16223145,38.66797,478.98047,0.051971436,28.96045,388.8042,0.025009155,11.855347,368.64844,0.05807495,6.6816406,365.42188,0.08190918,261.82324,394.3203,0.04727173,42.679688,383.8496,0.06616211,71.0293,382.01172,0.11248779,51.26953,369.3672,0.29736328,20.802734,365.31445,0.23596191
51,295.0039,401.00195,1.0,260.42017,386.12695,0.8798828,261.9336,419.45264,0.9638672,221.93555,402.37598,0.85302734,134.41406,396.56445,0.5878906,39.882812,390.4453,0.111328125,40.83789,478.98047,0.07470703,23.683594,368.625,0.17590332,18.075195,367.1211,0.19140625,15.185547,365.42188,0.11242676,263.05273,392.91016,0.07635498,42.679688,383.8496,0.11138916,55.283203,382.01172,0.11859131,51.26953,369.3672,0.2310791,21.894531,361.28906,0.13562012
52,303.91797,400.97852,1.0,269.01758,385.34766,0.82714844,269.96582,419.35254,0.9555664,229.49414,402.0,0.8496094,139.36621,396.02277,0.62841797,39.882812,389.6836,0.15368652,38.66797,396.09167,0.06463623,20.601562,368.625,0.09637451,10.4296875,367.1211,0.19836426,11.5078125,365.42188,0.13146973,277.64844,392.67188,0.07171631,46.26172,383.8496,0.13134766,55.283203,460.79346,0.06549072,59.539307,375.46484,0.15698242,32.007812,361.28906,0.105163574
53,311.1953,400.02148,1.0,277.02148,384.49414,0.8745117,278.17188,418.83984,0.9453125,239.42188,401.98438,0.82470703,150.71094,396.02277,0.63720703,43.186523,389.6836,0.1895752,38.66797,396.09167,0.08404541,17.527344,368.625,0.11682129,4.5585938,367.1211,0.07110596,11.5078125,371.91583,0.05984497,294.77734,392.67188,0.038482666,43.823486,467.88794,0.04425049,71.0293,462.67578,0.03677368,59.553467,509.06934,0.09259033,38.726562,525.1699,0.08099365
54,319.9336,399.9961,1.0,285.1328,384.44922,0.8364258,286.01953,418.6123,0.8852539,246.44336,401.71875,0.8203125,158.19727,396.02277,0.65185547,43.186523,393.37695,0.39013672,34.396484,396.2915,0.24511719,10.833008,388.9961,0.23303223,1.1132812,382.89648,0.07531738,22.56836,388.9082,0.07562256,309.48926,392.67188,0.047058105,46.26172,480.18945,0.06915283,163.26123,585.3867,0.047851562,133.49219,594.2295,0.14086914,125.71875,607.25,0.1953125
55,327.0254,399.58984,1.0,292.6792,383.5625,0.86621094,294.03906,418.02734,0.9589844,254.33398,399.82422,0.7915039,166.35352,396.19775,0.70996094,51.40625,393.4043,0.7944336,34.396484,396.2915,0.67089844,3.5859375,388.9961,0.4165039,1.1132812,383.6504,0.06384277,22.56836,392.02734,0.038024902,309.48926,392.78125,0.03930664,46.416016,483.74072,0.06750488,175.54492,580.52783,0.08862305,156.72266,591.1113,0.2364502,134.4414,610.999,0.41967773
56,335.42578,399.52734,0.97998047,300.00696,382.75586,0.8388672,301.03613,417.7754,0.8847656,262.11133,399.59766,0.83154297,176.6543,396.76562,0.66064453,59.769775,393.4043,0.8574219,34.396484,396.09167,0.8286133,3.5859375,388.9961,0.53515625,-0.578125,383.6504,0.06112671,15.208984,530.83594,0.0491333,309.48926,392.78125,0.04864502,188.90625,564.5708,0.080200195,179.92981,580.52783,0.12213135,157.54102,592.9629,0.38842773,137.08594,611.38525,0.40234375
57,342.42578,398.4336,1.0,307.74268,382.65625,0.86865234,308.667,416.97656,0.9111328,268.4431,399.0664,0.81396484,185.20508,396.82275,0.78515625,60.73291,393.67578,0.8652344,37.20117,393.27734,0.81396484,3.5859375,387.32275,0.5576172,-0.578125,383.02344,0.0758667,15.208984,530.83594,0.06591797,310.66016,392.78125,0.07495117,194.5,566.5625,0.13659668,183.71094,580.52783,0.21691895,165.25,594.2295,0.29345703,145.07031,611.38525,0.46923828
58,349.63184,398.35156,0.9770508,314.1582,382.15234,0.8642578,315.65552,416.35938,0.8417969,274.5127,398.8086,0.82128906,192.07227,396.82568,0.7890625,72.36719,393.8047,0.8388672,44.75586,392.67383,0.7607422,6.75,387.32275,0.66552734,3.4101562,383.02344,0.118774414,12.995117,530.83594,0.06390381,236.03534,458.35547,0.09118652,209.41797,566.5625,0.26757812,196.63574,573.4971,0.43676758,174.0957,592.9629,0.55566406,152.33594,611.38525,0.5727539
59,356.47363,398.27344,1.0,321.50977,382.1211,0.83740234,322.48926,415.41992,0.91064453,281.33008,398.23438,0.8442383,197.39551,397.20508,0.8310547,80.45703,393.67578,0.75,55.501953,392.67383,0.6958008,16.054688,386.78418,0.5654297,5.0703125,383.02344,0.16821289,8.496094,391.90234,0.058776855,236.03534,555.5471,0.05142212,209.5625,566.5625,0.18762207,201.36719,573.4971,0.30126953,174.0957,591.1113,0.30786133,152.33594,611.2168,0.3017578
60,362.6787,398.2422,0.9682617,327.16992,381.75488,0.9057617,328.08984,415.03906,0.9375,287.9922,397.59082,0.81396484,199.08594,397.20508,0.8496094,81.328125,393.67578,0.6542969,59.098633,392.67383,0.6845703,19.918884,386.78418,0.52978516,5.0703125,382.9629,0.17004395,3.0541992,384.19336,0.07080078,236.03534,458.35547,0.09686279,209.5625,565.95703,0.24743652,212.63867,573.4971,0.44213867,175.17969,592.9629,0.5151367,152.33594,611.2168,0.56933594
61,369.20312,397.83984,1.0,334.21875,381.4297,0.8598633,335.04102,415.03906,0.89160156,294.67188,397.125,0.8256836,207.625,396.82568,0.8227539,88.140625,393.8047,0.7998047,64.765625,393.58008,0.77246094,26.424805,387.51514,0.6870117,6.2929688,382.625,0.34838867,2.7558594,384.0586,0.08337402,49.691406,458.35547,0.054504395,209.5625,566.5625,0.07373047,212.63867,578.5469,0.17138672,175.17969,590.2637,0.27172852,39.533203,507.125,0.3449707
62,374.8457,397.83984,1.0,340.08112,381.4297,0.88720703,341.84668,414.8711,0.88671875,302.4121,396.84424,0.82910156,211.15137,396.82568,0.8955078,92.53076,393.51172,0.83154297,71.35547,393.64062,0.8100586,33.04883,387.69482,0.63964844,10.541992,381.6963,0.41748047,3.0541992,384.0586,0.11834717,33.4375,559.37695,0.05078125,44.688965,573.23047,0.05960083,212.63867,578.5469,0.18432617,63.31836,588.2583,0.21716309,35.41504,469.583,0.24133301
63,381.36816,397.83984,0.9838867,346.8125,381.34473,0.87841797,348.1759,414.6172,0.8183594,306.91992,396.84424,0.8129883,216.91602,397.16895,0.8857422,101.61328,393.51172,0.8022461,78.46094,393.78906,0.7861328,38.804688,387.98053,0.71728516,13.957031,381.5586,0.5957031,3.0541992,381.52734,0.20373535,24.882812,559.37695,0.16027832,44.688965,573.23047,0.23986816,110.71484,581.04395,0.10614014,63.31836,590.2637,0.25317383,35.41504,469.583,0.52490234
64,388.36548,398.11523,1.0,353.08984,381.17578,0.83251953,355.45117,414.6172,0.82373047,316.9536,396.84424,0.80615234,222.27734,397.16895,0.7949219,106.58301,394.01953,0.8408203,84.51221,394.14062,0.8779297,45.030273,388.08868,0.80126953,14.181641,381.5586,0.61865234,4.70459,380.39502,0.20910645,24.882812,585.03516,0.12963867,44.688965,588.1107,0.19812012,110.71484,581.6338,0.15246582,89.00586,593.7461,0.2553711,31.632812,469.583,0.40698242
65,394.3379,398.15234,0.9975586,357.87695,381.17578,0.88964844,360.29688,414.71484,0.8491211,320.13672,396.79492,0.8105469,230.60938,397.25488,0.84521484,110.90625,394.3086,0.79833984,90.046875,395.49902,0.81933594,49.626953,389.29492,0.91259766,16.824219,381.5586,0.58691406,7.501953,379.92188,0.24902344,24.882812,585.03516,0.09063721,45.58789,590.0469,0.07409668,110.71484,596.51465,0.062286377,89.00586,599.9297,0.14050293,31.632812,484.99707,0.1977539
66,400.18555,398.15234,1.0,364.2273,380.93652,0.87939453,365.83105,414.70898,0.8432617,324.53467,396.79492,0.86865234,238.7461,397.4961,0.6738281,116.956055,396.1388,0.8222656,97.34375,396.46387,0.7998047,56.40625,391.52344,0.75,19.94217,381.6328,0.45092773,9.888672,379.09766,0.27294922,241.28125,581.66113,0.31225586,211.56104,590.0469,0.5527344,173.9248,596.60596,0.35791016,144.89844,599.9297,0.30273438,37.049805,513.24414,0.20422363
67,405.05664,398.15234,1.0,370.31348,380.93652,0.89746094,371.91492,414.71484,0.8959961,332.79736,396.79492,0.8208008,243.66772,399.2461,0.7451172,120.96289,396.16235,0.8774414,101.92871,397.40723,0.8852539,66.93555,394.09668,0.8066406,32.88672,384.67188,0.5307617,12.005573,378.59082,0.31762695,258.51367,578.6504,0.47875977,217.16406,589.51465,0.47485352,191.2207,596.60596,0.2475586,174.33398,599.9297,0.16845703,37.049805,513.24414,0.25146484
68,411.68164,398.15234,0.9555664,375.46875,381.44434,0.88134766,377.79492,414.98047,0.8183594,337.51758,396.79492,0.7998047,245.42578,399.49023,0.8173828,126.66016,397.16797,0.78027344,109.87891,397.96973,0.77197266,73.61719,395.1289,0.79003906,42.07715,385.3828,0.56396484,13.713867,378.59082,0.40771484,290.86328,581.66113,0.48486328,231.27734,590.0469,0.48706055,197.8711,598.41016,0.32617188,188.00006,599.9297,0.5473633,38.341797,513.24414,0.37060547
69,418.30957,398.25195,1.0,382.58984,381.4668,0.83984375,383.34375,414.98047,0.88671875,344.5332,397.417,0.8491211,253.55371,399.2461,0.7441406,130.90918,397.70996,0.8881836,113.541016,398.26172,0.8442383,79.71484,395.66138,0.86621094,47.45703,388.4629,0.55810547,23.464844,377.8203,0.43945312,290.86328,581.66113,0.60498047,236.43945,597.43066,0.734375,191.2207,598.41016,0.56347656,174.33398,598.37305,0.46191406,104.45117,600.5664,0.20361328
70,422.89453,398.47656,0.9501953,388.18518,381.4668,0.90771484,389.8037,414.98047,0.89453125,351.1621,397.417,0.8300781,263.9922,399.1836,0.70410156,136.39453,397.98047,0.7783203,118.66992,398.35547,0.9169922,87.86133,395.7202,0.87109375,57.34375,388.4629,0.6621094,25.851562,376.8047,0.54833984,300.09088,581.7168,0.52490234,260.18103,590.6738,0.6894531,230.46094,597.1846,0.5498047,144.89844,590.4785,0.64453125,104.45117,600.5664,0.23083496
71,429.10742,398.47656,0.9741211,394.37598,381.93066,0.91503906,396.1665,415.31445,0.8388672,354.7959,397.46582,0.85595703,268.84863,399.1836,0.69189453,144.16406,398.7168,0.8408203,126.13867,399.64453,0.81689453,91.9624,396.44336,0.89501953,62.648438,388.50488,0.6591797,32.01172,376.5664,0.58984375,300.09088,581.7168,0.58447266,260.18103,590.6738,0.52734375,230.46094,593.77734,0.26391602,125.16797,598.37305,0.45117188,34.64453,583.59375,0.17919922
72,435.6455,398.25195,1.0,400.62305,382.2754,0.8339844,403.0127,415.31445,0.8544922,363.23584,397.52246,0.8413086,272.18555,398.81445,0.7631836,150.73438,399.58984,0.8647461,131.64282,400.82227,0.87597656,96.28906,396.80518,0.9169922,66.40332,389.38965,0.74121094,34.411133,375.93555,0.6435547,285.44922,581.7168,0.37548828,236.43945,590.6738,0.36010742,135.39844,597.1846,0.17443848,124.970215,602.01465,0.15917969,30.449219,583.59375,0.15795898
73,440.28516,398.25195,0.9428711,404.9419,382.35938,0.9082031,408.08984,415.80078,0.88183594,367.15625,397.8711,0.8017578,278.66797,398.26562,0.7475586,153.78906,400.70117,0.89697266,136.2461,401.29883,0.9003906,102.38086,398.29297,0.9536133,73.01172,389.63867,0.7080078,42.97461,375.6543,0.72802734,34.180664,369.66016,0.3461914,236.43945,584.1504,0.26391602,135.39844,590.16016,0.114868164,53.81543,611.0303,0.29833984,30.449219,519.6328,0.5307617
74,445.32227,398.91602,0.98828125,411.0244,382.56836,0.92333984,413.03516,416.11523,0.8745117,372.82373,398.5371,0.86816406,283.312,397.91113,0.71435547,157.20898,400.79102,0.85302734,141.23242,402.53613,0.90722656,104.51367,399.71094,0.8676758,76.808105,390.78516,0.7207031,45.12793,375.6543,0.7036133,34.180664,367.02344,0.34545898,311.64062,582.9863,0.28564453,290.14062,590.81445,0.22070312,53.81543,611.0303,0.27514648,30.449219,519.6328,0.6381836
75,450.9834,398.95898,0.9970703,416.9746,383.2168,0.8618164,418.5166,416.11914,0.8754883,378.57812,398.70117,0.8017578,289.4961,397.91113,0.73583984,163.01367,400.85742,0.80029297,147.3247,402.63184,0.9277344,110.27734,402.15527,0.9116211,81.69922,394.64258,0.6738281,46.69336,375.93555,0.6591797,34.180664,367.02344,0.39135742,22.152344,363.46094,0.3881836,69.46582,590.16016,0.56689453,53.81543,611.0303,0.6015625,35.9494,519.6328,0.4140625
76,455.16016,399.15625,0.94433594,421.2119,383.23438,0.9477539,423.04297,416.11914,0.8823242,382.01562,398.70117,0.76416016,294.08203,397.91113,0.7705078,166.17188,402.16797,0.8261719,151.56445,403.66382,0.85302734,115.57886,404.5752,0.96191406,86.234375,396.09186,0.6738281,56.54883,384.05078,0.64697266,34.7041,367.02344,0.3786621,22.152344,362.1377,0.43115234,69.46582,590.16016,0.6328125,61.195312,598.7461,0.66796875,42.69043,523.82446,0.6147461
77,460.52002,399.18164,0.9716797,426.7412,383.79297,0.9033203,428.00818,416.41016,0.80810547,387.3755,399.2422,0.8183594,300.2202,398.56445,0.64404297,172.73242,402.16797,0.89404297,157.32324,404.0414,0.9038086,119.19922,406.56055,0.8652344,88.33789,400.72266,0.77197266,57.66992,385.99805,0.734375,38.71875,372.0009,0.4428711,27.506836,366.1172,0.32348633,341.83105,580.7241,0.2915039,63.240234,596.4153,0.49121094,47.81836,524.6382,0.65185547
78,466.11914,399.95312,1.0,431.8711,384.06836,0.8520508,433.58008,416.41016,0.8457031,392.0371,399.95703,0.8203125,301.2002,398.56445,0.62597656,178.50195,402.33203,0.8251953,163.39893,404.0414,0.88720703,125.46094,408.04297,0.7885742,92.578125,403.62598,0.76904297,58.739258,388.78223,0.74072266,41.81836,375.80078,0.49316406,27.506836,366.1172,0.36767578,353.8672,571.64087,0.29711914,326.98633,589.1504,0.48168945,50.054688,528.3418,0.7836914
79,468.70117,399.97656,0.9790039,435.52222,384.5,0.97998047,437.02637,416.41016,0.86621094,396.88525,399.95703,0.8540039,306.18164,398.56445,0.6298828,180.70605,402.33203,0.84814453,167.19727,404.0414,0.7631836,136.39258,410.6123,0.76464844,105.04883,410.25684,0.796875,69.61426,396.3296,0.6767578,45.33203,380.10156,0.5209961,27.506836,366.1172,0.3076172,400.4453,571.64087,0.4284668,373.6416,589.1504,0.64208984,50.054688,528.3418,0.87890625
80,474.60254,400.3379,0.9526367,440.40625,384.83008,0.91845703,443.3203,416.53516,0.81884766,402.6455,400.04297,0.79541016,310.21875,398.56445,0.7973633,187.97084,402.33203,0.89697266,173.87305,403.7627,0.83691406,142.56445,410.70117,0.77197266,111.44531,412.44165,0.85546875,76.770996,403.75024,0.7890625,51.033203,387.3667,0.5776367,37.05664,376.44336,0.3557129,400.4453,571.64087,0.49658203,373.6416,589.1504,0.6713867,60.55957,537.8086,0.83740234
81,478.69922,401.1836,0.96533203,445.41992,384.8789,0.92285156,447.60547,416.89844,0.81933594,407.8711,400.04297,0.86572266,315.36475,398.56445,0.63671875,193.26367,402.2256,0.7861328,178.19727,403.70312,0.9038086,146.47363,410.70117,0.8510742,113.51758,413.19043,0.8964844,78.3457,406.70508,0.72509766,53.94629,393.92578,0.53271484,37.89258,380.05136,0.35546875,400.4453,571.64087,0.43603516,394.09277,589.1504,0.68115234,63.871094,541.72363,0.7182617
82,483.0791,401.61914,0.98876953,450.49414,385.13867,0.94970703,451.7141,416.9004,0.8745117,412.86426,400.04297,0.8671875,326.21094,398.89648,0.6245117,200.23242,402.2256,0.7895508,185.16016,403.02686,0.7294922,154.3418,410.70117,0.76660156,120.015625,413.19043,0.8691406,88.072266,410.26758,0.7495117,62.85547,403.26318,0.65234375,42.146484,388.06055,0.4814453,28.836914,374.51172,0.53125,400.72656,585.8711,0.6171875,68.0211,544.80664,0.46728516
83,487.6582,401.62695,0.90478516,454.3086,385.56445,0.98828125,456.54297,417.1621,0.8574219,415.05273,400.04297,0.79785156,330.3164,399.0371,0.57470703,206.95703,400.4414,0.8232422,190.0664,403.01074,0.82177734,158.46094,410.44727,0.7939453,124.87451,413.19043,0.88671875,92.40625,412.68408,0.77685547,64.80078,406.93945,0.7104492,42.146484,390.33984,0.50390625,27.847778,374.04297,0.5805664,426.85156,585.8711,0.64501953,68.0211,544.80664,0.6040039
84,492.86133,401.62695,0.984375,460.03195,385.6543,0.9379883,460.94824,417.17773,0.92089844,421.26855,399.98828,0.90478516,337.92188,399.06055,0.53027344,214.1914,400.43555,0.73828125,195.75208,402.74414,0.89208984,163.00928,407.97852,0.84716797,132.7085,412.68018,0.95751953,100.34863,414.7793,0.77246094,70.36328,411.22803,0.6972656,42.146484,390.8457,0.57470703,26.949219,374.03516,0.6088867,435.73608,585.8711,0.6411133,68.0211,544.80664,0.6879883
85,499.0205,402.3037,0.93896484,465.7246,385.6543,0.92285156,466.292,417.6172,0.9199219,426.56934,399.98828,0.84814453,342.88867,399.29492,0.5732422,216.88477,399.82422,0.71875,199.09766,402.29688,0.7919922,166.81445,405.80762,0.82177734,139.97714,410.4336,0.83203125,109.04297,414.7793,0.8261719,71.234375,412.7788,0.70410156,40.845703,393.8086,0.62158203,22.69336,374.03516,0.7363281,444.8911,586.0498,0.7104492,418.875,610.77734,0.6796875
86,504.9668,402.3037,0.8881836,470.20312,385.6543,0.9711914,471.27734,417.6172,0.9345703,431.03516,399.98828,0.82421875,354.31055,399.35156,0.60839844,223.83984,399.78125,0.9003906,204.854,401.8203,0.8378906,171.9555,404.84375,0.8432617,144.92969,408.5039,0.81103516,115.821655,414.7793,0.7397461,74.74414,413.5791,0.62890625,40.845703,394.6787,0.6586914,22.69336,374.04297,0.7314453,444.8911,586.0498,0.77783203,419.40723,612.19446,0.70751953
87,509.97656,401.62695,0.94091797,476.16187,385.60156,0.93896484,476.16235,417.17773,0.9692383,437.1621,399.9375,0.8989258,363.51294,399.35156,0.6064453,228.07489,399.69727,0.80371094,208.96289,401.13672,0.8261719,172.45483,403.70166,0.80859375,145.91992,408.35938,0.83496094,119.31641,414.4922,0.74853516,76.16907,416.92773,0.50146484,40.845703,394.6787,0.5341797,22.69336,375.9453,0.6503906,444.8911,586.0498,0.7739258,419.40723,612.19446,0.7758789
88,515.0884,401.36914,0.94433594,482.05762,385.28125,0.9160156,481.6543,417.14258,0.94970703,442.43066,399.6914,0.83935547,367.53906,399.29492,0.5258789,230.71289,399.48438,0.79589844,214.03516,399.5703,0.81347656,179.0127,401.8711,0.8857422,151.46289,406.84766,0.88427734,126.87305,413.98828,0.7763672,93.265625,420.06158,0.68359375,53.91992,409.80078,0.5385742,27.263184,382.06055,0.6723633,28.578613,392.19922,0.7519531,419.40723,612.19446,0.55078125
89,519.19336,401.32227,0.91259766,486.14258,384.79688,0.96533203,486.4746,417.0293,0.9536133,446.53516,399.6914,0.8125,369.9629,399.25,0.6826172,236.28467,398.98438,0.79589844,219.33105,398.4414,0.68066406,184.28125,400.7793,0.7734375,157.27539,405.0791,0.8203125,134.56055,412.57275,0.71728516,106.40039,420.06158,0.6743164,74.11621,421.22852,0.4284668,49.61328,412.4995,0.4819336,28.578613,392.19922,0.6743164,14.59375,369.8203,0.7607422
90,524.05756,400.9707,0.97753906,490.8955,384.79102,0.91552734,490.66797,416.98828,0.8769531,450.8672,399.64844,0.8666992,371.4165,397.96582,0.8046875,243.93103,398.98438,0.86083984,226.46289,398.1875,0.8149414,192.47266,398.35938,0.8408203,165.36914,403.47998,0.85498047,145.35742,409.52148,0.75341797,122.80859,420.06158,0.7636719,109.00781,427.3047,0.3852539,50.365234,418.28516,0.44067383,28.578613,392.19922,0.7314453,14.59375,369.8203,0.75878906
91,530.23047,400.8047,0.9560547,495.63477,383.85547,0.84521484,495.60156,416.82422,0.9291992,456.36523,399.6289,0.85791016,376.1797,397.44727,0.8432617,251.23193,398.98438,0.8588867,231.91016,398.1875,0.8564453,198.49805,397.15625,0.87646484,169.22852,400.79102,0.85009766,147.90424,407.84766,0.8198242,126.390625,418.7627,0.86816406,111.94141,427.63452,0.6098633,69.793945,427.65308,0.45654297,32.8125,398.38672,0.5864258,14.59375,369.8203,0.85498047
92,532.14417,400.8047,0.95654297,499.38232,383.79297,0.9169922,499.57617,416.67188,0.9350586,461.64355,399.52344,0.8496094,376.8672,397.40332,0.8330078,255.8418,399.04297,0.95410156,238.65625,398.1875,0.82666016,203.14258,395.74976,0.9458008,175.07227,397.79297,0.87939453,151.17383,404.55176,0.8071289,132.64355,415.1172,0.80322266,113.177734,427.63452,0.6923828,82.62402,430.10742,0.39208984,34.30078,404.09106,0.62646484,17.875,378.1797,0.8676758
93,537.49805,400.3418,0.921875,503.72266,383.77734,0.87353516,504.33594,416.5586,0.9091797,465.28516,399.15234,0.8227539,380.08813,397.40332,0.90527344,261.7422,399.04297,0.88378906,243.06152,398.43945,0.91259766,208.82422,393.75977,0.92041016,179.22949,394.22168,1.0,153.00586,401.49414,0.81396484,134.6914,412.48022,0.78271484,113.177734,427.3047,0.68847656,84.85449,430.77344,0.4987793,38.939453,409.2832,0.5913086,19.540527,386.41504,0.8144531
94,541.46387,400.2168,0.95458984,508.2627,383.45312,0.8876953,508.44238,416.3418,0.92041016,469.25586,398.8789,0.91552734,385.29297,396.82715,0.7441406,266.09082,399.41406,0.8041992,248.07812,398.5879,0.8330078,214.55078,393.75977,0.890625,184.73633,389.2793,0.9316406,157.02832,397.72266,0.83740234,136.82031,408.9375,0.8076172,113.890625,425.0957,0.7871094,85.42578,430.8086,0.58447266,43.877502,419.12354,0.67871094,19.847534,394.53906,0.8334961
95,547.38135,400.2168,0.98339844,513.3633,383.4043,0.8461914,514.0801,416.3418,0.92529297,473.0664,398.73242,0.87646484,389.15332,396.86768,0.76220703,270.5586,399.6797,0.9082031,254.08398,398.6953,0.8178711,221.16211,393.75977,0.8984375,190.61914,388.31323,0.9165039,159.64453,393.23047,0.84716797,137.19531,404.00266,0.8676758,116.16394,421.40527,0.82373047,89.375,430.8086,0.640625,44.080566,425.1211,0.6357422,20.72168,400.29297,0.83984375
96,550.3672,400.16406,0.9321289,517.3838,383.4043,0.91015625,517.98926,416.3418,0.9370117,479.56445,398.4004,0.8598633,393.27734,397.40332,0.77978516,276.22205,400.0,0.88134766,256.74414,400.82422,0.8852539,224.11523,394.6709,0.80566406,193.4043,388.31323,0.87597656,160.57227,391.28516,0.7788086,139.1997,402.40918,0.7861328,118.18359,419.32227,0.85498047,90.38574,430.8086,0.68603516,46.933594,433.95508,0.66748047,20.95996,408.18164,0.9873047
97,555.9396,400.16406,0.96875,522.81836,383.4043,0.90966797,522.9219,416.3125,0.8642578,483.73755,398.39062,0.87060547,397.50586,397.72656,0.7104492,279.07227,402.0039,0.9511719,260.70947,403.167,0.97509766,230.35547,397.02734,0.91064453,197.80664,388.31323,0.8857422,166.83008,387.88336,0.8691406,143.10938,395.37354,0.7524414,118.583984,409.6953,0.6538086,94.00195,420.6001,0.6357422,74.73926,436.8125,0.46972656,21.592773,415.38672,0.75634766
98,562.4219,400.2168,0.99121094,528.5254,383.29297,0.8120117,528.0547,416.3125,0.92285156,488.53516,398.31836,0.86328125,403.53125,397.72656,0.72509766,284.62256,402.56543,0.96875,264.7539,405.5752,0.8510742,231.06055,401.0664,0.9301758,201.9043,390.16797,0.84033203,170.91797,387.88336,0.79003906,143.10938,392.85156,0.6508789,118.583984,404.1214,0.52685547,94.00195,419.58838,0.48413086,96.78516,587.1797,0.7685547,71.63281,594.8789,0.46899414
99,566.0664,400.2168,0.9580078,532.5791,383.23047,0.9067383,533.1201,416.3125,0.92626953,494.76953,398.27734,0.85009766,411.9563,397.72656,0.6166992,286.80078,404.4309,0.87353516,268.53906,407.4414,0.8457031,235.7185,404.3374,1.0,206.10352,394.01855,0.85253906,173.68457,387.88336,0.8676758,143.24219,391.33594,0.74853516,118.583984,402.1963,0.70751953,94.00195,417.8203,0.64404297,96.78516,587.1797,0.6254883,71.63281,594.8789,0.5292969
100,571.6382,399.95312,0.95214844,538.63477,382.9121,0.92041016,538.8281,416.3125,0.86279297,500.03867,398.27734,0.8535156,416.65234,397.72656,0.71240234,288.01953,406.6289,0.8383789,272.9336,409.15234,0.8671875,239.68555,408.23828,0.94384766,210.4834,397.6338,0.86376953,177.26562,388.214,0.86865234,143.9375,389.6582,0.6879883,114.22949,400.8789,0.6738281,83.54883,417.68945,0.70751953,96.78516,587.1797,0.53466797,82.13379,602.71094,0.31811523
101,578.1709,400.2168,0.9868164,544.2246,382.9121,0.8413086,544.1289,416.4453,0.92285156,504.55273,398.31836,0.86035156,424.78906,397.49023,0.80126953,292.50098,407.27344,0.85595703,277.0791,409.2168,0.8330078,241.90039,411.25244,0.9086914,211.33057,401.79492,0.8730469,179.28125,389.53613,0.83740234,144.57812,387.08643,0.6816406,113.4707,396.10602,0.66845703,79.3457,416.43555,0.7788086,57.085938,430.64258,0.8041992,82.234375,602.71094,0.42651367
102,582.2656,400.2168,0.9736328,548.9492,382.9121,0.9169922,549.626,416.61523,0.9248047,510.23438,398.7422,0.81884766,425.14844,397.49023,0.7133789,298.55078,407.90234,0.8413086,282.2539,409.9746,0.75,246.36133,413.08496,0.9243164,212.51562,403.89325,0.8544922,180.60645,390.6172,0.7988281,145.83203,385.51172,0.7001953,113.4707,390.57812,0.7285156,79.3457,411.77686,0.7290039,57.085938,430.64258,0.7363281,84.89844,604.3916,0.55859375
103,587.7405,400.28125,0.98095703,554.7666,383.44727,0.88720703,554.95703,417.10547,0.8691406,514.5332,399.20703,0.8198242,427.30615,397.49023,0.77197266,302.7832,409.49414,0.75927734,287.23242,410.81055,0.8388672,248.89453,414.70117,0.8364258,217.08008,406.87305,0.7988281,187.81238,393.34375,0.7163086,149.43848,385.24023,0.61865234,113.06055,386.60742,0.66259766,79.18555,411.77686,0.6635742,57.085938,430.64258,0.6665039,89.19141,613.4707,0.54296875
104,593.86523,400.375,1.0,559.541,383.65625,0.8510742,560.2578,417.66992,0.9042969,519.3711,399.60547,0.8486328,439.66797,398.10547,0.76464844,307.63623,410.33203,0.77246094,291.5227,412.7876,0.9003906,254.15234,418.00195,0.85498047,220.23767,410.12305,0.85546875,193.04297,396.72705,0.74316406,156.65967,385.24023,0.7104492,113.4707,386.2256,0.7207031,79.18555,409.91406,0.6982422,87.14258,428.4558,0.66259766,89.19141,613.4707,0.71728516
105,597.25,400.4668,1.0,563.66235,384.44336,0.9267578,564.69824,417.89258,0.94677734,523.8745,400.49414,0.8564453,443.15967,398.83984,0.8486328,309.9121,410.33203,0.7631836,295.5332,412.86182,0.828125,257.6328,420.03976,0.89208984,225.25977,413.17773,0.83496094,195.89752,399.0703,0.7988281,165.46289,385.24023,0.64697266,129.48828,382.1211,0.5175781,100.55957,386.98828,0.51464844,92.465576,428.14758,0.50097656,89.19141,613.4707,0.69873047
106,602.4453,401.5254,1.0,569.1875,384.99023,0.91308594,569.3906,418.1211,0.9165039,529.666,400.7754,0.875,446.60352,399.0664,0.8022461,312.71094,411.0747,0.7324219,299.58374,413.11035,0.80371094,262.08984,421.38672,0.8666992,229.26562,415.9336,0.7597656,199.96094,402.6748,0.85595703,175.4668,388.98193,0.7949219,146.47168,382.1211,0.6542969,116.561035,373.18652,0.67529297,101.77051,382.9922,0.70947266,68.961426,410.9541,0.8588867
107,606.96875,402.3496,0.99658203,573.93555,385.58594,0.890625,574.60156,418.92188,0.97509766,534.24805,401.35156,0.8588867,454.27734,399.81836,0.859375,318.4629,411.0747,0.7397461,305.40234,413.1377,0.7373047,272.10352,422.57812,0.8466797,240.5625,421.8877,0.89746094,208.50781,408.64453,0.734375,184.9414,396.8838,0.7553711,157.66602,386.60742,0.69091797,124.635254,373.18652,0.6796875,101.77051,376.13672,0.6879883,68.961426,400.1504,0.82177734
108,611.042,403.03662,1.0,578.10156,386.02734,0.93310547,578.6865,419.09912,0.9477539,536.69727,401.60742,0.9038086,456.53516,399.81836,0.8417969,322.1709,410.1709,0.65234375,309.44434,412.86182,0.73583984,280.14844,423.0547,0.80126953,251.87463,426.1211,0.89208984,218.03125,417.48633,0.7988281,192.25977,403.73755,0.84814453,167.18164,386.8369,0.72216797,132.36816,373.18652,0.70947266,101.77051,369.8125,0.74365234,68.961426,388.53223,0.8198242
109,615.3379,403.0669,1.0,582.6367,386.76855,0.9458008,583.4492,419.74902,0.98583984,542.0879,401.60938,0.8173828,459.71802,400.17188,0.9267578,326.5547,406.91406,0.77001953,313.85938,412.8706,0.81591797,283.7611,424.05078,0.77978516,254.15039,427.48877,0.8408203,219.0249,421.8086,0.81396484,194.15332,408.0078,0.8569336,172.46045,392.1289,0.78515625,141.1582,374.7246,0.7338867,108.36035,367.69336,0.74853516,74.458984,378.48926,0.8881836
110,620.16406,403.71875,1.0,587.2134,386.98047,0.9399414,587.4375,420.5752,0.96435547,547.11426,402.3994,0.88964844,465.91602,400.17188,0.89453125,336.23828,405.31738,0.8857422,320.27734,412.8706,0.82714844,292.12708,424.05078,0.86083984,260.6621,429.83105,0.89453125,226.53418,427.37695,0.8955078,198.38281,415.90625,0.87353516,177.5625,399.08594,0.8442383,155.88116,379.1748,0.74609375,122.015625,367.69336,0.7324219,79.640625,370.5166,0.8417969
111,625.3828,403.78088,1.0,592.0801,387.31104,0.87841797,592.2656,420.65576,0.96484375,551.15234,402.583,0.85253906,471.75,399.5957,0.8754883,342.7129,404.19177,0.91308594,323.85754,412.8413,0.9428711,295.15625,424.05078,0.83496094,266.4336,429.83105,0.85302734,231.99219,432.29688,0.8178711,205.15039,423.70703,0.9243164,183.80078,406.58008,0.8623047,163.87823,385.93555,0.82177734,132.98926,367.69336,0.8383789,86.79883,370.5166,0.8544922
112,629.8623,404.49,1.0,596.4817,387.70874,0.9589844,597.2168,420.92676,0.9892578,556.16284,402.79883,0.8486328,476.5586,399.5957,0.9394531,352.96875,403.80298,0.8540039,331.47705,409.96875,0.75927734,302.0371,423.2129,0.84814453,273.05664,430.10156,0.875,238.76562,435.23047,0.89697266,210.7832,429.0371,0.9277344,185.33789,412.80664,0.7895508,166.66602,392.61523,0.8144531,145.0918,372.58643,0.94433594,97.27344,363.66577,0.4555664
113,635.3701,405.60645,0.98291016,601.30664,388.13135,0.8989258,600.91016,421.53027,0.96191406,560.30664,403.2412,0.8520508,481.875,399.88672,0.8461914,356.7085,402.0996,0.7709961,334.86328,408.77148,0.7709961,307.83667,420.64746,0.8071289,278.35156,430.10156,0.84716797,245.29883,435.7036,0.7915039,212.2207,432.28906,0.8251953,188.65381,414.29297,0.74365234,168.94336,394.3828,0.8027344,150.14258,376.1172,0.9506836,102.83594,362.64648,0.6816406
114,640.1211,405.84473,0.99316406,606.4922,388.4829,0.90722656,605.5449,421.58984,1.0,564.9917,403.41992,0.9082031,489.73438,399.14453,0.88671875,364.69727,401.24414,0.94677734,340.7837,406.11133,0.8720703,308.75928,419.29834,0.86865234,282.92188,429.6162,0.9355469,249.59961,435.7036,0.8701172,216.13672,435.49658,0.8041992,188.80371,420.3662,0.73535156,170.41016,397.00684,0.734375,151.16797,376.98828,0.93603516,116.473145,362.64648,0.8251953
115,644.4407,406.0586,1.0,611.10205,388.70996,0.9482422,611.1743,422.0,0.9663086,569.459,403.48145,0.85595703,494.0078,399.08203,0.92822266,371.10303,400.06055,0.8129883,349.23242,404.24036,0.8354492,315.36084,413.75195,0.87060547,288.5,425.1914,0.8129883,258.5752,435.7036,0.8251953,224.43945,440.83203,0.65625,193.38867,427.042,0.6020508,171.95013,402.68164,0.7163086,151.6211,377.82422,0.86035156,133.84277,366.32617,0.80908203
116,650.6846,406.53516,0.98339844,616.541,388.80225,0.8886719,615.91406,422.12695,0.99072266,575.09766,403.48145,0.8066406,497.60352,399.75,0.8886719,372.63135,400.06055,0.78466797,351.35547,403.71484,0.8071289,320.32422,412.1242,0.8378906,293.22852,423.7422,0.8876953,268.1377,436.3994,0.8496094,236.6836,443.0,0.63916016,199.89453,435.5122,0.5966797,174.8164,410.21094,0.65185547,159.7539,385.5879,0.8745117,133.84277,366.32617,0.8208008
117,655.8008,406.63672,0.99072266,622.06055,389.06152,0.9111328,621.01465,422.1953,1.0,575.09766,403.48193,0.8925781,501.4043,399.05664,0.8959961,376.67578,400.0547,0.8618164,356.2505,403.0918,0.9165039,324.2832,410.21484,0.8339844,296.40625,422.67578,0.86083984,271.03125,436.3994,0.75146484,242.72461,447.23438,0.7626953,208.29688,442.87793,0.64208984,180.79248,423.81055,0.6484375,165.59473,394.2627,0.81884766,142.9336,372.08173,0.9375
118,660.65674,406.63672,1.0,627.1538,389.35156,0.94384766,627.40674,422.23047,0.9663086,579.41895,403.48193,0.8144531,505.51758,398.89844,0.93847656,381.63965,398.79688,0.98779297,360.0996,402.83984,0.85253906,327.73242,409.41602,0.8203125,300.51123,422.58594,0.77246094,273.5703,434.81152,0.70996094,253.01172,448.42383,0.59228516,208.83984,446.64648,0.5288086,189.04297,436.15735,0.63720703,167.7539,404.02002,0.83740234,150.3086,378.6289,0.9423828
119,666.8379,406.53516,0.9892578,632.0664,389.35156,0.90722656,631.9961,422.23047,1.0,583.2344,403.208,0.86865234,506.2246,398.79883,0.9614258,384.6328,398.83398,0.83691406,363.34375,402.26367,0.85302734,330.16406,407.63477,0.84277344,304.7793,422.52148,0.79785156,276.73877,434.81152,0.5258789,259.1875,450.99805,0.5732422,220.97852,455.9922,0.4423828,192.39844,444.21106,0.62158203,170.56152,413.34375,0.7583008,159.6836,386.0078,0.92089844
120,670.66797,406.49805,0.9448242,637.1113,388.80225,0.93652344,636.56055,422.1953,1.0,594.3174,402.82812,0.86035156,511.0879,398.92578,0.8618164,392.125,398.61133,0.77734375,366.51562,399.70117,0.8359375,335.83984,403.8684,0.8066406,313.50586,414.5039,0.7919922,290.27637,432.40234,0.71435547,264.73047,453.64844,0.81103516,228.80078,462.76562,0.6464844,198.85742,453.5,0.7763672,177.39648,425.39453,0.77441406,162.9668,396.18372,0.9482422
121,675.0996,405.32812,1.0,641.5176,388.70996,0.8964844,641.2988,421.89258,0.9370117,596.55225,402.5459,0.87841797,517.98535,398.5996,0.87939453,394.1963,397.88574,0.81396484,371.33252,399.07617,0.86816406,341.2744,400.01172,0.82177734,317.47656,408.77148,0.81347656,295.9297,425.32422,0.6645508,272.3457,453.64844,0.8378906,239.48242,469.90332,0.6826172,206.89453,460.97314,0.7084961,180.81201,436.5796,0.9316406,168.43945,409.35547,0.8989258
122,679.3301,405.32812,0.99853516,645.2842,388.49902,0.9375,645.7031,421.8711,0.98876953,603.09375,402.27148,0.8300781,521.02734,398.5332,0.9082031,394.99805,396.46826,0.90283203,372.2744,397.2959,0.9633789,342.8379,396.917,0.8544922,317.7793,406.26758,0.84814453,296.39844,424.20703,0.7167969,274.18457,453.64844,0.7553711,249.80664,469.90332,0.76123047,213.21777,471.39258,0.7236328,187.89325,449.7793,0.8852539,172.41504,423.67188,0.89404297
123,684.4387,405.21875,1.0,649.6582,388.46533,0.91259766,649.71875,421.6543,0.9580078,607.01953,402.2207,0.84716797,523.5205,398.5332,0.9116211,395.47607,396.3484,0.859375,374.45703,395.7516,0.97314453,344.06055,394.14648,0.8935547,318.97656,402.41113,0.8129883,297.28906,420.19446,0.7548828,279.71484,445.36523,0.7783203,258.50977,469.90332,0.79052734,222.96289,472.26953,0.75634766,198.1582,464.3457,0.88671875,172.41504,437.9873,0.79345703
124,688.4336,405.15918,1.0,654.8457,388.30933,0.9091797,654.39844,421.56152,0.9873047,607.01953,402.2207,0.8823242,529.8574,398.27148,0.8623047,399.81055,396.3484,0.8173828,379.43115,395.18115,0.91503906,347.67065,392.61328,0.9003906,323.36133,397.14258,1.0,302.4043,408.52344,0.7919922,285.16016,429.13574,0.82958984,273.21484,453.76074,0.87109375,258.0254,472.26953,0.73291016,232.76172,483.23193,0.82128906,174.71875,466.78027,0.6772461
125,692.3943,404.4336,1.0,658.24414,387.7605,0.9506836,659.041,421.0713,0.9560547,611.3999,402.5459,0.82666016,535.6289,398.20898,0.8095703,403.05615,396.3484,0.86035156,384.6211,395.18115,0.81347656,353.4336,390.91602,0.91064453,327.08984,392.82812,0.9404297,302.48047,404.23596,0.86376953,285.16016,425.88672,0.85058594,273.21484,450.45312,0.8676758,258.0254,472.26953,0.79345703,234.90039,484.37524,0.8051758,185.68164,476.93555,0.6201172
126,697.34375,404.26538,1.0,662.5625,387.7605,0.94189453,663.1953,420.80225,0.9897461,615.0781,402.47656,0.8183594,535.9922,398.20898,0.78466797,408.21484,396.41553,0.7529297,388.60742,395.18115,0.85595703,358.85547,390.91602,0.8754883,332.61963,388.0169,0.9169922,304.33203,399.96484,0.85302734,285.58105,420.3274,0.87402344,273.21484,446.89062,0.7910156,258.15332,471.05078,0.7963867,236.83643,484.37524,0.7998047,192.03711,486.72656,0.8486328
127,701.18555,404.01324,1.0,667.2925,387.70483,0.9350586,667.7871,420.72607,0.99072266,625.375,402.47656,0.859375,540.5088,398.20898,0.7348633,412.27124,397.77734,0.75683594,394.3379,396.27026,0.75097656,362.29785,390.91602,0.78759766,335.58203,388.0169,0.8588867,304.57812,395.74854,0.8847656,285.58105,416.92773,0.91015625,272.6621,443.68652,0.7734375,258.0254,466.64258,0.7758789,236.83643,484.37524,0.8613281,192.03711,497.97656,0.8417969
128,705.66016,403.687,1.0,672.2461,387.70483,0.8618164,672.5332,420.37378,0.9458008,629.3955,402.47656,0.84472656,548.99805,398.29492,0.8544922,417.5879,399.54492,0.77685547,399.88867,400.5996,0.8066406,366.875,392.04688,0.8017578,337.7129,388.0169,0.85058594,308.81396,390.91797,0.72509766,286.375,407.89648,0.6748047,270.83594,434.4414,0.65966797,257.5879,458.64062,0.6435547,238.30469,482.88574,0.78515625,196.1908,495.71875,0.7368164
129,709.875,403.4707,1.0,676.4087,387.37598,0.9711914,677.6719,420.0573,0.99609375,636.0963,402.14258,0.82666016,549.9375,398.6172,0.8100586,424.35352,401.4707,0.8178711,404.75098,403.29688,0.8701172,368.82812,395.7495,0.8496094,339.4082,388.31982,0.8330078,315.1543,388.69434,0.63134766,289.69922,400.27148,0.53759766,269.7627,430.73828,0.51123047,253.75586,457.40234,0.6489258,238.30469,480.85938,0.7548828,203.10254,495.71875,0.91796875
130,715.667,403.17822,1.0,681.7617,387.3379,0.9375,682.24316,420.03256,0.9614258,640.41406,402.05957,0.84375,553.08594,398.6504,0.7714844,431.07617,404.0249,0.9746094,410.67285,405.9209,0.7758789,378.44238,400.55664,0.8798828,347.08105,390.3164,0.82373047,315.4961,387.90375,0.8745117,290.19336,399.05078,0.7158203,268.2406,422.8047,0.68896484,250.73633,446.76562,0.7714844,237.77246,473.0039,0.83203125,214.99219,495.71875,0.7783203
131,721.67773,402.89746,1.0,687.9414,386.875,0.8671875,688.0547,420.0573,0.97509766,645.1035,402.05957,0.82373047,558.3281,398.6504,0.703125,436.99463,405.0586,0.84277344,416.61328,406.22266,0.81591797,383.88086,402.73145,0.8886719,354.07715,393.125,0.8886719,321.85547,386.48535,0.92578125,290.26074,393.02344,0.67529297,268.2406,412.3789,0.7397461,250.63281,437.7832,0.6645508,237.57324,467.7804,0.8540039,220.75049,494.85742,0.8730469
132,726.4336,402.89746,1.0,692.5664,386.875,0.9848633,693.70703,420.28638,0.98828125,650.8115,402.14258,0.78759766,564.2715,399.12305,0.76708984,443.06592,405.56348,0.8642578,420.30786,407.53516,0.8852539,386.18848,404.52295,0.9379883,356.10736,394.59375,0.9277344,324.583,386.48535,0.9482422,292.2223,389.32324,0.7104492,268.2406,405.0205,0.70166016,250.63281,431.86328,0.6357422,237.57324,462.35938,0.7373047,227.16016,488.64062,0.78759766
133,731.39844,402.82227,1.0,697.3828,386.72168,0.9296875,698.0664,420.2539,0.9428711,656.27734,402.45898,0.8540039,568.0742,399.39844,0.7651367,445.79004,407.02734,0.7597656,423.70703,408.83008,0.8144531,390.60938,406.89648,0.92822266,360.79297,396.38086,0.82421875,330.73242,386.48535,0.8330078,302.59375,384.36328,0.7207031,274.32812,394.30566,0.77001953,250.24023,414.4922,0.6401367,237.44531,441.95508,0.64697266,231.48633,478.50586,0.7158203
134,737.1133,402.82227,1.0,702.9199,386.72168,0.8745117,703.4297,420.28638,0.9941406,659.01074,402.53906,0.84814453,568.5781,399.4297,0.6699219,446.68555,409.20508,0.765625,429.44238,411.08838,0.7939453,395.6421,409.15625,0.8720703,366.61133,398.61914,0.78466797,337.14062,387.25977,0.89501953,308.1537,382.82422,0.7055664,277.52832,385.87695,0.80859375,250.63281,402.79785,0.7338867,236.11444,429.8164,0.72802734,231.875,465.56445,0.6699219
135,741.0166,402.89746,1.0,707.0049,386.8838,0.97753906,708.1354,420.4336,0.9765625,665.2168,402.74316,0.79589844,581.06836,400.35547,0.8256836,448.66797,411.28076,0.8417969,434.00977,412.9004,0.81640625,399.34375,411.87903,0.8598633,370.86426,403.7694,0.8671875,346.40332,390.53516,0.7910156,320.0996,382.82422,0.68115234,284.83203,380.26636,0.6791992,250.66406,394.8213,0.66064453,236.11444,417.12305,0.7426758,231.875,465.56445,0.640625
136,745.71094,402.99512,1.0,711.00977,387.3047,0.94628906,712.03125,420.63135,0.96191406,669.0674,403.2334,0.7841797,584.9922,400.4336,0.76953125,453.58594,411.859,0.83447266,438.55273,414.5996,0.8105469,403.99252,414.97656,0.8564453,372.96582,407.1543,0.82958984,347.30176,393.98047,0.8388672,325.27148,382.82422,0.703125,289.5664,375.83203,0.69677734,250.66406,394.8213,0.61376953,235.09521,417.12305,0.75878906,231.875,465.56445,0.5810547
137,749.8877,404.12952,1.0,715.8706,387.51978,0.9326172,716.5654,421.42676,0.9902344,673.7363,404.15784,0.87060547,586.28613,400.4336,0.7446289,461.4756,411.859,0.8520508,445.0254,414.78906,0.66845703,408.66406,419.1377,0.79248047,376.23828,411.75098,0.8261719,349.47656,398.22852,0.85546875,329.0371,384.5,0.69873047,296.05078,373.9922,0.6616211,258.43066,382.36523,0.609375,236.11444,404.9458,0.59375,223.67188,450.62598,0.66015625
138,754.38574,404.32227,1.0,720.3457,387.87048,0.8691406,721.0996,421.6211,0.97265625,677.08594,404.18115,0.87353516,593.58203,401.13867,0.7895508,463.8047,411.859,0.8256836,448.91797,414.78906,0.7368164,413.48438,421.20117,0.7973633,381.0625,416.2422,0.8588867,352.80078,402.5293,0.8173828,331.57837,387.66113,0.8354492,301.72363,373.9922,0.7236328,259.8214,377.33984,0.5888672,237.12012,393.3711,0.6972656,223.67188,436.9502,0.7470703
139,758.37695,404.6587,1.0,724.1077,388.47095,0.93359375,725.5449,421.792,1.0,683.0244,404.37842,0.8261719,598.41406,401.25195,0.7910156,468.72852,411.71973,0.81591797,452.95605,414.78906,0.8540039,420.7622,421.95996,0.7915039,389.00586,421.25684,0.85498047,357.5703,409.6543,0.765625,337.6172,394.85938,0.69189453,304.42188,373.9922,0.515625,261.94824,373.81934,0.37426758,237.51562,379.0205,0.5317383,223.67188,402.2461,0.2836914
140,763.709,405.1211,1.0,729.041,388.47095,0.89208984,729.666,422.23633,0.96875,687.0625,404.18115,0.8334961,602.7637,401.19727,0.82421875,476.31494,410.04492,0.8540039,459.34912,413.86816,0.78564453,429.73145,421.95996,0.76171875,398.53906,424.7422,0.8198242,369.50195,421.37988,0.8330078,347.32275,408.45312,0.75878906,328.43164,392.45312,0.6435547,308.73438,373.81934,0.6323242,282.11328,362.94727,0.6074219,245.31836,362.2207,0.29907227
141,768.46484,405.14355,1.0,733.99023,388.7202,0.87597656,733.83984,422.23633,1.0,690.27246,404.18115,0.87890625,608.4824,401.25195,0.75097656,481.84375,407.17578,0.77783203,464.9082,412.31226,0.72802734,437.55176,421.95996,0.74072266,410.68555,426.87305,0.7973633,376.53516,425.47656,0.6767578,351.83203,417.03125,0.7470703,330.54004,395.30518,0.7446289,310.7207,373.81934,0.73339844,283.28564,360.23828,0.8334961,246.69727,358.0547,0.5649414
142,772.60596,405.4922,1.0,738.1875,388.8628,0.90283203,739.2002,422.2461,0.96533203,693.625,404.38232,0.8515625,613.4541,401.25195,0.8105469,486.35352,404.3567,0.7944336,467.61108,411.54614,0.89160156,443.25293,421.94043,0.7524414,418.16895,426.87305,0.8666992,384.63867,431.11328,0.74609375,354.09082,419.9614,0.76416016,333.53418,401.96875,0.76953125,310.80273,374.2539,0.75,291.54492,360.23828,0.8574219,258.77344,357.73242,0.78564453
143,778.1338,405.8838,1.0,742.5039,388.7202,0.9008789,743.41797,422.5332,1.0,700.84863,403.88135,0.83251953,617.5703,401.19727,0.8144531,490.41797,404.29492,0.7841797,470.82422,410.73145,0.8535156,447.7246,420.66797,0.7402344,422.76367,426.87305,0.87060547,392.28125,433.51562,0.8222656,358.22656,425.01562,0.71484375,333.97852,406.5332,0.7451172,315.17676,380.78125,0.7988281,295.9746,360.23828,0.96875,260.48608,347.51172,0.85595703
144,781.8447,406.28125,0.98779297,747.64014,388.7202,0.91503906,747.44385,422.26758,1.0,705.80273,403.6621,0.8647461,625.0996,401.16797,0.7866211,493.34277,403.06494,0.9472656,477.7959,407.34375,0.8515625,452.14502,418.37695,0.80859375,428.896,425.39453,0.8330078,399.76562,433.51562,0.77978516,363.99588,431.96094,0.6953125,338.77148,417.38086,0.64160156,317.08496,389.1621,0.7602539,300.60156,362.6494,0.87890625,265.93945,344.42578,0.82128906
145,786.2363,406.2832,1.0,752.37695,388.87158,0.8540039,752.5039,422.66992,0.9501953,709.16406,403.6621,0.8569336,632.5586,400.11328,0.76416016,496.47266,402.38184,0.7597656,481.03125,406.5703,0.8989258,453.33496,416.92578,0.7832031,429.9502,425.32422,0.8671875,400.2422,433.51562,0.7871094,365.03516,434.54785,0.75927734,340.26465,418.98828,0.5678711,319.20312,389.9121,0.71484375,302.3047,363.82825,0.8803711,276.8921,344.42578,0.6875
146,790.834,406.2832,1.0,756.812,388.87158,0.9165039,757.3965,422.66992,0.98876953,715.1333,404.16406,0.81152344,637.4824,400.0078,0.71875,502.35547,400.7422,0.76708984,486.25977,404.63135,0.8833008,459.89154,413.09277,0.7919922,433.1836,424.73047,0.80029297,405.29492,433.23438,0.8100586,371.45898,439.5918,0.7006836,342.11523,426.04297,0.53271484,321.81836,397.80762,0.59375,306.14258,367.35156,0.9472656,284.16614,344.42578,0.8300781
147,796.3938,406.2832,0.9946289,762.6162,388.85498,0.9135742,762.22266,422.6328,0.9785156,720.11523,403.6621,0.8569336,642.38574,399.92578,0.6538086,508.12695,398.54492,0.8955078,493.11816,402.7168,0.8769531,464.66992,409.92578,0.75146484,438.99805,420.68652,0.8588867,414.2168,430.82812,0.7470703,384.6211,441.6797,0.7285156,349.65625,436.44702,0.5810547,326.3086,412.3567,0.5834961,309.5547,377.3828,0.8432617,291.03467,348.70312,0.9345703
148,801.93945,406.2832,1.0,768.08594,388.87158,0.8491211,768.1289,422.6328,0.98046875,724.8159,404.16406,0.8823242,648.58984,399.92578,0.71484375,511.45898,397.73438,0.9042969,496.36328,400.4297,0.8046875,467.4663,406.56055,0.79785156,442.4043,417.27148,0.8076172,419.4126,428.36084,0.78271484,389.25684,441.9043,0.70410156,363.74194,443.97833,0.59033203,332.62842,425.54883,0.6123047,311.28125,387.354,0.8496094,299.8933,359.39258,0.9711914
149,806.709,406.17773,1.0,772.51953,388.85498,0.92285156,773.16797,422.6328,1.0,730.3613,404.16406,0.79345703,653.5625,399.92578,0.7475586,515.5254,396.80225,0.8808594,501.88086,398.20312,0.79345703,470.17383,404.22205,0.8149414,445.17383,414.20312,0.8383789,420.74756,428.17236,0.7392578,394.22852,443.26758,0.63623047,365.85352,448.03125,0.68408203,336.13867,434.3086,0.6333008,312.51367,397.82324,0.7416992,303.86133,366.64062,0.9707031
150,812.3777,405.9746,0.9873047,777.91797,388.5371,0.9042969,777.9707,422.3457,0.96533203,735.33594,403.97156,0.8417969,656.9512,399.92578,0.80908203,518.70703,396.65088,0.8769531,504.60938,397.51953,0.7753906,471.07422,402.42773,0.7265625,447.38672,411.8291,0.7890625,423.14258,427.9683,0.7182617,400.14258,443.61304,0.74853516,371.92072,453.8916,0.68359375,337.98438,441.9707,0.76904297,314.64258,407.45117,0.7529297,306.11816,377.98438,0.85791016
151,816.8633,405.52637,1.0,783.1992,388.5371,0.88671875,782.75586,422.12305,0.9970703,740.32886,403.43115,0.87939453,660.47534,399.73242,0.8598633,523.39307,395.08838,0.7910156,511.20312,395.78955,0.71777344,475.18945,398.7461,0.74609375,448.08594,409.64062,0.7758789,424.3418,426.56445,0.70947266,402.01953,443.61304,0.7451172,374.25586,457.85938,0.6953125,337.9922,447.72852,0.7705078,314.95117,420.08734,0.7993164,307.1167,392.20703,0.8959961
152,820.7822,404.45215,1.0,786.9336,387.62598,0.94970703,787.7765,421.51465,0.9501953,744.18164,403.23535,0.8413086,662.81445,399.63867,0.8364258,529.71484,394.9004,0.8178711,514.4326,394.55176,0.81103516,479.04883,396.21448,0.82373047,449.81055,408.66797,0.82421875,427.00977,424.01562,0.70996094,404.64014,443.61304,0.6948242,377.2578,457.85938,0.6645508,338.583,453.7881,0.72753906,318.59766,430.6289,0.85791016,307.1167,405.95508,0.9760742
153,826.41113,404.42993,1.0,791.3301,387.4585,0.9375,791.78516,421.38477,0.95654297,749.46484,403.16797,0.8461914,664.08984,399.60547,0.87890625,535.36523,394.58594,0.8510742,518.8457,394.54004,0.85546875,481.62695,393.92578,0.84765625,452.0327,403.68018,0.8466797,430.14258,419.55884,0.72314453,409.37695,441.77344,0.6586914,386.43262,457.85938,0.6489258,346.8252,457.4668,0.73095703,322.16895,440.78906,0.8208008,307.1167,417.23633,0.9423828
154,830.6621,404.42847,1.0,796.416,387.2754,0.92822266,796.5547,421.10645,1.0,754.0791,403.0161,0.9243164,673.8535,399.4922,0.85058594,541.0742,394.25195,0.7832031,525.1045,393.9922,0.80371094,488.50977,392.11133,0.8227539,457.89062,397.05078,0.9355469,435.48877,409.82422,0.74560547,414.68555,434.35156,0.7084961,396.23682,453.7793,0.6591797,363.95557,457.59766,0.63623047,328.76172,453.46973,0.7182617,307.1167,430.23047,0.8540039
155,834.4404,404.3357,1.0,800.91797,387.16553,0.9013672,801.2051,420.56982,0.9633789,758.05664,403.0161,0.89941406,679.0215,399.41797,0.8457031,549.3623,394.25195,0.8149414,532.4724,393.9922,0.9033203,494.41406,389.93164,0.8198242,463.89844,393.73047,0.9116211,439.62695,402.58105,0.82958984,421.12598,419.92212,0.81689453,405.79004,441.46484,0.73291016,386.58594,457.59766,0.6010742,339.6443,462.38086,0.55615234,308.11554,441.5039,0.9038086
156,838.4219,403.10303,1.0,805.4492,387.16553,0.9663086,806.0078,420.4309,1.0,763.2173,402.70215,0.8701172,681.4785,399.41797,0.89501953,555.0376,394.25195,0.79541016,536.0078,393.9922,0.81103516,498.56934,388.917,0.87646484,465.36328,390.51953,0.9404297,439.91797,399.4453,0.8798828,423.52148,418.04688,0.8935547,407.70312,439.8496,0.78808594,387.0791,457.4668,0.68847656,350.6836,462.76367,0.6142578,310.06836,451.53564,0.9404297
157,843.6565,403.09375,1.0,810.41797,387.16016,0.9316406,810.66406,420.24866,0.9663086,769.05273,402.62793,0.88134766,684.1587,399.2578,0.8408203,558.5293,394.74023,0.7817383,540.9741,393.9961,0.7939453,503.35156,388.917,0.83740234,467.45752,386.51367,0.9707031,442.86914,394.87012,0.85058594,425.50195,410.5791,0.8027344,408.4043,430.4336,0.8564453,394.68945,447.59766,0.77978516,376.41406,462.76367,0.74121094,323.43164,473.8789,0.82373047
158,849.0508,402.95117,1.0,815.7969,387.16016,0.8564453,815.88086,420.20422,0.98876953,773.96387,402.15527,0.85791016,685.23047,398.89844,0.8466797,565.0869,396.0044,0.8769531,547.73315,395.3213,0.9316406,514.1074,388.917,0.94091797,474.45312,384.13672,0.8256836,445.36328,391.58594,0.8955078,425.5078,406.6543,0.79833984,410.6328,429.01367,0.76171875,394.68945,446.66016,0.77685547,376.41406,462.38086,0.66259766,332.01843,478.125,0.6171875
159,853.4541,402.81445,1.0,820.3159,386.14844,0.96435547,821.09863,419.87183,0.99365234,779.7532,401.88477,0.85839844,691.5642,398.89062,0.89941406,570.69824,397.23926,0.82373047,553.7637,397.88086,0.7573242,520.1914,390.82812,0.8823242,481.87695,384.13672,0.84472656,451.83655,388.37036,0.94873047,430.73828,398.36523,0.7578125,410.97754,421.84473,0.78808594,394.68945,444.43237,0.7216797,379.04395,461.3164,0.7158203,342.5703,478.125,0.8222656
160,859.7444,402.37598,1.0,825.6367,386.1211,0.9160156,826.23145,419.5979,0.9199219,785.57227,401.68164,0.8808594,694.3965,398.84375,0.8886719,575.4785,400.11523,0.88623047,558.07227,401.12695,0.8041992,524.1199,394.27344,0.8442383,492.95703,384.13672,0.8305664,460.44458,383.28125,0.8276367,432.39453,394.39062,0.7285156,410.97754,416.73047,0.6796875,394.68945,441.9004,0.64453125,379.04395,461.26465,0.7709961,342.5703,477.50684,0.8598633
161,865.1504,401.7539,1.0,831.1582,386.01074,0.86572266,831.90625,418.9668,0.9511719,789.6221,401.36914,0.83984375,697.96484,398.84375,0.8598633,583.09766,401.10352,0.84375,563.86194,403.3999,0.9067383,528.0332,396.30786,0.86279297,497.85156,385.81445,0.8564453,462.4004,381.5254,0.8144531,433.85742,392.05078,0.6953125,411.68774,409.91602,0.64404297,397.78613,436.74805,0.65527344,379.5769,457.19922,0.76708984,352.8125,477.50684,0.81347656
162,870.0586,401.24414,1.0,836.5322,385.60742,0.94970703,837.6875,418.30762,0.95703125,796.3367,401.13086,0.82470703,705.83203,398.89062,0.8227539,591.8965,401.33008,1.0,572.0565,403.49756,0.8310547,534.1758,399.05078,0.88720703,502.3125,387.28174,0.85595703,469.18848,380.98828,0.85058594,445.15234,383.9922,0.70654297,418.89844,399.02734,0.76220703,398.04297,421.84277,0.6826172,383.51562,446.06055,0.7128906,364.5005,472.1289,0.8725586
163,876.29224,401.14844,1.0,842.6758,385.35352,0.90234375,843.5198,418.24707,0.9145508,802.46387,400.9707,0.88916016,708.6968,399.02734,0.83984375,593.5781,402.54785,0.83154297,577.8379,404.6787,0.87646484,539.61255,402.11035,0.90722656,509.16113,390.03516,0.8417969,478.94336,380.98828,0.7348633,450.05176,378.92285,0.640625,421.3496,391.90625,0.6611328,398.4453,416.2754,0.6118164,384.75195,440.8672,0.7167969,369.73828,467.69043,0.87353516
164,882.36523,400.2461,1.0,848.28125,384.50195,0.85498047,849.3906,417.86914,0.91552734,807.6953,400.92383,0.8300781,715.3887,399.26562,0.8310547,596.771,404.93555,0.80078125,579.98926,407.9297,0.88183594,545.6875,406.11523,0.92529297,517.0615,394.6787,0.81640625,487.61133,380.98828,0.80566406,457.6797,376.3047,0.6245117,428.1488,382.46875,0.74316406,402.56934,401.23633,0.71533203,385.00977,430.0293,0.7988281,376.71875,461.70703,0.71533203
165,887.2324,400.11133,0.9892578,852.9697,384.1582,0.9506836,854.28125,417.29297,0.9550781,813.8535,400.86914,0.8208008,721.20703,399.64062,0.80908203,600.8086,406.47852,0.73828125,586.5088,408.96484,0.7392578,550.1367,410.21777,0.82470703,519.08984,396.80225,0.7675781,488.95117,382.1621,0.8510742,463.58594,376.3047,0.67871094,429.90234,377.52148,0.6538086,403.53784,393.29297,0.6279297,385.23828,421.03613,0.79589844,379.82068,452.521,0.7314453
166,892.63965,399.95703,1.0,858.40234,383.47656,0.8984375,859.5166,417.16602,0.8803711,817.56445,400.92383,0.88916016,728.03906,399.9414,0.8178711,606.3242,406.9121,0.77783203,592.21094,411.188,0.75097656,554.0322,413.2881,0.86279297,524.33325,400.91602,0.8461914,496.9297,386.375,0.8564453,471.16406,376.3047,0.73046875,435.917,371.93967,0.75,404.5957,383.9922,0.64941406,385.43945,408.94922,0.79052734,379.82068,439.32812,0.7368164
167,898.16406,399.78906,1.0,863.7832,383.47656,0.8310547,864.9082,417.29297,0.8901367,822.5957,400.92383,0.8535156,734.50195,399.9414,0.7680664,613.20703,408.70117,0.86865234,596.6909,413.34766,0.9116211,557.249,417.50977,0.8339844,526.50586,406.63672,0.8618164,500.21643,390.29297,0.8442383,477.12305,376.83594,0.7988281,442.28125,369.85742,0.7685547,408.28906,375.04492,0.6303711,387.02002,397.41406,0.8510742,379.82068,425.91406,0.7138672
168,901.6201,399.78906,1.0,868.1301,383.47656,0.9169922,869.59766,417.42578,0.93066406,825.9238,401.0957,0.91748047,742.2031,400.9336,0.79296875,616.28516,408.70117,0.80566406,599.71484,413.34766,0.90527344,562.59766,420.46704,0.78759766,528.50586,412.31445,0.9067383,501.82324,394.09082,0.75341797,481.64258,379.31543,0.80371094,449.07422,369.85742,0.7631836,412.02206,368.3711,0.66308594,387.53076,387.3711,0.8183594,381.1709,412.84717,0.65527344
169,907.5696,399.60156,0.9785156,872.6719,383.47656,0.8442383,874.0547,417.0957,0.86083984,831.7969,401.0957,0.88671875,745.6367,400.9336,0.7421875,623.02344,408.70117,0.8598633,605.43066,413.8291,0.74658203,569.7383,422.71875,0.69091797,537.14453,419.16455,0.8598633,507.57422,401.83594,0.68896484,489.07617,385.41797,0.7675781,465.2207,369.85742,0.73095703,433.8418,360.64648,0.55566406,400.9121,367.67578,0.7885742,381.1709,392.4297,0.70996094
170,912.87695,399.4922,1.0,878.0117,383.30078,0.85009766,879.5508,417.0957,0.9213867,836.6963,401.0957,0.89453125,746.5664,400.30664,0.7285156,631.41797,409.19922,0.8955078,613.9658,413.8291,0.8911133,579.0083,422.73242,0.84472656,545.75586,424.79297,0.7807617,513.791,411.37305,0.7128906,492.94287,392.28906,0.7910156,471.17383,374.57227,0.7583008,442.8203,360.64648,0.6508789,410.11816,358.28906,0.84033203,381.50586,378.87012,0.8017578
171,917.4346,399.42773,1.0,883.3003,382.9961,0.88964844,884.3447,417.01953,0.9121094,840.64844,401.02344,0.8745117,757.7197,400.9336,0.8129883,635.79724,409.19922,0.8774414,618.00586,413.53906,0.9003906,584.8242,423.0293,0.81396484,555.22217,427.94666,0.92089844,522.71484,419.3745,0.6308594,499.9184,403.18018,0.7211914,478.39062,381.48633,0.65478516,447.5625,360.64648,0.6821289,418.31152,353.89062,0.74560547,384.7832,365.43066,0.76416016
172,922.71387,399.14453,0.9746094,887.6836,382.49805,0.86816406,889.46875,416.97656,0.8779297,846.40234,400.86523,0.81884766,759.49023,400.30664,0.80126953,639.31445,409.19922,0.7763672,624.5781,413.11816,0.7480469,592.5,423.8672,0.81689453,563.78345,428.64014,0.93408203,533.0283,427.22607,0.7294922,507.60327,415.3047,0.71191406,486.48633,392.7578,0.70458984,462.75977,365.27832,0.70996094,432.78516,353.3672,0.8305664,392.40625,352.44727,0.8222656
173,928.1289,399.14453,0.9746094,893.5918,382.4707,0.83984375,894.2988,416.89258,0.9042969,850.53516,399.67578,0.8354492,764.4077,400.16406,0.8095703,640.2461,409.19922,0.7089844,626.01855,413.11816,0.77783203,595.3711,423.8672,0.8222656,569.0469,430.0918,0.86865234,537.71875,432.6211,0.7675781,511.64062,421.3662,0.7734375,492.99707,403.23633,0.7602539,470.91797,376.05078,0.74072266,449.99805,353.3672,0.8725586,399.88477,342.79492,0.8647461
174,933.53516,398.91602,0.9975586,898.8594,382.31836,0.8808594,900.2262,416.58203,0.90527344,855.5039,399.5703,0.79785156,772.1615,399.9668,0.8251953,650.75,409.19922,0.63427734,630.92773,413.1045,0.81933594,600.37695,423.0293,0.7817383,574.8828,430.0918,0.84228516,543.60547,434.90625,0.83203125,514.1826,426.32422,0.81640625,493.8203,407.39844,0.7583008,472.48828,376.27344,0.69091797,452.31274,353.89062,0.88623047,411.59448,337.1914,0.9379883
175,938.77637,398.67773,0.9765625,903.46094,382.2793,0.87158203,905.22656,415.81836,0.8774414,862.3594,398.7129,0.7866211,776.16797,399.21875,0.7416992,654.21484,408.53516,0.67529297,637.27246,410.59082,0.71728516,605.3887,422.12695,0.82666016,581.13574,430.0918,0.9116211,552.2637,435.40625,0.84765625,520.541,432.1582,0.75390625,494.0,415.25,0.640625,475.24463,381.7881,0.6586914,457.35156,356.75,0.87109375,420.75146,337.1914,0.87060547
176,945.1113,398.6211,1.0,909.52637,382.00195,0.85009766,911.0078,415.69727,0.90234375,866.0752,398.4297,0.86376953,787.7616,398.70508,0.7480469,663.98047,405.62305,0.71972656,644.1334,408.39258,0.7602539,612.74365,418.62305,0.7558594,589.74414,425.36328,0.8066406,558.2988,435.40625,0.8129883,528.84375,436.99365,0.51171875,498.09863,415.84375,0.47485352,477.16992,389.7578,0.6308594,461.2998,361.07422,0.7421875,431.0625,337.1914,0.88427734
177,950.2012,398.61133,0.97216797,915.922,381.96777,0.9038086,916.82227,415.29883,0.93066406,872.85547,397.94824,0.82421875,795.8688,398.12305,0.6738281,670.15625,405.18066,0.8666992,649.46094,407.4297,0.80908203,617.5508,416.79102,0.78466797,591.56055,425.2539,0.8417969,561.6992,435.40625,0.78564453,528.8789,439.24023,0.6064453,501.39746,423.2539,0.5131836,478.49414,395.3413,0.5839844,465.39648,367.20703,0.8564453,439.92188,339.64038,0.91259766
178,956.6753,398.61133,0.95654297,921.5215,381.55957,0.8955078,923.1196,415.2422,0.86328125,879.01953,397.667,0.8383789,799.37695,397.9873,0.6826172,672.3867,403.83398,0.9291992,654.44336,406.7168,0.8286133,621.02246,413.9463,0.8442383,594.5166,425.14648,0.8491211,569.0781,435.08398,0.76464844,540.6719,442.8086,0.54785156,503.72266,431.77148,0.5864258,481.38672,405.13867,0.61279297,468.0231,374.88086,0.8535156,448.3086,347.93304,0.87402344
179,963.1665,398.61133,1.0,928.49805,381.3457,0.85253906,928.6719,415.09375,0.8925781,886.27734,397.66602,0.86083984,808.73047,397.88574,0.671875,675.6367,403.10254,0.90185547,658.5928,405.31738,0.94628906,624.8125,412.77295,0.8510742,598.209,423.01172,0.8676758,573.90137,434.87012,0.8071289,543.66406,444.66357,0.75927734,508.41602,438.54883,0.6401367,490.58398,425.02734,0.6220703,468.0231,384.79492,0.88427734,454.26367,356.7036,0.94189453
180,968.9258,398.0664,0.9658203,933.1221,380.93848,0.89746094,934.33203,414.48438,0.9472656,892.2798,397.04297,0.8774414,812.7241,397.88574,0.75878906,677.03613,403.09277,0.90771484,660.4524,404.56982,0.921875,626.38477,411.64502,0.86279297,599.6719,422.58398,0.84765625,576.0254,433.9922,0.8066406,549.58984,444.85254,0.66308594,523.3594,448.46875,0.6201172,496.91406,434.13867,0.6669922,470.0664,398.46094,0.74121094,460.00604,368.0039,0.92285156
181,974.1406,397.34277,0.96533203,938.60156,380.917,0.8876953,939.943,414.11133,0.9326172,897.0,396.7705,0.88183594,813.7373,397.79297,0.7729492,684.501,401.11914,0.9160156,667.6333,402.98438,0.82666016,630.7754,407.90234,0.8569336,603.8331,419.37744,0.82910156,580.30273,433.98828,0.8208008,558.5703,445.44922,0.7089844,529.1094,452.80957,0.58496094,498.76562,442.01953,0.7265625,471.48633,419.4038,0.71484375,461.71582,378.57617,0.92626953
182,980.02747,397.33398,1.0,944.64844,380.3745,0.87109375,945.86523,414.06445,0.93408203,901.0117,396.68066,0.8808594,818.8672,397.28516,0.79052734,687.50195,400.88672,0.86376953,673.05664,401.66602,0.78808594,636.64795,404.0474,0.78515625,610.4043,413.7744,0.7885742,585.56055,429.2793,0.66308594,563.56177,445.44922,0.7421875,535.2656,455.2207,0.63134766,501.44824,448.1836,0.72216797,474.55957,429.69922,0.72802734,463.4629,389.85742,0.94140625
183,984.55273,397.12695,0.96435547,948.8491,380.07385,0.90771484,950.084,413.44336,0.97558594,907.9285,396.3723,0.8833008,823.1426,397.27246,0.8251953,695.9922,400.67188,0.79052734,678.05273,401.56836,0.85839844,639.3867,402.10742,0.8071289,613.9697,409.1582,0.796875,589.1035,425.90234,0.6791992,566.16406,444.85254,0.6904297,537.67773,455.2207,0.67822266,501.80273,453.1582,0.7426758,480.0547,440.27734,0.76416016,463.61523,399.4121,0.8613281
184,989.75684,396.33594,0.96533203,954.21094,379.8374,0.8881836,955.41064,413.00684,0.9375,911.6406,395.9975,0.89501953,825.9531,397.24414,0.97021484,703.37305,400.5703,0.89746094,684.06854,401.33594,0.79541016,646.96484,399.03125,0.80126953,618.291,404.9463,0.9526367,593.5703,420.1012,0.8251953,570.9287,440.02734,0.703125,547.5442,455.2207,0.7373047,525.87305,462.90234,0.6948242,483.55786,440.27734,0.81152344,463.88477,412.59668,0.80566406
185,994.99023,396.04355,1.0,960.50977,379.5393,0.88671875,961.4414,412.8877,0.9350586,916.67725,395.61792,0.8779297,835.5713,396.7583,0.89160156,707.06934,400.1504,0.87890625,689.0625,401.33594,0.8486328,655.28125,397.57715,0.87841797,625.1172,400.48242,0.9086914,598.2637,411.78296,0.7836914,575.4746,435.53247,0.7182617,553.60156,453.8623,0.70458984,539.8955,462.90234,0.68115234,488.1289,447.85156,0.75878906,463.9668,423.70703,0.8364258
186,999.9844,396.0128,0.95214844,964.8491,379.12695,0.90283203,966.3496,412.61963,1.0,923.5759,395.20312,0.8989258,841.3887,396.49536,0.98291016,710.14453,400.47852,0.859375,691.7565,401.28125,0.9316406,659.0747,397.2295,0.9423828,628.708,397.7461,1.0,601.08594,408.51172,0.7631836,579.4199,427.70288,0.74609375,559.42773,449.46875,0.7158203,546.97754,462.90234,0.6567383,491.8623,455.46875,0.7290039,465.66797,432.31055,0.88378906
187,1006.23047,395.72485,0.9692383,970.5322,378.8662,0.82910156,971.5808,412.5459,0.9580078,928.0371,395.12842,0.88964844,846.9082,396.25757,0.9067383,718.22656,400.5703,0.86083984,699.3032,401.43555,0.7753906,665.4961,397.2295,0.91748047,633.7285,394.58008,0.90722656,604.2096,404.02444,0.90771484,583.6953,420.58447,0.8129883,564.5259,443.09717,0.80859375,546.97754,462.90234,0.71191406,504.0586,462.1836,0.66796875,468.64746,442.68652,0.8652344
188,1011.24365,395.56323,1.0,976.7207,378.5664,0.86035156,977.7656,412.14355,0.9506836,934.0547,394.8672,0.87597656,855.57227,395.9485,0.8256836,723.1377,400.5703,0.83984375,705.39844,401.43555,0.86376953,671.2715,397.2295,0.8720703,637.36035,392.61523,0.8911133,606.8125,399.6797,0.8359375,584.99414,416.78516,0.8925781,566.74414,438.51758,0.82128906,546.97754,462.90234,0.7426758,518.7969,462.3125,0.7792969,471.3672,450.2256,0.8696289
189,1017.25,395.27686,0.9794922,981.33203,378.42383,0.8701172,982.8418,411.9532,0.98339844,939.95447,394.74902,0.8461914,857.71484,395.944,0.96533203,728.2422,402.2793,0.79541016,711.41016,402.84375,0.86083984,677.37695,397.90527,0.9135742,644.41016,392.61523,0.9169922,610.88574,395.63232,0.9399414,588.1719,410.58496,0.77001953,570.3008,432.5371,0.7836914,552.3203,460.0957,0.7705078,526.5254,462.3125,0.8330078,476.22375,461.31152,0.8720703
190,1023.41406,394.28516,0.9501953,987.9251,378.20605,0.8417969,988.9448,411.6145,0.9667969,945.4531,394.13574,0.85253906,859.04297,395.74902,0.8261719,731.73584,404.33447,0.91308594,715.58887,404.7754,0.8178711,682.89355,399.07812,0.83251953,652.2893,392.61523,0.81396484,616.5137,392.42773,0.89697266,592.2207,405.24707,0.82177734,572.3579,424.38086,0.74121094,553.2344,454.93555,0.7055664,526.62305,462.3125,0.78027344,482.90918,469.0625,0.9008789
191,1029.2705,393.93945,0.9916992,994.4004,377.0664,0.8129883,995.72217,411.2827,0.97216797,954.416,394.04102,0.86572266,870.25586,395.74902,0.83496094,737.81836,405.34766,0.9272461,721.875,406.10547,0.9638672,691.05273,401.92383,0.92333984,660.6533,393.39258,0.84472656,625.99023,390.4453,0.8925781,596.1422,400.04297,0.7314453,572.48267,418.60352,0.6948242,562.5918,439.5078,0.6557617,534.33594,460.43164,0.76171875,492.40088,470.49805,0.8647461
192,1035.4961,393.43164,0.98339844,999.46094,376.5332,0.7949219,1001.8594,410.83008,0.9477539,960.9004,393.7129,0.8564453,875.4888,395.5276,0.8623047,748.3906,405.8047,1.0,726.2207,407.3125,0.95996094,694.87305,403.64893,0.95703125,664.3672,394.70898,0.8066406,632.9258,388.54248,0.85302734,605.8047,391.7246,0.61376953,578.68555,408.09766,0.6376953,562.5918,433.54102,0.62158203,534.33594,453.78906,0.75683594,503.36523,470.49805,0.77001953
193,1041.6211,391.56836,1.0,1007.76953,376.3203,0.7739258,1008.81445,410.39355,0.94433594,968.16016,393.7129,0.8544922,880.6914,395.41113,0.7963867,752.27734,406.70508,0.92333984,734.10547,410.57324,0.9091797,700.07697,406.8379,0.9501953,669.3789,396.63428,0.80029297,638.28516,388.54248,0.8544922,612.69775,387.70825,0.81103516,585.96094,399.05078,0.61865234,562.5918,418.0537,0.6323242,540.9297,444.16748,0.64746094,513.5117,470.49805,0.7758789
194,1047.5215,391.46484,1.0,1012.1553,376.28516,0.84521484,1014.21094,410.32617,0.9511719,974.46094,393.61523,0.8198242,884.1742,395.41113,0.8803711,756.0914,408.91797,0.82714844,738.61426,412.1432,0.9301758,702.8594,410.24707,0.84765625,670.5039,397.43262,0.7832031,640.2969,388.54248,0.8041992,615.125,385.6914,0.77246094,588.3135,391.54297,0.71777344,563.7134,405.417,0.6801758,543.89844,430.3418,0.7026367,524.1098,462.5293,0.8642578
195,1053.1875,390.99023,0.9736328,1017.9824,375.60547,0.8154297,1020.3884,410.2705,0.8930664,978.63184,393.61523,0.90771484,890.2197,395.41113,0.92089844,761.8789,410.04004,0.7871094,744.39453,414.59375,0.7988281,707.9458,413.29004,0.9169922,677.2529,402.1338,0.8413086,645.9463,388.81055,0.8466797,621.60547,385.6914,0.68066406,589.4531,387.85352,0.7285156,564.36914,400.66406,0.63916016,543.89844,426.5713,0.75634766,528.1289,454.38086,0.85595703
196,1058.6885,390.99023,1.0,1024.9121,375.3672,0.7792969,1026.375,409.91602,0.9746094,984.8633,393.61523,0.85498047,899.26465,395.8695,0.8847656,767.88477,412.84668,0.91259766,752.2617,418.60352,0.7529297,715.0342,417.4453,0.88183594,685.3594,406.67383,0.81884766,656.08984,394.27637,0.7246094,630.2344,385.6914,0.7207031,595.1836,383.28125,0.73095703,565.8418,392.875,0.5551758,544.2754,416.4453,0.69921875,533.7871,444.44702,0.71484375
197,1063.7793,391.0293,1.0,1028.812,375.45117,0.84521484,1030.8145,409.88672,0.9042969,992.3164,393.53516,0.87841797,907.5596,395.9828,0.94921875,774.2168,413.40918,0.81884766,756.4077,418.70996,0.8857422,719.6133,421.2588,0.8886719,688.6758,411.47656,0.8046875,661.0215,397.06445,0.78222656,640.16016,386.2588,0.6635742,606.125,379.35693,0.6826172,569.5293,387.06885,0.56689453,544.2754,408.3457,0.7163086,536.6367,436.88818,0.76464844
198,1069.2793,390.99023,0.97998047,1033.8965,375.3672,0.8466797,1036.4219,409.88672,0.8569336,994.47754,393.5039,0.91503906,913.25195,395.9828,0.84716797,779.6958,413.40918,0.83935547,761.6699,418.75,0.8330078,724.71484,424.98438,0.859375,692.2654,417.20703,0.83691406,665.91797,402.5547,0.7680664,645.62695,389.58594,0.7817383,616.61523,378.66797,0.69628906,587.84827,376.36523,0.58447266,550.6875,394.89746,0.6801758,536.6367,436.88818,0.7832031
199,1073.9219,390.8711,1.0,1040.3457,375.18555,0.78466797,1042.0801,409.85156,0.92871094,999.79297,393.53516,0.88964844,920.9512,395.9828,0.8652344,783.34375,413.09375,0.8925781,768.3047,418.75,0.8725586,731.5947,427.3755,0.8496094,697.9922,421.80078,0.84472656,669.2676,407.18555,0.7910156,646.6211,391.29883,0.84472656,617.3203,378.66797,0.6982422,589.9531,372.81396,0.5678711,563.25146,382.97656,0.70654297,536.71094,421.7129,0.5551758
200,1079.1914,390.8711,1.0,1043.6777,375.14062,0.85302734,1045.9248,409.66992,0.9345703,1003.894,393.5039,0.86376953,923.0864,395.87537,0.9370117,789.126,412.84668,0.8066406,772.8452,418.75,0.8886719,740.4795,429.08887,0.8510742,705.7422,428.28906,0.82666016,674.2783,413.8877,0.71191406,651.6289,396.1001,0.7441406,621.91406,378.66797,0.70751953,591.02734,372.81396,0.5366211,563.6218,377.48047,0.5966797,539.0864,405.26367,0.7338867
201,1085.1113,390.6172,0.9746094,1049.2812,375.0039,0.83447266,1051.7292,409.66992,0.87158203,1009.1328,393.1914,0.8823242,926.8711,395.79272,0.9682617,793.80664,412.8379,0.83154297,777.9844,418.37012,0.84521484,747.9656,429.37598,0.70166016,720.78516,434.14453,0.8461914,688.28906,425.4297,0.68115234,661.6836,407.54492,0.7680664,639.3633,388.3296,0.6738281,611.79846,372.81396,0.63134766,579.5991,367.72852,0.6748047,547.43994,384.10156,0.7089844
202,1090.6025,390.25195,1.0,1056.0371,374.53125,0.7807617,1057.75,409.58008,0.9301758,1014.96094,393.1914,0.8666992,935.06445,395.4629,0.8701172,800.16797,411.93896,0.74853516,783.9629,418.05762,0.8359375,759.1074,429.37598,0.7138672,730.5283,435.17773,0.8564453,697.2422,432.11133,0.7475586,671.16797,419.687,0.7607422,648.60156,399.20312,0.6948242,621.7002,375.9629,0.69677734,593.19336,365.63184,0.7163086,552.8594,373.74316,0.7998047
203,1095.3926,389.45996,1.0,1060.1151,374.2754,0.8647461,1062.8633,407.91797,0.9638672,1020.026,393.1914,0.8647461,938.4365,395.0625,0.921875,806.5586,411.63574,0.7939453,789.7588,416.7129,0.87353516,762.3955,429.37598,0.7602539,736.01953,435.31445,0.8613281,704.49414,438.27148,0.81152344,676.61426,427.72974,0.84765625,655.7969,408.67188,0.74658203,635.4551,384.88867,0.7890625,604.7417,365.63184,0.79296875,561.59766,365.33594,0.8383789
204,1101.0547,389.41113,0.99560547,1065.3789,373.79004,0.8496094,1068.2625,407.69727,0.9316406,1026.7168,392.6289,0.9116211,945.08984,394.99805,0.8828125,809.75195,411.59644,0.79003906,794.5791,415.44727,0.8959961,769.99805,428.75586,0.7363281,744.58203,435.4839,0.8696289,714.0488,441.4375,0.7319336,680.8867,433.7754,0.7939453,659.94,416.01953,0.69628906,638.459,388.26758,0.8100586,613.30273,365.63184,0.8457031,572.6582,358.89258,0.86621094
205,1106.4619,389.21777,1.0,1072.4102,373.6045,0.8183594,1075.1445,407.08398,0.92822266,1032.1465,392.51562,0.8652344,952.58594,394.08398,0.82373047,815.5625,410.35547,0.7363281,801.34375,414.46484,0.82177734,776.2676,427.22412,0.78027344,751.59766,435.4839,0.83154297,721.28125,441.4375,0.71728516,687.2285,440.875,0.7216797,663.4961,424.19922,0.6791992,645.0625,397.33008,0.7163086,625.4453,372.9375,0.94628906,583.8164,356.22192,0.921875
206,1111.9355,389.0879,1.0,1076.4768,373.0713,0.8901367,1079.4316,406.97266,0.98876953,1037.6729,391.58398,0.79345703,958.49805,393.98047,0.86865234,822.39844,408.25,0.8076172,806.4531,413.00488,0.93847656,780.14185,425.21875,0.7866211,755.9463,435.31445,0.85791016,727.7383,441.4375,0.7211914,691.09033,443.54492,0.6376953,664.6387,426.8252,0.6586914,646.30273,400.8789,0.7324219,628.8511,374.75977,0.9511719,593.99414,356.22192,0.90625
207,1118.6875,388.76514,0.96435547,1083.8248,372.88086,0.8881836,1085.6875,406.65625,0.9589844,1043.9656,391.5293,0.8808594,964.4016,393.88672,0.8666992,826.9219,407.16797,0.8618164,813.1094,411.7251,0.88671875,785.4746,422.77734,0.8696289,762.59863,432.4336,0.81591797,734.5371,440.89648,0.7602539,693.2588,446.5254,0.578125,664.9082,430.44922,0.61279297,646.3379,404.90967,0.6308594,632.16797,378.17773,0.8413086,607.83203,356.22192,0.84814453
208,1124.4683,388.29102,1.0,1090.1943,372.4287,0.8754883,1092.6831,406.13672,1.0,1049.6484,391.1582,0.80029297,972.8042,393.16797,0.79833984,832.875,406.0703,0.87402344,818.17773,410.78906,0.96533203,788.82715,419.48047,0.8652344,766.125,429.82324,0.79296875,741.16895,440.89648,0.7783203,707.53613,452.05676,0.71240234,670.5371,439.66797,0.5073242,646.5703,412.2422,0.56933594,632.9844,383.3125,0.8535156,616.81445,359.30273,0.85009766
209,1130.7783,387.6963,1.0,1095.7012,372.17505,0.88183594,1098.4023,405.9287,0.92871094,1057.1699,390.91602,0.8378906,977.87695,393.16602,0.78515625,839.1836,403.81177,0.9589844,822.44336,408.18164,0.8691406,789.5635,415.45312,0.875,766.6504,428.6914,0.76708984,744.39453,440.6582,0.78271484,717.2031,454.77734,0.6928711,682.4697,451.8805,0.55126953,653.4912,426.76172,0.52685547,639.6992,398.08594,0.7895508,628.58887,369.22656,0.87841797
210,1137.0703,386.65527,1.0,1103.0059,372.06696,0.82958984,1105.3945,404.47314,0.9448242,1063.1523,390.85156,0.8120117,983.64453,393.16016,0.7783203,844.7085,402.66016,0.9169922,829.33887,405.34766,0.77685547,792.72656,414.6914,0.8779297,767.6172,428.63965,0.70214844,747.45557,440.21875,0.71435547,725.4922,455.90234,0.8022461,696.8086,461.06445,0.6196289,671.0781,451.7456,0.62158203,646.38086,417.6836,0.68652344,635.88446,380.53418,0.83984375
211,1142.0039,386.39844,1.0,1108.686,371.17725,0.91015625,1110.7246,403.79675,0.94091797,1068.6055,389.69238,0.7338867,983.79297,392.11523,0.75878906,853.19336,400.38086,0.8540039,837.3779,402.30664,0.9189453,798.375,409.48828,0.7841797,774.18164,423.72266,0.6923828,754.7197,440.21875,0.74072266,731.7388,455.90234,0.69970703,706.7842,466.6338,0.59472656,673.3594,458.1621,0.61816406,647.22656,423.60352,0.7314453,641.8574,396.2362,0.81640625
212,1147.7975,384.69336,0.9506836,1113.9629,370.29883,0.85009766,1116.271,403.33936,0.93408203,1074.6738,388.7456,0.85009766,988.3335,391.68555,0.8881836,857.66797,399.72266,0.8251953,840.57227,401.04688,0.8491211,801.26953,406.46484,0.80078125,774.9219,420.88135,0.67822266,754.75684,439.19922,0.67089844,737.00195,455.90234,0.7651367,710.57227,469.7578,0.62060547,677.83105,467.6604,0.63623047,654.33984,441.78906,0.70996094,643.9624,411.9964,0.8232422
213,1154.7266,383.14062,1.0,1119.3691,368.88867,0.8222656,1122.0771,401.79688,0.8935547,1077.5957,388.45728,0.8017578,994.5156,390.89844,0.8251953,865.3086,399.01172,0.8364258,848.7656,400.58008,0.7788086,805.31055,402.6328,0.7631836,778.8633,411.21875,0.73779297,761.58984,427.95703,0.6074219,744.41016,453.80566,0.71533203,722.5078,469.7578,0.7324219,684.6387,474.43555,0.6567383,661.4863,457.07812,0.7841797,644.7705,429.8047,0.8178711
214,1160.5391,382.36328,0.98583984,1124.353,368.1289,0.86865234,1127.2695,401.51953,0.8461914,1083.7483,387.55493,0.71972656,998.99414,390.86914,0.8520508,871.5371,399.01172,0.8232422,853.33594,399.54883,0.8540039,814.47266,399.625,0.73828125,782.0742,406.53906,0.73535156,766.1172,421.55078,0.72998047,749.5996,444.90137,0.79003906,729.8203,469.7578,0.73583984,699.5259,475.7583,0.67333984,666.8086,467.28467,0.80810547,645.4961,443.96762,0.83251953
215,1165.7334,382.30078,0.9589844,1129.8379,366.51562,0.8022461,1132.6929,401.31055,0.8334961,1090.751,386.49707,0.87841797,1003.79944,390.75,0.9272461,874.9131,399.01172,0.7636719,858.6533,399.45898,0.7832031,822.89844,397.2588,0.8461914,788.47656,400.29883,0.75146484,768.6719,417.3828,0.609375,751.1543,442.83594,0.79785156,731.9343,467.33594,0.71240234,702.6719,475.7583,0.66503906,675.0376,479.70117,0.8022461,647.4863,457.5586,0.83691406
216,1171.9506,381.94238,1.0,1135.4922,366.20312,0.7973633,1139.1777,400.4082,0.8564453,1096.0,386.35742,0.8671875,1013.4717,390.54688,0.81591797,880.0703,399.1289,0.83740234,863.3711,399.45898,0.8442383,826.2334,396.7876,0.9453125,792.9375,398.78516,0.8901367,771.20264,411.59277,0.7480469,756.1616,432.52148,0.875,742.959,455.73633,0.8125,722.91504,475.7583,0.75341797,690.9375,486.87305,0.78759766,651.46924,470.25,0.8925781
217,1177.3105,381.55273,0.99560547,1140.8555,365.9121,0.9067383,1143.7031,399.47266,0.8540039,1100.7441,384.9629,0.77441406,1015.8008,390.54688,0.8286133,887.1113,399.63672,0.81591797,869.8428,399.45898,0.8652344,833.2012,396.7876,0.9433594,798.4414,395.68018,0.89746094,773.6543,407.3086,0.7470703,756.4595,426.47363,0.7993164,742.959,452.27905,0.8671875,724.8364,474.2705,0.7841797,700.0296,486.87305,0.73583984,654.4004,481.74805,0.9267578
218,1181.8926,381.23926,0.9428711,1146.6699,365.87695,0.85839844,1149.8203,399.44727,0.8647461,1105.3496,384.8203,0.8144531,1017.2344,389.89648,0.8339844,894.4551,400.2539,0.8984375,876.70703,401.28516,0.8383789,840.5039,396.7876,0.9448242,802.5488,393.73828,0.9135742,774.5332,405.29883,0.79833984,756.6821,423.58398,0.796875,743.2461,448.33594,0.8129883,724.8364,470.14648,0.8144531,704.8633,486.87305,0.73828125,660.44946,493.0332,0.9291992
219,1188.4888,380.7539,1.0,1152.959,365.87695,0.8432617,1155.7905,399.18555,0.8823242,1113.1602,384.78906,0.80126953,1027.5,389.39844,0.81884766,898.06836,402.2373,0.8569336,881.68945,403.2212,0.9658203,843.74927,397.78418,0.99853516,808.4336,393.73828,0.8540039,780.16296,402.58984,0.7236328,758.7012,418.2295,0.7734375,743.59375,439.48828,0.70947266,724.8364,463.5,0.7084961,704.8633,485.8418,0.76464844,662.81445,495.9922,0.8847656
220,1194.7842,380.7119,1.0,1157.7715,365.86816,0.8833008,1161.7266,399.0254,0.80859375,1121.5215,384.06445,0.8286133,1035.4062,389.39844,0.91064453,909.6904,403.2832,1.0,887.80664,405.60254,0.86865234,853.16797,399.5879,0.94433594,818.25,393.73828,0.9135742,786.6572,398.35742,0.7602539,762.29395,411.41406,0.71191406,744.31055,432.9375,0.69189453,726.7871,463.32812,0.6269531,709.53906,485.8418,0.79589844,669.02637,498.93262,0.86035156
221,1201.3516,380.68408,1.0,1165.5352,365.60938,0.82421875,1169.2871,398.57812,0.8623047,1125.5283,383.9414,0.7988281,1039.7188,389.3086,0.828125,912.33984,407.02148,0.8535156,893.41895,408.7207,0.87353516,861.75684,403.28027,0.9248047,829.52734,394.54785,0.69140625,795.1094,393.97656,0.7207031,764.29297,408.76562,0.6152344,744.6328,426.88672,0.65283203,726.7871,462.21094,0.69384766,709.98047,483.30664,0.78515625,675.9634,498.93262,0.86035156
222,1207.1309,379.97098,0.99072266,1171.52,365.1494,0.90966797,1174.1016,398.1289,0.8833008,1132.8652,383.53516,0.80371094,1045.875,387.98297,0.82910156,918.8008,407.0996,0.8959961,900.3933,409.375,1.0,869.77734,406.3203,0.98779297,839.9531,396.98193,0.8779297,808.1211,392.04688,0.8359375,781.3242,396.01422,0.70703125,754.3994,411.28564,0.8310547,734.27734,431.1836,0.61816406,721.3828,481.75195,0.67871094,700.3484,495.9922,0.78125
223,1213.5156,379.69727,0.91845703,1177.5215,364.95264,0.84765625,1180.646,398.02148,0.88427734,1138.5361,383.53516,0.8173828,1053.8027,387.81226,0.9038086,921.8887,407.98828,0.81103516,908.72314,410.12988,0.8046875,874.61426,410.4746,0.85839844,844.4773,398.6875,0.8232422,813.834,392.04688,0.82128906,786.10156,392.66992,0.8022461,758.03125,404.8335,0.7631836,736.58984,425.58008,0.6699219,721.96094,453.8623,0.69628906,708.77295,487.0586,0.91503906
224,1219.5571,379.69727,1.0,1184.4043,364.95264,0.8364258,1187.6958,397.95117,0.90478516,1147.0234,383.79297,0.8496094,1060.0499,387.81226,0.86376953,926.3086,411.31494,0.8198242,913.60156,414.41797,0.72216797,877.79004,413.6211,0.92041016,847.5879,401.39258,0.8334961,817.0664,392.04688,0.80566406,790.94727,388.97656,0.7861328,764.75586,397.8789,0.73291016,739.6106,414.34375,0.65478516,721.96094,442.45312,0.7910156,710.5332,477.2881,0.74902344
225,1225.6094,379.69727,1.0,1189.0459,364.95264,0.91308594,1192.4492,397.95117,0.8623047,1152.2031,383.9414,0.8046875,1065.2344,387.68115,0.82910156,932.78076,411.60767,0.78515625,919.40625,414.91406,0.7763672,884.1354,418.57812,0.91845703,852.27075,406.20703,0.8442383,822.916,392.1875,0.7792969,794.51855,388.97656,0.75683594,765.4297,393.70703,0.7050781,740.8369,408.72656,0.7265625,721.96094,435.2578,0.8100586,710.5332,463.7461,0.73339844
226,1231.4805,379.94608,0.93847656,1195.626,365.0547,0.89501953,1198.4863,398.02148,0.87402344,1156.3987,383.95312,0.8203125,1071.4531,387.646,0.8730469,940.47363,411.60767,0.89208984,924.9863,417.22656,0.7402344,891.1885,421.8711,0.88378906,861.03125,413.9834,0.77197266,827.7821,396.98193,0.82421875,799.9492,388.97656,0.77001953,766.78516,390.7578,0.74658203,740.8369,408.72656,0.7578125,722.2529,429.86426,0.80908203,711.41016,458.7461,0.7236328
227,1236.4534,380.5713,1.0,1201.418,365.1123,0.84228516,1203.9299,398.35742,0.9135742,1163.7754,383.95312,0.85498047,1081.5469,387.45117,0.8413086,946.83496,411.60767,0.89990234,932.00934,417.4453,0.8300781,898.3584,424.91797,0.86376953,864.46484,420.52148,0.8154297,835.74927,403.8191,0.7807617,810.0293,391.4668,0.74902344,775.72266,390.7578,0.8330078,740.8369,404.7036,0.6660156,722.2529,429.86426,0.80810547,711.4512,447.1953,0.7236328
228,1242.3125,380.73193,1.0,1206.2383,365.1123,0.89208984,1209.375,398.4121,0.84716797,1169.5137,383.79297,0.85302734,1088.0273,386.4834,0.87158203,955.93176,411.60767,0.8564453,937.21875,417.4453,0.8183594,905.9199,427.7268,0.8671875,876.84375,427.21143,0.9091797,848.18945,416.9004,0.7783203,824.97266,402.57422,0.84521484,796.1384,390.7578,0.7426758,744.46875,393.73047,0.6035156,723.5764,429.86426,0.77734375,711.55273,432.9043,0.80859375
229,1248.6152,380.7495,1.0,1212.5239,365.1123,0.8691406,1215.0039,398.4121,0.8754883,1172.2008,383.4453,0.8383789,1089.9824,385.5547,0.85302734,958.875,411.08643,0.85009766,943.8672,417.4453,0.8515625,913.4199,427.85266,0.8125,880.4863,431.41797,0.9013672,852.1322,423.16797,0.8339844,828.5801,409.65625,0.7578125,803.9742,394.78516,0.7631836,771.2051,393.00586,0.6225586,730.34766,416.51562,0.8071289,712.9961,421.56055,0.78027344
230,1253.8535,380.7495,1.0,1217.8828,365.01953,0.8613281,1220.2764,398.35742,0.90478516,1180.1315,383.40625,0.86376953,1098.0107,384.9707,0.8339844,964.6792,411.08643,0.80322266,948.87695,417.4453,0.82373047,919.56445,427.96667,0.84472656,888.125,432.8379,0.9033203,856.42773,429.69727,0.7963867,834.2178,419.2705,0.8066406,812.4905,403.7898,0.8305664,785.98047,393.00586,0.6816406,758.69336,400.4961,0.7783203,715.7898,406.08594,0.9091797
231,1259.9001,380.7495,1.0,1223.0859,364.9463,0.8779297,1225.5938,398.35352,0.8466797,1185.6211,382.86523,0.84521484,1101.5146,384.95312,0.89404297,969.7344,410.36328,0.7895508,954.7324,416.92773,0.8183594,926.13086,428.8872,0.8359375,896.4219,434.94824,0.9448242,863.72266,435.77576,0.86035156,838.6621,426.7129,0.8720703,816.6074,411.28174,0.8647461,796.0183,393.00586,0.69873047,775.20703,383.1328,0.75683594,715.7898,406.08594,0.7084961
232,1265.3965,380.7495,1.0,1229.5137,364.9463,0.8364258,1231.1504,398.26758,0.8779297,1187.4712,381.542,0.8588867,1104.5137,384.32422,0.7939453,971.8804,410.34473,0.7988281,959.2871,416.19922,0.7919922,932.0814,428.8872,0.8823242,901.792,437.12793,0.9399414,870.18945,440.42578,0.79248047,843.4409,433.875,0.8671875,819.85095,418.46484,0.8676758,800.6406,400.40625,0.79589844,780.6343,383.1328,0.88183594,715.7898,406.08594,0.83935547
233,1270.1406,380.7495,1.0,1235.1333,364.9463,0.8691406,1236.1489,398.16797,0.92285156,1192.959,381.51172,0.86083984,1110.7148,383.9453,0.83691406,976.97656,409.72852,0.6533203,964.028,414.8047,0.7651367,937.20703,428.8872,0.8833008,909.29785,437.12793,0.8823242,876.40967,443.47607,0.7602539,846.8926,439.81055,0.8925781,821.6533,423.05664,0.86376953,803.04736,403.8357,0.8105469,780.6343,383.1328,0.85009766,720.8887,394.16016,0.84814453
234,1274.8652,382.98438,0.78808594,1239.793,364.9712,0.8652344,1241.3516,398.19336,0.86035156,1199.1914,381.0371,0.79785156,1117.0908,382.6172,0.90722656,983.4375,407.15234,0.7285156,968.85547,412.82227,0.83251953,942.2285,427.41846,0.86328125,916.4309,437.12793,0.92626953,884.5674,443.9926,0.75683594,851.84143,446.10352,0.7734375,824.64453,429.95312,0.69628906,804.9658,408.62305,0.7402344,786.5635,385.78125,0.94433594,725.58203,382.52344,0.85253906
235,1280.3125,382.98438,0.55810547,1246.2227,364.9712,0.7817383,1246.8848,398.26758,0.8725586,1204.2205,380.83105,0.88720703,1122.9775,382.49023,0.8178711,988.14026,405.0791,0.8613281,975.7715,409.95898,0.82714844,947.3428,425.25,0.8979492,924.13184,434.9922,0.8510742,897.1426,443.9926,0.7558594,858.43164,451.16895,0.74609375,825.0586,434.38965,0.63720703,805.2539,410.9746,0.72802734,787.43066,386.54492,0.9711914,755.5867,378.94824,0.80566406
236,1280.3125,383.53516,0.5385742,1252.6924,364.9712,0.9199219,1252.8213,398.26758,0.9042969,1212.117,380.4485,0.8935547,1131.3784,381.23926,0.8208008,994.0791,401.82227,0.8408203,979.8907,407.9297,0.9057617,953.8789,421.3369,0.86328125,929.91016,434.8418,0.8071289,902.18945,443.6289,0.72314453,866.5381,454.6953,0.6035156,826.76074,441.14648,0.5751953,807.1465,419.8125,0.57128906,792.5625,394.55957,0.8256836,766.3926,378.94824,0.84277344
237,1280.3125,384.06055,0.37182617,1258.6621,364.14685,0.8930664,1259.6873,398.19336,0.70996094,1217.9883,380.3025,0.87841797,1136.5918,380.90625,0.76220703,1001.1836,399.52344,0.84521484,985.36523,404.64307,0.87841797,959.39453,418.24316,0.8046875,935.209,431.51758,0.78271484,912.9199,443.47607,0.7524414,879.96094,456.4414,0.66259766,827.8523,447.33008,0.47680664,813.1875,428.68018,0.54833984,796.39624,402.04004,0.79833984,777.55273,378.94824,0.8964844
238,863.64844,600.86914,0.359375,1266.1162,364.1454,0.8535156,1266.1084,398.19336,0.80126953,1223.4805,379.80933,0.8964844,1144.5977,380.35205,0.80566406,1005.23926,397.60938,0.8222656,991.44727,402.4746,0.88720703,964.1942,414.67383,0.9067383,940.003,429.05664,0.73876953,917.9746,443.6289,0.73583984,888.416,457.0078,0.69189453,845.17676,459.26514,0.55078125,815.6387,440.96875,0.5395508,802.751,414.84766,0.77441406,785.3828,387.93762,0.8930664
239,855.1406,600.86914,0.4633789,1269.877,364.03964,0.828125,1270.9199,397.95703,0.7714844,1229.3916,379.34082,0.85839844,1151.3008,379.7234,0.8515625,1011.0679,396.7041,0.88378906,996.48706,400.49805,0.87109375,966.7676,412.7578,0.8725586,945.2246,426.89062,0.7236328,922.72266,442.87305,0.703125,902.6211,458.1338,0.7709961,874.29297,467.56348,0.6791992,838.375,465.26953,0.48657227,805.3096,426.3672,0.6660156,791.5293,397.63477,0.86035156
240,849.7969,600.86914,0.3227539,1274.4072,363.88934,0.6191406,1270.9199,397.95703,0.44726562,1237.334,379.34082,0.84521484,1155.1528,379.60742,0.8701172,1017.85547,394.11035,0.8676758,1003.7783,397.9248,0.9091797,968.52344,410.02148,0.88720703,945.2637,426.79297,0.64453125,924.70605,441.20312,0.66796875,902.79297,459.7744,0.7421875,876.8672,473.27344,0.7392578,849.78516,469.9004,0.7290039,814.64844,447.48828,0.8515625,796.3635,412.5381,0.890625
241,731.313,590.0176,0.45288086,1274.4072,363.88934,0.3840332,1270.9199,397.95703,0.20056152,1241.3652,378.85938,0.8413086,1158.1094,379.1836,0.8671875,1021.71387,392.6328,0.83935547,1007.9199,395.67798,0.828125,969.25,406.75586,0.85253906,947.6255,423.39453,0.73095703,927.9531,439.88477,0.7392578,907.6929,459.7744,0.7216797,884.8584,473.27344,0.7871094,855.9531,477.38965,0.64208984,819.0884,458.73633,0.90771484,798.43164,427.6958,0.8774414
242,730.09863,588.0409,0.50097656,1274.4072,364.03964,0.25341797,716.0867,592.7617,0.15881348,1248.5586,378.4375,0.78027344,1160.0039,379.06592,0.9604492,1030.2637,391.27734,0.9428711,1013.05664,393.81445,0.97753906,975.1797,401.26758,0.8203125,951.69336,416.47852,0.68115234,930.3623,436.59424,0.7910156,913.51953,459.7744,0.81347656,889.89453,473.27344,0.8330078,860.5654,478.52344,0.79248047,827.09424,469.96777,0.8076172,802.125,443.30566,0.8911133
243,727.69727,586.23145,0.6767578,1277.6514,364.6587,0.3959961,716.0867,592.7617,0.37304688,1250.0713,378.4375,0.80566406,1165.4971,378.8838,1.0,1034.6357,389.0332,0.8901367,1019.06055,390.97266,0.8457031,981.1621,396.25317,0.8618164,954.5547,411.51733,0.7001953,937.5176,427.22266,0.65966797,919.72266,451.99652,0.75878906,901.05176,472.20312,0.73046875,877.10156,478.52344,0.7260742,838.99805,481.72852,0.82666016,806.4707,459.2378,0.8925781
244,727.69727,586.23145,0.6044922,947.5852,577.65625,0.25268555,715.0244,592.7617,0.1743164,1253.3887,378.40332,0.80859375,1172.7021,378.35352,0.86621094,1040.4141,388.0128,0.86621094,1025.0625,389.62012,0.90527344,986.88965,393.0547,0.82470703,959.84766,404.20947,0.7885742,941.6748,418.08008,0.7265625,927.65625,438.42773,0.7919922,914.25977,461.2793,0.8066406,893.2793,478.52344,0.7294922,861.05566,489.02344,0.7006836,811.8231,470.97266,0.93652344
245,730.09863,586.23145,0.040893555,947.5852,578.1211,0.05505371,715.0244,446.13672,0.06524658,1259.9917,378.17773,0.7788086,1180.1879,378.2207,0.9375,1047.2441,386.51855,0.9008789,1030.3594,387.7019,0.9326172,993.8574,388.4016,0.90185547,966.90625,395.2749,0.8754883,946.0967,408.42578,0.7714844,930.7119,430.14258,0.79296875,918.08594,455.50586,0.81103516,897.9297,476.87354,0.7651367,869.16797,490.7871,0.74658203,819.23,481.35547,1.0
246,730.09863,605.3096,0.046691895,947.5852,580.4927,0.10131836,715.0244,445.48535,0.090148926,1259.9917,378.17773,0.7949219,1182.8301,377.0586,0.90234375,1052.773,386.39746,0.8901367,1035.2925,387.50366,0.85058594,1000.4336,387.61255,0.7993164,971.3364,390.95508,0.91064453,948.61426,402.4004,0.88671875,932.4968,422.1914,0.8330078,920.1172,452.05252,0.7949219,902.2324,474.84766,0.7788086,876.27124,491.2163,0.81640625,827.57715,493.46875,0.95947266
247,884.9297,605.3096,0.117370605,954.85254,578.1211,0.14416504,1261.0771,421.03906,0.09240723,1259.9917,378.40332,0.76953125,1190.0293,376.7793,0.8461914,1061.0508,386.39746,0.875,1043.0591,387.50366,0.9350586,1006.2324,387.5481,0.8149414,976.4297,387.2202,0.9135742,949.98926,398.1875,0.8232422,933.2656,419.24512,0.8535156,920.1172,446.69336,0.8569336,904.16797,472.71875,0.7470703,879.96094,491.2163,0.85791016,836.9385,497.33594,0.94873047
248,885.8086,605.3096,0.4807129,947.5852,582.8164,0.65283203,1267.5703,406.94922,0.118774414,1260.6826,378.81543,0.73828125,1191.9531,376.39062,0.8100586,1066.3672,386.49707,0.8515625,1046.957,387.50366,0.9291992,1010.40625,387.5481,0.84375,979.39404,386.4004,0.9692383,951.291,395.7495,0.7675781,933.6162,417.08984,0.8256836,920.1172,443.5808,0.85546875,904.16797,469.35938,0.80078125,881.46094,491.2163,0.8125,842.4863,498.5127,0.8828125
249,1230.2617,265.05273,0.22338867,877.27246,590.20703,0.12121582,1269.9219,406.76562,0.24914551,1260.6826,379.68628,0.74609375,1196.4963,376.28516,0.8378906,1074.294,386.49707,0.8852539,1056.375,389.30273,0.8881836,1021.32324,387.5481,0.86816406,990.09766,386.4004,0.9555664,957.43066,391.5293,0.796875,934.6699,411.03564,0.7578125,919.83203,437.81836,0.80126953,904.16797,464.9043,0.7480469,883.3174,488.63672,0.79589844,850.55176,505.88477,0.8120117
250,1236.2373,265.05273,0.15551758,877.27246,590.20703,0.18896484,1269.9219,405.5703,0.15478516,1260.6826,379.68628,0.8232422,1204.6963,376.1875,0.81591797,1078.0352,386.65234,0.93652344,1058.8887,390.22852,0.97802734,1023.6719,387.6587,0.89746094,992.52344,386.4004,0.91748047,960.27344,389.85938,0.7993164,936.39453,406.08398,0.7426758,919.83203,427.65454,0.61328125,902.7949,463.65625,0.5288086,888.7344,488.48828,0.80615234,850.68555,507.66064,0.8413086
251,1236.2373,265.05273,0.31860352,877.27246,590.20703,0.07739258,1269.9219,405.5703,0.114868164,1264.1289,379.68628,0.70751953,1208.4004,376.01172,0.79589844,1088.4062,388.1065,0.99316406,1066.2578,390.5371,0.93066406,1030.8184,389.03125,0.9375,998.7246,386.5459,0.9189453,964.7158,389.43066,0.85302734,937.71484,404.8296,0.71875,919.83203,425.30664,0.60839844,902.7949,462.3203,0.62402344,890.5322,483.94235,0.8544922,854.1289,507.66064,0.9042969
252,1236.2373,266.35742,0.5073242,877.27246,590.20703,0.117614746,1227.082,406.76562,0.20800781,1272.7109,377.6797,0.5566406,1217.1953,374.80078,0.859375,1089.5352,389.19434,0.85791016,1072.1992,391.2422,0.8930664,1034.5635,390.24805,0.9267578,1003.02,386.7871,0.8408203,970.43555,386.60254,0.79345703,942.53906,398.18164,0.73095703,922.0215,414.96484,0.72753906,902.7949,449.44336,0.49536133,890.69824,477.87012,0.82177734,868.2842,505.88477,0.83740234
253,625.7168,591.15234,0.41870117,994.1885,572.0865,0.101745605,992.2656,580.5454,0.037994385,1272.7109,375.88086,0.65625,1221.9355,374.64258,0.8574219,1095.0977,389.48633,0.79003906,1077.084,391.41406,0.93310547,1042.79,391.60156,0.92578125,1012.13293,386.7998,0.90185547,979.78357,385.49023,0.8935547,952.21094,390.94336,0.73291016,927.0664,405.84863,0.8071289,909.33496,423.93555,0.6035156,890.69824,477.87012,0.65283203,882.8672,492.31445,0.82373047
254,625.7168,591.3301,0.7001953,996.5703,572.0865,0.20507812,992.2656,583.084,0.12768555,1273.7891,374.87305,0.5307617,1224.7168,373.96777,0.78564453,1103.0957,389.65918,0.7636719,1085.6934,392.4043,0.69140625,1048.5293,394.05078,0.8041992,1014.9492,387.78625,0.8959961,982.05273,384.41992,0.82128906,955.5491,387.51,0.7529297,928.40234,400.67188,0.7446289,909.33496,423.93555,0.67285156,890.69824,477.87012,0.6425781,886.6719,484.0517,0.9658203
255,621.04297,591.3301,0.60253906,994.1885,573.4541,0.27441406,602.73047,592.59375,0.09240723,1275.4429,374.50977,0.2631836,1235.3975,373.96777,0.75341797,1103.8164,389.83398,0.7373047,1090.0322,394.5,0.72753906,1050.956,396.0508,0.84765625,1017.7969,388.80273,0.8203125,986.02344,384.41992,0.7163086,960.6738,386.70898,0.83203125,931.3804,394.43848,0.7915039,910.4297,416.125,0.68359375,891.04297,458.33105,0.68066406,886.6719,473.4922,0.7631836
256,619.3203,591.15234,0.052734375,994.1885,572.0865,0.11047363,992.2656,583.084,0.108947754,1280.0762,374.3125,0.24145508,1236.6528,373.96777,0.8520508,1108.0708,390.0,0.7368164,1093.5918,394.8584,0.76123047,1055.3516,397.95312,0.7319336,1022.72656,390.1543,0.7480469,990.16016,384.41992,0.67089844,960.9453,385.4922,0.7128906,932.38135,391.1289,0.70410156,911.20703,406.96484,0.69384766,837.3955,560.85156,0.7441406,886.6719,466.32715,0.8720703
257,602.501,589.30566,0.34326172,592.6035,572.0865,0.117126465,992.2656,580.5454,0.07305908,1280.0762,374.3125,0.18920898,1245.0986,374.0371,0.78564453,1119.5938,390.0,0.7519531,1100.5405,395.76648,0.76464844,1059.8982,401.95898,0.8857422,1024.7715,393.35742,0.7680664,995.3921,385.93164,0.80078125,966.35156,385.4922,0.6586914,932.38135,391.1289,0.7158203,911.20703,406.96484,0.65478516,835.38184,570.08203,0.73583984,886.24023,456.7422,0.8671875
258,602.501,512.0039,0.07897949,58.819336,498.7588,0.0440979,1002.3867,474.96582,0.04321289,1280.0762,374.3125,0.13232422,1254.4492,374.2461,0.6538086,1124.6455,390.0,0.7939453,1106.2881,395.76648,0.8798828,1069.4951,403.0874,0.8588867,1034.832,398.41797,0.7416992,1002.6865,389.72754,0.77734375,978.22363,385.4922,0.6616211,935.5449,386.46094,0.63671875,911.20703,396.41016,0.7182617,835.38184,570.08203,0.7651367,884.53955,443.90747,0.8383789
259,65.44336,510.4082,0.4050293,58.819336,498.7588,0.15881348,1260.5181,474.7256,0.13342285,1258.9932,376.19922,0.08898926,1258.7197,375.58594,0.60498047,1129.9883,389.61816,0.7832031,1109.8428,394.8584,0.93847656,1075.9878,404.97754,0.9194336,1044.3389,403.354,0.8520508,1012.917,394.5166,0.7104492,987.40234,386.6748,0.62890625,942.01953,386.46094,0.7480469,916.93945,389.2256,0.6503906,891.04297,423.70117,0.8105469,884.53955,434.34277,0.90283203
260,65.44336,510.4082,0.059661865,58.819336,498.7588,0.054107666,1260.5181,474.7256,0.048980713,1257.2656,376.20312,0.13171387,1262.5039,375.7539,0.5966797,1136.4746,387.69092,0.7817383,1117.1836,393.5332,0.84521484,1083.1543,404.97754,0.87890625,1051.8551,407.0332,0.89404297,1020.2346,401.05664,0.6479492,997.0615,392.57812,0.66064453,965.93164,387.29785,0.56103516,935.3672,378.9756,0.60009766,835.38184,585.68945,0.75439453,884.53955,425.82812,0.7558594
261,610.44824,510.4082,0.083740234,714.3594,586.8291,0.1899414,1058.0254,474.96582,0.08404541,1257.2656,376.20312,0.3269043,1266.8965,376.53516,0.4404297,1140.6606,387.31445,0.79003906,1122.2783,393.49414,0.8388672,1089.6855,404.97754,0.9321289,1059.8124,410.16797,0.8383789,1029.8057,406.48828,0.8198242,1003.72437,399.06836,0.74609375,978.1406,395.48633,0.6879883,945.66406,378.9756,0.6020508,830.80664,585.92773,0.7607422,885.9424,412.59766,0.78808594
262,1077.5098,586.09863,0.36694336,806.17773,589.89453,0.3413086,1065.8223,598.72266,0.16589355,1257.291,376.19922,0.35498047,1270.1953,376.82812,0.4140625,1141.1387,386.85254,0.80371094,1124.1118,392.54102,0.96777344,1094.6445,404.0938,0.8520508,1068.7583,410.16797,0.84375,1038.0938,412.82764,0.7714844,1010.84766,406.52734,0.7895508,988.3242,395.48633,0.7739258,954.73145,378.9756,0.61572266,900.31226,394.9414,0.79345703,888.89453,402.53906,0.81347656
263,1077.5098,606.29297,0.6425781,1065.5117,589.89453,0.20727539,1065.8223,598.72266,0.24890137,1257.291,376.16016,0.33203125,1272.0586,376.82812,0.3251953,1151.1035,386.5332,0.8339844,1131.0063,390.58203,0.87109375,1102.2715,402.69043,0.8286133,1076.1532,410.16797,0.87109375,1046.9355,416.31055,0.81933594,1019.50415,413.98145,0.7597656,995.4531,404.24707,0.9008789,972.41113,389.09668,0.7363281,907.89417,383.22852,0.64746094,891.7151,394.52344,0.8989258
264,1077.5098,606.29297,0.6591797,1065.5117,590.3086,0.35424805,1058.0254,605.2324,0.24951172,1258.5283,375.75,0.26635742,1272.7891,376.53516,0.37182617,1152.793,386.5332,0.75634766,1135.2598,389.82324,0.90527344,1106.9863,401.58008,0.86279297,1082.9482,409.5703,0.82958984,1054.3008,417.04297,0.8027344,1027.6687,420.19202,0.85546875,998.05273,410.52344,0.82470703,975.5176,397.458,0.7973633,949.8838,381.02637,0.7133789,893.7012,384.98633,0.88183594
265,1077.5098,606.29297,0.18713379,1065.5117,590.3086,0.06994629,1058.0254,605.7461,0.048065186,1258.5283,375.75,0.2006836,1272.8984,376.4414,0.36401367,1158.4414,384.78125,0.7319336,1139.4053,389.80176,0.92626953,1111.584,398.08398,0.83203125,1085.7686,407.46094,0.8305664,1057.2754,417.04297,0.8276367,1027.7538,422.80664,0.8334961,1000.5117,413.88965,0.8588867,978.3213,397.98047,0.7675781,950.18164,381.02637,0.8833008,899.76074,377.85352,0.859375
266,783.36523,608.40625,0.6040039,765.2793,589.9072,0.5385742,767.47656,605.7461,0.3173828,1258.5283,376.16016,0.16186523,1272.9023,375.15234,0.39697266,1164.0222,382.7832,0.78515625,1145.3555,387.5254,0.89404297,1116.2457,396.4309,0.80810547,1090.6465,406.54688,0.8486328,1060.9775,417.04297,0.7651367,1028.583,425.32422,0.7792969,1001.28516,415.76367,0.7626953,982.1465,399.02344,0.74902344,951.8672,381.02637,0.9277344,909.73926,371.5901,0.9301758
267,782.5586,608.5781,0.6958008,765.2793,588.5991,0.39916992,761.0371,605.2324,0.34179688,1258.9482,376.16016,0.1394043,1273.4766,375.07812,0.39868164,1166.582,380.76855,0.8276367,1150.248,385.5039,0.85302734,1119.2383,393.99023,0.83496094,1093.5176,404.42163,0.8745117,1068.9136,416.25977,0.78271484,1038.7227,427.12744,0.70654297,1003.6106,422.85938,0.67041016,983.33594,409.9375,0.6899414,962.2451,389.29492,0.9584961,923.3013,371.5901,0.93359375
268,782.5586,602.22266,0.7553711,765.2793,588.5991,0.46801758,761.0371,605.2324,0.30322266,803.42285,591.92773,0.25219727,1273.8242,374.69336,0.3544922,1172.6318,377.97656,0.8227539,1154.9697,380.23035,0.94628906,1122.5938,388.00345,0.8979492,1099.0552,400.1914,0.7661133,1074.4541,414.71875,0.75878906,1043.6804,427.68994,0.69189453,1006.2988,427.69336,0.6176758,984.83984,415.41602,0.6430664,964.0692,393.27344,0.8984375,932.0819,371.5901,0.98779297
269,782.5586,602.22266,0.3581543,895.85547,579.95795,0.085510254,761.0371,594.1797,0.046936035,797.6504,595.9476,0.064941406,1273.8242,374.4414,0.31713867,1179.1367,375.81445,0.8100586,1161.5117,378.0254,0.85009766,1127.9785,384.46875,0.8261719,1103.0059,397.51562,0.74560547,1078.1855,412.33936,0.8095703,1052.9297,427.68994,0.7036133,1020.1981,436.28345,0.6513672,991.10156,425.09375,0.62939453,969.46875,400.35352,0.7963867,941.2793,377.58008,0.91845703
270,913.3047,587.80273,0.56884766,904.93555,579.95795,0.15917969,899.41406,594.1797,0.14575195,801.4336,595.9476,0.09832764,1273.8242,373.06836,0.25854492,1183.9727,373.33203,0.8261719,1168.6582,375.25977,0.8666992,1131.7468,380.33057,0.9506836,1107.6057,393.99023,0.78564453,1083.6516,410.36328,0.72314453,1058.5791,427.68994,0.8261719,1029.5947,438.39062,0.7128906,998.97266,434.49902,0.7080078,973.0137,408.8203,0.6972656,947.17773,382.6875,0.9111328
271,922.5293,587.17334,0.7519531,910.7031,579.95795,0.39526367,905.7715,594.1797,0.3449707,803.42285,591.92773,0.2541504,1273.8477,370.58887,0.3190918,1190.6621,372.02527,0.9199219,1171.8538,373.8203,1.0,1133.2363,378.49707,0.92626953,1110.7637,391.7793,0.78125,1089.0234,407.20312,0.81152344,1065.5801,426.48828,0.7109375,1043.1484,438.39062,0.74658203,1011.9051,441.94336,0.69677734,982.3164,425.64062,0.83496094,955.9791,394.33594,0.8798828
272,929.0469,587.17334,0.75878906,910.7031,580.22864,0.35888672,911.95703,594.751,0.3395996,803.42285,595.9476,0.21520996,1274.0273,367.79297,0.3449707,1197.7129,370.9043,0.9633789,1176.8281,372.29688,0.9848633,1142.0449,373.25098,0.89990234,1118.3652,384.69727,0.79003906,1095.1992,400.50195,0.7729492,1075.9059,420.69238,0.83203125,1055.4961,438.39062,0.7792969,1024.7266,443.95428,0.6855469,989.4668,434.38184,0.76660156,959.8535,405.6045,0.8925781
273,934.82227,587.17334,0.6958008,918.6875,580.9429,0.36279297,919.4336,594.8125,0.35839844,802.4258,596.29395,0.19335938,1274.4756,366.8203,0.23937988,1199.8516,370.18262,0.7807617,1181.5615,371.36377,0.9116211,1144.5684,372.46118,0.7685547,1121.8438,380.56787,0.8251953,1096.9902,397.01855,0.6738281,1078.1309,418.55664,0.8261719,1059.3628,437.5713,0.8144531,1035.311,443.95428,0.6738281,997.1914,443.21094,0.8022461,963.1675,415.47656,0.93115234
274,943.39453,591.2383,0.62158203,928.4863,584.6543,0.3408203,929.08984,597.5156,0.2697754,803.8789,596.29395,0.21179199,1274.5625,366.15234,0.18786621,1207.6758,369.74414,0.8486328,1187.8644,371.24854,0.9560547,1150.6875,370.7246,0.8129883,1125.2393,377.26367,0.85546875,1102.6855,389.26562,0.7890625,1082.7305,410.89258,0.83740234,1068.6484,429.52637,0.77734375,1046.2988,443.95428,0.6772461,1009.41016,450.96484,0.77246094,968.6719,428.74658,0.9057617
275,949.88184,592.1719,0.36206055,934.4414,584.6836,0.2401123,935.16797,597.5947,0.19091797,930.8213,593.0547,0.29589844,1274.5625,365.4414,0.17578125,1208.3672,369.10938,0.82177734,1192.1172,368.8164,0.82910156,1154.2236,368.93164,0.7915039,1127.6328,374.0039,0.8461914,1103.8555,387.14453,0.8120117,1084.0475,405.49512,0.8461914,1069.0322,425.1211,0.78808594,1051.8342,441.4297,0.68603516,1020.83545,454.38086,0.7729492,972.1969,437.33398,0.9926758
276,956.3076,592.3242,0.66748047,940.98,585.64844,0.25341797,943.9219,597.68066,0.18981934,930.8213,593.1289,0.19372559,1274.9258,364.33594,0.13769531,1216.5586,367.3672,0.7993164,1198.8906,368.5039,0.8222656,1161.1602,366.28125,0.89160156,1131.0874,370.57227,0.9658203,1104.6719,383.57812,0.7578125,1084.5508,401.7578,0.87060547,1069.3193,422.89453,0.7519531,1052.7407,439.17578,0.7988281,1027.1025,454.38086,0.80908203,976.07227,446.52734,0.8745117
277,962.291,592.3242,0.6254883,946.54004,585.64844,0.46240234,946.86816,597.68066,0.42407227,934.5293,593.0547,0.26757812,1274.5625,364.33594,0.11602783,1224.043,367.3672,0.8173828,1204.0057,368.5039,0.89746094,1166.9297,364.65967,0.84033203,1136.9746,367.21484,0.8979492,1106.6104,377.68164,0.7963867,1085.2139,397.91016,0.8378906,1069.5166,419.93536,0.7915039,1053.7197,436.80225,0.8574219,1030.2012,454.38086,0.87158203,982.584,456.375,0.89208984
278,970.5293,592.3242,0.4958496,957.0127,585.15625,0.33251953,946.86816,597.5947,0.25561523,942.6582,592.5039,0.21826172,1274.3779,361.26562,0.11224365,1230.0371,367.3672,0.8720703,1208.2148,368.5039,0.82910156,1173.873,364.13013,0.90966797,1144.5234,364.85498,0.89453125,1112.2617,372.3462,0.80908203,1087.7461,390.12305,0.80908203,1069.9316,412.136,0.74072266,1055.1309,432.0371,0.75683594,1034.1641,452.1704,0.8691406,990.0449,464.77148,0.91064453
279,972.9907,592.3242,0.80371094,959.4844,584.6836,0.3696289,946.86816,597.09766,0.36254883,947.08984,592.125,0.2479248,1270.4043,364.33594,0.06414795,1235.0605,367.375,0.7675781,1213.1602,368.96094,0.8857422,1180.218,363.9292,0.87158203,1151.9102,361.75977,0.84814453,1120.0508,367.2461,0.7529297,1096.8242,379.9137,0.70166016,1074.8438,399.77734,0.67578125,1059.5508,420.7495,0.6245117,1038.3809,445.82324,0.8120117,998.88086,464.77148,0.9223633
280,972.9907,591.6113,0.47802734,959.4844,583.9746,0.13085938,827.7427,588.459,0.1739502,1264.293,285.77246,0.10015869,1270.4043,361.26562,0.07623291,1240.5625,368.42773,0.85498047,1218.1875,369.66016,0.97021484,1185.3047,363.9292,0.86621094,1153.6406,358.0254,0.78027344,1123.6816,361.91406,0.84228516,1099.5125,373.31836,0.6748047,1079.207,389.17676,0.5883789,1062.7793,411.02588,0.53515625,1040.6836,441.0078,0.7602539,1008.47656,464.77148,0.8754883
281,972.9907,588.60693,0.25708008,959.4844,582.31836,0.10797119,827.7427,588.459,0.08746338,1264.293,285.77246,0.055908203,1240.5547,368.95117,0.042541504,1247.6445,369.53125,0.9272461,1223.3398,370.55762,0.9277344,1191.1016,363.9292,0.8540039,1157.2842,356.52393,0.8461914,1128.9766,359.42773,0.70458984,1106.956,367.75,0.6567383,1087.2031,380.18713,0.60253906,1066.2646,396.42017,0.66796875,1049.2793,429.6338,0.6508789,1019.31396,464.67188,0.86865234
282,914.71094,588.60693,0.113586426,971.8804,582.31836,0.13415527,827.7427,540.039,0.17749023,1267.8684,285.77246,0.19543457,1240.5547,368.95117,0.050201416,1253.9316,370.25098,0.9145508,1230.6152,371.13867,0.92285156,1199.5391,365.89844,0.9003906,1163.7395,356.448,0.8486328,1135.6973,354.82324,0.78808594,1111.332,361.20703,0.6425781,1088.7363,374.6953,0.7133789,1068.6196,391.73242,0.64160156,1049.8965,425.85742,0.74072266,1025.957,460.50098,0.79296875
283,914.71094,588.60693,0.078308105,969.0078,580.23865,0.24645996,827.96356,575.66016,0.15844727,1268.0472,527.9844,0.06768799,774.3008,467.61792,0.06072998,1262.3496,370.59082,0.9121094,1235.918,372.19128,0.9169922,1204.8105,366.21484,0.96240234,1169.4414,356.448,0.82421875,1140.2678,353.3164,0.8491211,1114.8252,358.4707,0.7138672,1089.541,369.4668,0.7661133,1068.8652,388.95068,0.7207031,1050.8516,422.53906,0.7949219,1033.4297,452.81348,0.8535156
284,725.98145,582.5039,0.06921387,829.3711,579.6101,0.08459473,827.96356,579.74585,0.12213135,1268.5254,529.4121,0.05532837,1240.5547,371.80273,0.083618164,1265.4043,372.28296,0.8857422,1241.7051,373.4922,0.91308594,1211.124,367.83984,0.9428711,1177.4023,356.52393,0.7841797,1147.8595,350.39258,0.7319336,1123.3281,351.83594,0.5883789,1094.1289,360.55273,0.72265625,1068.9658,378.38574,0.7285156,1051.0288,410.10742,0.79296875,1039.4395,445.4209,0.83935547
285,914.71094,590.69727,0.15039062,969.0078,566.3047,0.08026123,827.96356,575.66016,0.06414795,1268.0472,529.4121,0.055511475,1240.5547,380.95703,0.06506348,1269.4326,372.7539,0.82714844,1247.7422,373.99023,0.81152344,1214.5117,369.29297,0.8720703,1184.4473,357.33398,0.85009766,1152.457,346.79492,0.74121094,1126.125,345.50195,0.7036133,1098.627,353.56055,0.7602539,1072.0898,368.91992,0.7446289,1054.0039,396.11676,0.73583984,1042.1465,432.0586,0.82470703
286,1075.2471,590.69727,0.10131836,1050.0596,561.3711,0.33325195,708.5625,444.2976,0.16101074,1268.0472,527.9844,0.03656006,1241.0859,383.07812,0.048675537,1269.8467,373.07422,0.7207031,1250.2021,375.07812,0.8569336,1214.9375,369.63086,0.91748047,1187.1265,357.4248,0.84033203,1157.0967,346.79492,0.81347656,1127.8555,341.66113,0.8051758,1099.9907,346.68164,0.7270508,1075.1982,360.5039,0.7133789,1055.6543,388.58984,0.71240234,1043.5671,422.14258,0.8847656
287,1090.2959,582.5039,0.09625244,1249.0781,356.28125,0.035339355,708.5625,444.2976,0.04876709,1250.7109,305.33594,0.0625,1254.2891,383.07812,0.041870117,1274.8066,373.2412,0.73828125,1254.9609,375.3672,0.8417969,1220.1519,371.7744,0.9926758,1193.7363,360.94727,0.76220703,1164.0358,346.79492,0.78808594,1138.4863,341.3252,0.7705078,1105.9707,338.8994,0.66064453,1078.9238,349.76172,0.61621094,1058.7988,375.91016,0.77246094,1046.373,409.3672,0.82373047
288,1124.6343,582.5039,0.10687256,1249.0781,356.28125,0.033325195,708.5625,444.2976,0.066101074,1250.7109,299.61865,0.109375,1254.2891,380.95703,0.04434204,1283.0117,374.125,0.69384766,1262.75,376.51758,0.7783203,1230.0332,374.88672,0.87939453,1199.3594,364.6411,0.7783203,1172.397,349.0586,0.7182617,1150.0957,341.3252,0.67626953,1114.6357,333.9873,0.6020508,1085.3105,340.08136,0.5288086,1061.3379,364.03687,0.74902344,1048.3945,397.2832,0.82714844
289,1248.8574,357.64844,0.07714844,1249.0781,356.28125,0.03866577,1109.1211,444.1151,0.1003418,1250.7109,299.61865,0.39160156,1255.416,383.07812,0.041900635,1283.8789,375.0703,0.5151367,1267.21,376.51758,0.828125,1234.5371,378.6123,0.89208984,1203.5466,368.9297,0.82714844,1178.5254,353.69336,0.7841797,1157.3545,341.3252,0.80859375,1123.7124,332.8838,0.5991211,1094.5586,331.27002,0.54833984,1064.75,352.52344,0.7426758,1052.1107,384.81055,0.8300781
290,1248.8574,357.64844,0.080566406,1115.4888,446.05664,0.39331055,1276.5654,300.78516,0.105163574,1250.7109,300.99072,0.15039062,1255.416,384.67383,0.058685303,1283.8789,375.3203,0.32666016,1272.6016,376.51758,0.7055664,1236.5435,380.02722,0.87158203,1205.3535,371.3872,0.8208008,1181.5693,357.79785,0.7451172,1161.2656,343.09766,0.8125,1133.7969,332.8838,0.68310547,1107.0464,325.91992,0.5288086,1068.3533,340.29297,0.7602539,1052.2607,372.49316,0.8666992
291,1124.6343,518.0703,0.058624268,1110.0879,573.6465,0.112976074,1276.5654,296.41992,0.070739746,1257.3887,300.99072,0.15307617,1254.0781,580.386,0.03955078,1283.8789,376.85547,0.24926758,1272.6016,376.51758,0.54589844,1246.9316,380.02722,0.6328125,1216.1426,378.12305,0.7739258,1187.4839,363.53564,0.6503906,1166.6777,348.45093,0.70654297,1144.1797,332.8838,0.63671875,1120.5488,325.91992,0.5961914,1078.0605,327.05078,0.6899414,1052.9907,361.49805,0.81347656
292,1124.6343,518.0703,0.05831909,1110.0879,573.6465,0.05331421,1275.3096,296.41992,0.058135986,1257.3887,562.63477,0.24499512,1242.1768,580.386,0.035186768,971.7412,611.5032,0.06713867,1275.6367,376.28125,0.13562012,1266.1836,380.02722,0.31152344,1238.5117,381.8877,0.60058594,1202.7783,376.10938,0.5800781,1177.6992,362.1582,0.69091797,1153.6406,341.1875,0.63183594,1125.7412,325.91992,0.67822266,1091.7451,318.8418,0.71240234,1055.041,349.53613,0.8720703
293,1010.30176,518.0703,0.09094238,1106.9648,579.49023,0.055236816,1275.3096,296.41992,0.039215088,1250.4102,562.63477,0.14135742,1218.0273,580.386,0.044006348,971.7412,611.5032,0.109680176,1277.1152,376.04297,0.077697754,1270.6738,379.22705,0.28198242,1240.8574,381.8877,0.5292969,1209.5508,381.37305,0.65283203,1182.4746,368.01953,0.6923828,1157.166,346.39062,0.67578125,1133.5459,327.7793,0.5913086,1099.54,316.06763,0.75341797,1057.2734,336.73047,0.7792969
294,1010.30176,590.1914,0.23046875,1106.9648,584.4004,0.119262695,1226.8115,600.3828,0.062164307,1244.9829,562.63477,0.20129395,1180.3701,588.85156,0.037994385,971.7412,611.5032,0.087646484,1278.7559,376.04297,0.11810303,1272.7188,378.58008,0.29760742,1245.1797,381.8877,0.5214844,1213.0342,383.05664,0.6323242,1185.6855,371.24463,0.7128906,1163.4429,353.93164,0.7441406,1141.794,332.79248,0.7602539,1108.0576,316.06763,0.6533203,1057.2734,336.73047,0.9091797
295,1183.1504,606.0254,0.20397949,1170.751,590.71484,0.27172852,1226.8115,604.6201,0.05581665,1244.9829,287.4922,0.16430664,1218.0273,576.6914,0.055389404,1150.4785,288.03906,0.07006836,1278.7559,376.04297,0.1015625,1272.7188,376.98242,0.30395508,1245.1797,380.7832,0.4868164,1215.7227,383.05664,0.56396484,1185.6855,373.14355,0.734375,1163.4429,355.0171,0.7529297,1143.5332,334.56055,0.7758789,1119.2305,316.06763,0.6503906,1057.2734,336.73047,0.75341797
296,1183.1504,606.0254,0.3293457,1170.751,586.6172,0.14074707,959.6133,604.6201,0.111816406,1244.9829,287.4922,0.1439209,1226.3555,302.35938,0.04788208,1164.8716,288.03906,0.08123779,1278.7559,375.06836,0.06793213,1272.7188,376.375,0.21960449,1245.6387,380.21643,0.30639648,1217.0,383.05664,0.41552734,1187.1206,375.56445,0.6347656,1163.854,359.18945,0.70654297,1143.7422,339.84485,0.7089844,1125.7373,318.92578,0.7836914,1062.0664,463.58984,0.29174805
297,985.8125,606.0254,0.6147461,967.9219,586.6172,0.3544922,971.3667,604.6201,0.24987793,1243.9595,287.4922,0.5024414,1226.3555,302.35938,0.1104126,1200.1562,285.10938,0.07092285,1279.6855,374.58203,0.11212158,1268.6631,375.92188,0.13061523,1249.3281,378.958,0.31958008,1218.7871,381.76953,0.33496094,1188.9678,375.68555,0.6171875,1163.854,359.39648,0.6044922,1147.0854,340.61768,0.67626953,1127.6309,318.98047,0.79541016,1065.873,463.58984,0.4831543
298,997.23145,595.6135,0.55566406,975.7578,586.6172,0.2130127,978.5635,604.6201,0.22216797,1244.9829,288.8711,0.22680664,1255.1484,291.51294,0.09100342,1200.1562,285.10938,0.07836914,1278.2812,374.23438,0.11138916,1268.0234,371.083,0.1862793,1249.3281,374.00977,0.375,1232.2637,378.67188,0.34472656,1202.0107,379.58862,0.6459961,1168.0547,365.45898,0.63623047,1149.1309,349.9375,0.61083984,1128.4648,325.0166,0.85498047,1090.3672,463.58984,0.4555664
299,997.23145,595.6135,0.69921875,975.7578,586.6172,0.65234375,978.5635,605.30664,0.5258789,1243.9595,290.5664,0.5307617,1257.8438,291.51294,0.103759766,1200.1562,372.03906,0.0847168,1278.2812,372.23047,0.11431885,1268.0234,367.7422,0.28100586,1252.9375,371.0625,0.4375,1232.2637,375.83594,0.43530273,1202.3242,379.63257,0.6538086,1171.0249,370.36914,0.6298828,1150.1309,351.1504,0.58935547,1128.6562,326.73633,0.88671875,1102.3965,306.1875,0.53564453
300,985.8125,595.23,0.8022461,967.9219,586.209,0.5678711,978.5635,605.30664,0.40307617,973.6543,595.1128,0.46606445,1257.8438,297.33594,0.070617676,1200.1562,580.5078,0.10858154,1279.6855,360.66797,0.17285156,1268.6631,366.25,0.3552246,1255.1738,367.63867,0.5341797,1233.6406,375.46875,0.5708008,1203.2744,380.21204,0.6972656,1172.2341,372.11877,0.57470703,1150.9941,354.79688,0.5625,1128.8984,328.22656,0.8833008,1103.2715,306.1875,0.64160156
301,997.23145,594.1289,0.7480469,967.9219,585.2422,0.64208984,978.5635,605.30664,0.55126953,973.6543,595.1128,0.53271484,1255.1484,297.33594,0.06921387,1041.707,594.3086,0.07940674,1280.6055,358.6172,0.13427734,1268.0234,362.62695,0.3984375,1255.1738,367.34766,0.625,1232.2637,375.05664,0.55859375,1203.3608,380.56006,0.69873047,1172.4082,373.80273,0.6196289,1152.4805,360.17773,0.6166992,1129.2031,332.40552,0.7290039,1106.0625,306.1875,0.5986328
302,997.23145,585.96875,0.20056152,55.20508,491.32812,0.14697266,989.3135,604.0469,0.07489014,973.6543,595.4453,0.16821289,1187.6167,300.96338,0.059417725,970.64746,597.2051,0.06628418,1280.6055,358.30078,0.13769531,1270.0137,361.09766,0.3803711,1255.1738,366.49805,0.5908203,1232.2637,374.36328,0.5678711,1205.3438,380.56006,0.6098633,1179.7456,378.71777,0.59521484,1157.1318,368.1172,0.6333008,1132.9009,340.05057,0.6977539,1109.5176,314.13184,0.625
303,1006.66406,585.96875,0.3322754,55.20508,491.32812,0.15026855,997.6914,594.80664,0.058288574,973.6543,595.4453,0.26367188,1187.6167,300.96338,0.03881836,970.64746,598.66406,0.049713135,1280.6055,356.46484,0.1583252,1271.0371,358.86133,0.48632812,1255.1738,364.77393,0.57470703,1233.6406,373.57812,0.5415039,1206.6426,380.56006,0.58691406,1180.3315,379.83948,0.5932617,1161.6504,373.73438,0.6352539,1138.2979,351.09375,0.7890625,1113.9824,322.4629,0.796875
304,1080.4766,509.31055,0.34106445,55.20508,491.32812,0.16662598,1094.3242,568.2969,0.10119629,987.4302,595.4453,0.1239624,979.1826,596.33887,0.058532715,1040.207,598.66406,0.08746338,1279.0684,356.46484,0.12243652,1270.0137,358.28125,0.25708008,1255.668,360.50977,0.42260742,1234.2178,371.11865,0.5053711,1213.0947,378.47754,0.5185547,1190.0273,379.83948,0.61572266,1164.2441,376.42383,0.6586914,1139.9349,358.11328,0.83154297,1116.2495,329.66602,0.86376953
305,1108.2327,585.96875,0.61816406,1009.20703,584.4219,0.24572754,1094.3242,568.2969,0.24584961,1004.21436,601.33984,0.14831543,983.084,605.47266,0.09655762,1002.1582,603.4595,0.08465576,1278.6758,356.0218,0.081848145,1270.0137,355.74072,0.2199707,1258.0977,354.31836,0.45825195,1243.0723,362.4375,0.44628906,1222.3359,373.64648,0.5883789,1199.8477,379.83948,0.57421875,1173.7539,378.9297,0.5786133,1142.8281,366.26953,0.7402344,1117.7832,338.54395,0.8461914
306,1108.2327,588.8589,0.44702148,1016.31445,584.8008,0.23571777,1094.3242,594.80664,0.22143555,1004.21436,601.33984,0.50439453,977.0371,605.47266,0.07928467,1020.74365,606.26953,0.095703125,1278.5508,355.51562,0.06347656,1273.2031,349.53027,0.08203125,1264.5078,348.34985,0.25561523,1245.0146,353.6328,0.18078613,1231.0723,361.75,0.25610352,1211.2319,377.32617,0.5415039,1184.9531,378.9297,0.48266602,1150.5059,374.03516,0.7470703,1118.7715,346.76367,0.85839844
307,1108.2327,589.2871,0.6269531,1016.9082,584.8008,0.28076172,1023.76953,602.6953,0.18359375,1007.7617,600.2461,0.15368652,983.084,600.81055,0.06488037,1020.74365,606.8711,0.115478516,1278.0723,342.38672,0.11383057,1273.2031,340.8706,0.08520508,1265.3008,342.45117,0.22509766,1249.6973,347.7246,0.12805176,1232.6953,358.08203,0.24182129,1220.435,370.2627,0.47070312,1198.1836,378.9297,0.46704102,1160.2812,379.0205,0.61572266,1121.6816,356.47095,0.86572266
308,1047.4961,591.8906,0.4494629,1016.9082,588.0068,0.27416992,1023.76953,606.5,0.15405273,1007.7617,600.2461,0.29174805,983.084,605.47266,0.044403076,1020.74365,606.8711,0.1239624,1278.0723,340.61035,0.087524414,1271.6055,334.0996,0.12963867,1265.3008,337.16992,0.33032227,1249.6973,342.07227,0.2220459,1232.6953,353.10352,0.3647461,1220.6382,363.15332,0.5859375,1205.2842,372.90674,0.6298828,1175.4844,379.0205,0.74658203,1125.9092,365.4746,0.83740234
309,1047.4961,593.0039,0.47045898,1017.10156,587.99695,0.16503906,1023.76953,606.5,0.07763672,1012.2737,599.1172,0.07647705,997.49414,602.45703,0.08215332,1020.74365,607.0,0.08734131,1278.0723,340.1172,0.08087158,1271.6055,332.49683,0.12384033,1265.3008,333.0039,0.31445312,1245.5371,339.25537,0.21362305,1232.3633,347.75745,0.2861328,1220.6382,357.88965,0.44360352,1210.627,366.625,0.54345703,1182.2617,379.0205,0.70214844,1130.6953,373.33203,0.9428711
310,1047.4961,595.6741,0.55029297,1030.8789,587.99695,0.18200684,1033.418,602.6953,0.117492676,1022.75586,599.1172,0.14819336,1003.5615,600.81055,0.10443115,1036.429,607.0,0.09863281,1277.0391,329.5879,0.079833984,1270.6875,329.64453,0.12963867,1264.1816,331.95822,0.2775879,1245.5371,335.91797,0.18981934,1232.3633,343.5,0.18273926,1220.7764,350.05664,0.3161621,1215.2559,357.18652,0.5180664,1189.8379,374.01367,0.6616211,1134.5195,381.91797,0.85546875
311,1055.8594,596.3364,0.28442383,1035.148,588.0068,0.13330078,1045.8867,597.40137,0.037384033,1027.1201,598.1387,0.06573486,1025.082,602.45703,0.039367676,1039.082,607.0,0.076293945,1275.3506,325.65234,0.097595215,1269.7373,327.14258,0.09197998,1262.8125,328.22266,0.19946289,1237.4648,335.73047,0.19104004,1229.0996,343.11328,0.19763184,1220.7764,346.48047,0.26367188,1216.8789,352.93164,0.37329102,1192.8105,370.9004,0.66064453,1142.0195,383.9961,0.9321289
312,1056.1855,597.4863,0.19714355,1039.793,588.0068,0.085754395,1058.002,597.40137,0.05657959,1030.1562,599.1172,0.05557251,1033.5195,605.3428,0.042022705,1263.0586,327.23828,0.08282471,1275.3506,325.65234,0.10876465,1269.7373,327.14258,0.20361328,1260.3594,326.58594,0.1920166,1237.167,332.6079,0.15979004,1229.0996,340.2776,0.17578125,1221.5625,340.72266,0.18981934,1217.668,345.01562,0.33862305,1194.0361,365.64258,0.6972656,1151.3477,383.9961,0.875
313,1066.1318,601.29297,0.42089844,1052.9268,588.7964,0.18762207,1058.002,597.40137,0.0836792,1043.8064,599.1172,0.27319336,1042.6182,602.45703,0.21154785,1264.7227,322.17773,0.095214844,1274.5605,323.84143,0.043640137,1269.7373,327.14258,0.13562012,1260.1328,320.29688,0.2446289,1236.8188,327.1328,0.20361328,1229.0996,333.76953,0.19506836,1221.5625,338.6289,0.26464844,1218.0947,342.14844,0.39453125,1199.373,358.34766,0.57421875,1165.2764,383.9961,0.8676758
314,1076.8672,601.29297,0.28735352,1056.2031,588.7964,0.14001465,1059.7109,597.40137,0.09490967,1056.6055,596.959,0.10845947,1251.8889,329.87695,0.06021118,1278.4414,320.85547,0.12890625,1274.0732,321.69336,0.048797607,1275.3223,588.51025,0.11230469,1259.1641,315.44482,0.18676758,1237.167,327.1328,0.2154541,1232.3828,325.90625,0.18017578,1228.9614,324.87793,0.20458984,1219.583,334.66406,0.30322266,1201.5664,352.04688,0.53125,1173.1172,380.1975,0.9086914
315,1080.1504,600.5801,0.4987793,1058.7354,586.71387,0.17358398,1059.7109,597.40137,0.07757568,1246.3047,294.6953,0.11584473,1264.6836,307.52002,0.06951904,1264.7227,307.8451,0.13183594,1262.7285,311.54297,0.092041016,1277.834,588.51025,0.12561035,1259.1641,308.344,0.18237305,1236.9546,321.77344,0.18286133,1232.3828,319.79688,0.17687988,1230.9434,319.0703,0.25390625,1223.1094,325.30078,0.3137207,1204.5586,347.01514,0.62890625,1179.6584,375.0586,0.9272461
316,1080.1504,598.27344,0.6035156,1058.7354,584.1953,0.21765137,1058.002,491.92627,0.20629883,1250.6777,294.6953,0.24768066,1267.6968,307.52002,0.06359863,1263.9492,304.02148,0.08215332,1261.1504,311.28125,0.048583984,1278.1328,588.51025,0.085876465,1255.7617,301.60938,0.16564941,1236.9546,313.76758,0.07537842,1232.3828,319.79688,0.091430664,1231.0918,310.5371,0.18798828,1223.1094,325.30078,0.26733398,1209.7559,334.45508,0.6669922,1185.9395,367.07227,0.80322266
317,1080.1504,598.27344,0.25805664,1056.2031,583.28125,0.08660889,1269.2803,488.5625,0.12426758,1250.6777,284.69385,0.08917236,1268.6055,304.3203,0.07092285,1278.4414,302.42578,0.09307861,1262.5273,311.28125,0.05819702,1279.875,310.9336,0.029403687,1255.7617,298.45508,0.16479492,1273.5605,302.35938,0.06530762,1224.5898,312.6797,0.059936523,1243.1641,299.66943,0.09509277,1223.1094,325.30078,0.21911621,1209.7559,334.45508,0.6064453,1192.8281,355.44385,0.8466797
318,1087.2812,514.3867,0.068725586,1056.2031,562.12305,0.059265137,1269.2803,488.5625,0.03164673,1246.3047,284.69385,0.036895752,1268.6055,288.79297,0.041931152,1263.9492,292.7788,0.07727051,1260.2463,311.54297,0.029205322,1279.875,296.90234,0.05810547,1255.7617,288.7539,0.1595459,1273.7246,296.0547,0.0826416,1219.3672,311.95703,0.061767578,1244.5078,292.02747,0.080200195,1237.2031,311.34375,0.22595215,1216.1094,319.875,0.5678711,1197.3467,342.07422,0.8647461
319,1087.2812,439.12305,0.066833496,34.72168,439.68945,0.058380127,1129.4805,488.5625,0.027999878,1242.3477,295.26562,0.049316406,1269.0273,282.45703,0.031158447,1261.9482,291.00732,0.0925293,1255.1035,470.07812,0.018692017,1281.4531,284.10327,0.07385254,1255.7617,285.0996,0.14074707,1275.252,288.43555,0.08294678,1216.625,312.6797,0.06951904,1246.6094,287.08203,0.11981201,1249.9102,304.37695,0.12963867,1234.0078,300.7788,0.5834961,1202.8535,330.0537,0.7631836
320,69.30859,439.12305,0.07385254,33.810547,439.02148,0.07495117,42.515625,488.5625,0.04498291,1242.3477,363.40967,0.037475586,1279.8438,282.45703,0.03768921,1263.9492,290.667,0.027557373,40.007812,470.07812,0.036010742,1281.2246,283.59644,0.059661865,1260.271,273.9375,0.06713867,1277.0771,284.71094,0.053344727,1216.625,312.6797,0.049438477,1246.6094,279.22656,0.06896973,1231.8066,286.00977,0.097839355,1247.4219,282.01074,0.51464844,1202.8535,330.0537,0.8286133
321,1269.1367,271.3379,0.10430908,33.810547,439.68945,0.06640625,1129.4805,488.5625,0.08673096,1242.3477,401.31445,0.043762207,1279.8438,282.45703,0.041259766,1279.668,279.1914,0.040924072,39.69922,470.07812,0.041900635,1281.2246,283.59644,0.04534912,1260.6099,270.6914,0.056915283,1277.0771,284.71094,0.033416748,1216.625,312.6797,0.047332764,1244.5078,279.22656,0.05895996,1231.8066,286.00977,0.08959961,1247.4219,282.01074,0.5307617,1202.8535,330.0537,0.78125
322,1270.5586,270.4629,0.06561279,1134.1094,558.8672,0.05899048,1129.4805,575.1758,0.08868408,1264.5176,401.31445,0.06585693,1279.8438,303.44922,0.041931152,1270.3066,278.66797,0.07727051,39.69922,469.44824,0.03881836,1278.957,281.3828,0.04385376,1260.271,268.91113,0.16394043,1275.252,276.02652,0.040039062,1021.1953,417.27344,0.052886963,1244.5078,279.22656,0.13415527,1231.8066,286.00977,0.080566406,1247.4219,282.01074,0.3154297,1085.6543,431.98438,0.49975586
323,1270.5586,271.3379,0.08111572,1157.8857,558.8672,0.11431885,1171.6365,578.3496,0.14099121,1264.5176,401.31445,0.061706543,1268.9136,303.44922,0.04663086,1270.3066,278.66797,0.10131836,36.370605,454.66992,0.04260254,1263.4531,281.3828,0.031402588,1260.271,266.68652,0.06738281,1254.707,276.02652,0.04058838,766.0879,591.78906,0.09112549,721.74805,594.41797,0.079833984,765.0801,590.1074,0.055999756,1101.8516,446.4082,0.16931152,19.338379,432.59766,0.5253906
324,1195.7617,515.51,0.07824707,1178.5996,558.8672,0.11248779,1177.0742,578.3496,0.18359375,1264.5176,311.72266,0.05050659,1268.1436,303.44922,0.058624268,1270.3066,279.1914,0.08728027,36.370605,453.88574,0.03314209,739.86084,425.54688,0.030029297,1068.564,266.68652,0.06210327,744.47656,592.4922,0.05731201,729.40625,594.3164,0.2824707,709.0918,597.28906,0.30004883,718.41016,591.9297,0.15661621,1100.793,448.8086,0.21459961,19.338379,435.61597,0.51953125
325,1195.7617,580.27344,0.18164062,1179.4038,558.8672,0.16333008,1178.4297,578.3496,0.36035156,1253.2236,290.92188,0.123046875,1267.8522,300.09375,0.03942871,1134.5527,588.584,0.0826416,42.249023,453.81836,0.038269043,739.86084,451.5598,0.024093628,1068.5303,202.20215,0.06463623,744.47656,592.4922,0.10797119,729.40625,594.3164,0.23413086,709.0918,597.28906,0.1965332,718.41016,591.9297,0.29125977,1100.793,574.4082,0.5185547,1085.6543,449.9629,0.37646484
326,1188.6143,580.27344,0.09222412,1262.8887,273.2754,0.375,1274.8945,299.43018,0.14782715,1253.2236,290.10352,0.4580078,1267.8522,300.09375,0.07775879,1134.5527,594.7295,0.109802246,712.8379,453.81836,0.061553955,739.86084,590.86914,0.029220581,1068.4099,202.20215,0.10638428,728.04297,592.4922,0.1385498,729.40625,593.875,0.27172852,709.0918,596.28906,0.2578125,765.0801,591.9297,0.10418701,746.7334,588.76074,0.15588379,1085.6543,572.0117,0.16235352
327,1188.6143,591.2344,0.077941895,1274.0742,272.7461,0.12347412,1276.75,292.3203,0.06378174,1253.2236,290.10352,0.3786621,1267.2949,300.09375,0.08465576,1134.5527,594.7295,0.08062744,712.8379,453.81836,0.035858154,739.86084,590.86914,0.045806885,1068.4099,582.6172,0.06774902,728.04297,592.4922,0.062438965,729.40625,591.78906,0.107299805,709.0918,596.28906,0.08721924,1119.918,594.3926,0.091674805,746.7334,588.76074,0.22998047,1143.5234,572.0117,0.29077148
328,1188.6143,591.625,0.049346924,1274.0742,272.7461,0.0552063,1276.75,286.43555,0.066467285,1258.2578,290.10352,0.25756836,1265.9961,300.1211,0.068847656,1136.2617,588.584,0.08441162,712.8379,504.2539,0.048309326,739.86084,590.86914,0.02897644,728.60156,589.41016,0.054718018,728.04297,592.4922,0.06335449,716.4358,593.875,0.11621094,707.6738,596.28906,0.11517334,1121.3105,594.3926,0.095947266,1152.8633,588.57227,0.17138672,1143.5234,572.0117,0.22375488
329,1202.0664,580.27344,0.047790527,1274.0742,273.2754,0.06137085,1275.52,284.94482,0.052825928,1258.2578,290.10352,0.12634277,1195.8899,471.14844,0.040985107,1151.1738,588.584,0.064453125,42.814453,504.6289,0.033935547,718.2031,588.0926,0.028442383,1068.4099,582.6172,0.09265137,1171.2266,581.98047,0.08148193,1152.9883,589.13574,0.18164062,697.08203,596.28906,0.25512695,1189.1309,585.15625,0.10449219,1152.8633,588.57227,0.13781738,1090.1055,451.6582,0.11419678
330,1210.0967,581.54297,0.0635376,1163.6187,379.62646,0.12384033,1275.52,284.94482,0.12072754,1258.2578,290.10352,0.09460449,1195.8899,471.14844,0.03564453,1151.1738,594.7295,0.0440979,42.814453,504.6289,0.048919678,718.2031,588.0926,0.08618164,1163.7148,582.6172,0.08050537,1171.2266,581.98047,0.103393555,1165.6504,589.13574,0.20336914,697.08203,601.7988,0.28930664,1175.9141,594.3926,0.29077148,1146.9131,596.17834,0.43774414,1089.4609,451.6582,0.60791016
331,1210.0967,581.54297,0.06854248,45.469727,453.51953,0.044891357,1273.6309,284.94482,0.051757812,1260.5801,290.4414,0.05886841,1169.8477,472.20703,0.05621338,1266.3955,389.7246,0.06732178,42.814453,504.6289,0.044555664,1185.9453,588.0926,0.019607544,1201.9141,581.8662,0.119506836,1205.0586,581.98047,0.14050293,1176.5742,588.6616,0.2626953,1132.3884,601.8242,0.23791504,1184.1191,594.7588,0.09564209,1152.8633,601.6504,0.09075928,1089.4609,451.6582,0.3010254
332,1210.0967,513.62305,0.20996094,45.469727,505.3164,0.047332764,1273.3652,393.5039,0.0637207,1250.6895,290.4414,0.1340332,1195.8899,471.14844,0.04336548,1167.209,602.3838,0.07043457,43.05078,510.75977,0.031402588,701.7373,588.0926,0.026779175,1201.9141,580.7593,0.14099121,1205.0586,583.4238,0.14575195,1188.1754,588.6616,0.32714844,1144.0117,602.01855,0.22814941,1184.1191,597.5254,0.068481445,1161.6777,601.66016,0.07165527,38.335938,451.6582,0.082092285
333,64.28906,513.62305,0.066711426,45.469727,507.1787,0.05041504,1156.8071,406.21484,0.035064697,1250.6895,295.6582,0.051757812,1195.8899,582.9551,0.041870117,1167.209,602.9004,0.036224365,1180.8662,512.41797,0.037078857,1168.6641,591.58594,0.03262329,1201.9141,575.3887,0.08099365,1205.0586,583.4238,0.10675049,1188.1754,588.6616,0.29296875,1144.0117,602.0381,0.2310791,1180.4319,601.27344,0.07171631,1163.0552,603.4546,0.12731934,38.335938,526.3008,0.07672119
334,64.28906,514.0947,0.07495117,51.73047,507.1787,0.047943115,1156.8071,487.60938,0.026947021,1260.7466,303.0293,0.19042969,1202.0713,599.7012,0.08642578,1184.3594,604.72363,0.04296875,1180.8662,510.75977,0.040802002,1185.9453,591.58594,0.025161743,1068.6191,202.43164,0.068847656,1200.5234,601.64844,0.036102295,1188.1754,588.6616,0.05718994,1144.0117,604.53906,0.10888672,1175.9141,603.6824,0.06213379,1163.0552,603.4546,0.092285156,38.335938,526.3008,0.10321045
335,64.28906,514.0947,0.082336426,1133.8037,582.084,0.18676758,1168.2988,493.95117,0.06414795,1268.7202,303.0918,0.08703613,1169.8477,599.7012,0.048797607,1196.2976,609.2949,0.072753906,1180.8662,525.04785,0.040740967,1198.8418,591.58594,0.063964844,1068.6191,202.3125,0.066711426,1163.0391,608.8906,0.059570312,1199.9746,615.4375,0.11804199,1165.9336,610.7012,0.11029053,1168.3516,607.93164,0.13244629,1163.594,603.91943,0.32177734,1126.5898,526.72266,0.17541504
336,64.31445,514.334,0.088256836,1159.6016,584.8906,0.0574646,1168.2988,493.95117,0.043548584,1269.6143,303.0293,0.06964111,1202.0713,470.00195,0.0440979,1196.2976,610.3037,0.080322266,1180.8662,510.75977,0.040100098,1198.0195,605.2295,0.03286743,1068.5591,202.2666,0.053894043,1163.0391,612.32935,0.07348633,1214.5293,615.4375,0.22570801,1165.9336,610.7012,0.14294434,1168.3516,607.93164,0.11651611,1165.2266,606.7246,0.19311523,1129.1289,578.44336,0.3815918
337,1177.7969,603.74194,0.27734375,1167.4766,589.6582,0.12854004,1271.7148,487.60938,0.03540039,1269.6143,296.73438,0.0793457,1202.0713,470.00195,0.035369873,1196.2976,610.3037,0.081726074,1187.6045,586.59766,0.031234741,1198.8418,605.2295,0.057769775,1068.5591,202.3125,0.046691895,1186.3184,608.8906,0.062927246,1222.2129,615.4375,0.07183838,1183.8047,610.7012,0.20776367,1180.4319,606.375,0.22521973,1165.2266,609.0488,0.22558594,1166.0234,580.5215,0.20202637
338,1186.501,603.74194,0.23986816,1171.6873,589.6582,0.18981934,1271.7148,487.60938,0.100097656,1269.6143,474.43555,0.13122559,1202.0713,470.00195,0.08618164,1211.7524,610.3037,0.095825195,1187.6045,586.59766,0.037017822,1259.989,597.3467,0.035308838,1068.6318,202.43164,0.049987793,1200.5234,601.64844,0.04168701,1234.583,595.3911,0.035583496,1211.4409,606.28125,0.092285156,1203.1343,606.375,0.14221191,1188.1406,609.0488,0.33666992,1166.0234,578.44336,0.35302734
339,1189.7998,603.9338,0.4921875,1174.0703,589.6582,0.26904297,1186.8135,599.7422,0.1227417,1252.8496,475.97342,0.11608887,1160.4414,470.00195,0.07733154,1211.984,610.3037,0.04800415,1194.792,592.3086,0.034606934,1228.2646,603.1367,0.06304932,1068.6318,202.46777,0.1274414,1235.7192,606.27344,0.14990234,1234.583,592.40625,0.10760498,1218.6768,605.40137,0.13134766,1204.8164,606.375,0.17358398,1192.2578,609.0488,0.22033691,1129.1289,578.44336,0.18908691
340,1199.5723,603.9338,0.6386719,1180.918,589.6582,0.57421875,1188.0651,606.041,0.3330078,1252.8496,296.73438,0.48706055,1160.4414,471.62305,0.057037354,1211.984,605.22754,0.04714966,1226.2158,592.3086,0.046020508,1259.989,601.2461,0.062438965,1068.6948,202.81543,0.052642822,1254.0586,600.55273,0.042816162,1234.583,592.40625,0.034942627,1232.5918,604.52734,0.053009033,1220.1304,606.0586,0.03378296,1210.832,606.13477,0.14074707,1166.0234,609.50195,0.11224365
341,1199.5723,603.9338,0.32006836,1191.7461,590.6738,0.24938965,1186.8135,606.041,0.070373535,1190.2148,595.5078,0.125,1160.4414,472.09375,0.03982544,1147.8241,593.90625,0.07305908,1194.792,592.3086,0.049102783,1259.989,601.1504,0.065979004,1246.2031,591.96875,0.03933716,1254.6172,596.6221,0.043029785,1101.5312,595.3911,0.046569824,1232.5918,605.40137,0.10876465,1221.7344,606.375,0.11993408,1212.1018,605.57324,0.2644043,1091.8633,531.25195,0.36889648
342,1208.4141,604.2468,0.19384766,1193.9961,591.16406,0.13830566,1186.8135,606.7754,0.044708252,1190.2148,595.5078,0.03274536,1160.4414,472.09375,0.04348755,1213.2402,604.6206,0.039855957,1178.0166,592.3086,0.0289917,1259.989,601.1504,0.056793213,1246.8848,265.52344,0.052642822,1263.9453,596.6221,0.06365967,944.0781,640.6426,0.10821533,1232.5918,606.28125,0.121520996,1221.916,607.91797,0.17053223,1212.4875,605.2324,0.32373047,1091.8633,459.76233,0.2548828
343,1214.4688,604.4719,0.08062744,1207.5781,591.16406,0.07348633,1188.0651,606.041,0.022125244,1191.5117,593.52344,0.036224365,53.02539,472.09375,0.072509766,36.240112,469.1211,0.04537964,58.817383,510.79102,0.04663086,1260.5132,601.1504,0.06500244,1246.8848,582.96875,0.053710938,1263.9453,597.4551,0.054382324,944.0781,640.6426,0.13574219,1233.1504,605.8633,0.27026367,1221.916,608.0117,0.12902832,1212.4875,602.2344,0.2902832,1091.8633,459.76233,0.39013672
344,1224.4551,604.7905,0.24743652,1209.2031,591.16406,0.20397949,1200.7812,601.80273,0.07434082,1198.8125,593.2617,0.08691406,53.02539,473.4375,0.064331055,36.240112,469.0332,0.053771973,58.817383,510.49023,0.039031982,1260.7612,599.0781,0.055725098,1259.8141,598.09766,0.03604126,1262.9043,597.4551,0.06976318,944.0781,640.6426,0.11187744,1229.9443,606.6875,0.12463379,1227.019,607.91797,0.095214844,1210.832,599.2715,0.23510742,1092.6816,509.26562,0.12866211
345,1226.0293,604.7905,0.43798828,1209.3613,589.7539,0.17956543,1200.7812,601.1289,0.09265137,1198.8125,593.2617,0.090270996,53.177734,473.5996,0.04534912,1245.1025,469.0332,0.034362793,58.817383,510.4414,0.03692627,1260.7612,599.0781,0.031021118,1259.8141,598.09766,0.032714844,1263.9453,597.4551,0.08178711,944.0781,603.34863,0.07281494,914.8623,606.6875,0.07849121,1229.7773,607.91797,0.06573486,1212.4875,599.2715,0.18334961,1092.6816,509.26562,0.05709839
346,1228.4817,604.7905,0.3791504,1209.3613,589.24316,0.15014648,1201.293,601.1289,0.03314209,1199.8477,592.6836,0.07128906,53.177734,473.4375,0.0435791,1269.1484,597.0039,0.03225708,1274.6318,510.4414,0.031341553,1275.1035,599.0781,0.07141113,1262.1426,598.09766,0.055755615,1263.9453,598.125,0.0904541,1258.5654,602.77637,0.08154297,1229.9443,606.6875,0.08526611,1246.5078,606.5703,0.18151855,1214.9121,594.8711,0.31079102,1179.2314,570.959,0.2956543
347,1236.0798,601.7637,0.22705078,1209.2031,587.2344,0.06604004,1201.293,447.11523,0.04031372,1267.1504,309.5381,0.046081543,53.02539,473.4375,0.051940918,1269.96,466.93262,0.032165527,1274.6318,510.4414,0.036895752,1275.1035,599.0781,0.026107788,1262.1426,598.09766,0.028320312,1274.6533,599.49414,0.122680664,1258.5654,602.43555,0.06591797,1229.9443,605.8633,0.06008911,1266.6992,605.25586,0.072753906,1234.582,594.8711,0.29614258,1190.3848,570.959,0.5600586
348,1248.9492,599.33984,0.061706543,1214.1406,583.1992,0.047912598,1201.8008,447.11523,0.02722168,1267.1504,303.21094,0.041381836,52.874023,471.4961,0.038909912,1276.8638,308.6831,0.046173096,1274.6318,511.0371,0.03390503,1275.1035,599.0781,0.028427124,1262.1426,598.09766,0.033447266,1274.6533,599.49414,0.16479492,1225.8672,602.43555,0.099975586,1212.8125,592.6758,0.054016113,1266.6992,602.04004,0.08673096,1234.582,594.8711,0.45581055,1190.3848,570.959,0.6855469
349,1248.9492,597.1406,0.07043457,61.723633,506.25,0.05130005,1232.9199,377.3125,0.038146973,1267.1504,302.54102,0.043121338,52.640137,471.30273,0.04196167,1277.1924,308.6831,0.027496338,42.1709,511.0371,0.03387451,1249.1816,587.0547,0.0317688,1240.1289,592.6289,0.02166748,1274.6533,598.125,0.05429077,908.38745,602.43555,0.043121338,594.7217,573.8164,0.032073975,1266.6992,582.084,0.03866577,1234.582,594.8711,0.27807617,1190.3848,569.83984,0.49609375
350,1248.9492,524.37573,0.09313965,61.723633,506.25,0.103759766,1264.0078,313.15234,0.086242676,1262.7988,302.54297,0.13696289,52.260986,471.30273,0.044921875,1277.1924,304.90234,0.062286377,41.904297,511.0371,0.04324341,22.986328,441.10547,0.03213501,1068.563,451.2119,0.027526855,1268.3132,483.4004,0.027755737,908.38745,602.43555,0.039642334,52.85791,511.32617,0.0317688,43.354492,511.88477,0.041534424,45.816406,510.01367,0.08721924,37.314453,529.21094,0.28173828
351,59.923767,524.37573,0.081970215,61.723633,506.25,0.082214355,1281.2891,313.15234,0.05038452,1262.7988,303.21094,0.23400879,52.239502,471.4961,0.04055786,1277.1924,302.8203,0.050933838,41.310547,502.62305,0.03314209,22.986328,441.10547,0.024536133,1068.563,203.00732,0.026733398,57.98828,483.4004,0.033203125,908.104,579.82764,0.032806396,52.837402,510.56055,0.0345459,42.445312,511.88477,0.054016113,45.640625,509.61035,0.11022949,37.314453,529.21094,0.19946289
352,59.923767,523.69214,0.08215332,61.723633,506.25,0.078552246,1281.2891,312.67773,0.059906006,1262.7988,302.54297,0.2220459,52.152832,471.63672,0.039489746,1278.9492,300.50586,0.034088135,40.91797,493.58984,0.031173706,29.916016,512.73047,0.025161743,1068.5806,202.86914,0.03363037,57.98828,483.27246,0.030303955,38.273438,510.93555,0.059265137,52.75537,508.98633,0.032226562,41.98828,511.88477,0.042510986,45.640625,508.8369,0.10040283,36.958984,527.02734,0.25170898
353,59.923767,511.24805,0.091918945,61.723633,505.79492,0.06555176,1281.2891,301.7373,0.051727295,1261.8359,302.54297,0.25024414,52.02536,471.69727,0.03829956,1278.9492,300.50586,0.03970337,40.91797,493.58984,0.031677246,29.789062,512.5,0.033355713,1068.5806,202.79102,0.03756714,1252.564,291.08838,0.026794434,38.273438,510.93555,0.053741455,52.492676,508.98633,0.037353516,41.222656,514.7334,0.039764404,45.567383,508.8369,0.101135254,37.314453,528.06055,0.23278809
354,64.80859,513.28125,0.07556152,62.50586,503.83984,0.049041748,1280.5625,301.3545,0.07489014,1260.5098,302.54297,0.15771484,52.02536,471.71484,0.040405273,1278.9492,300.50586,0.043121338,40.91797,502.62305,0.031158447,29.789062,512.5,0.037597656,1068.5806,202.70801,0.04498291,57.98828,483.31592,0.030532837,38.273438,510.74414,0.033996582,52.492676,508.98633,0.033599854,41.15625,514.7334,0.043823242,45.567383,507.8828,0.042510986,36.958984,528.06055,0.13537598
355,65.16992,513.28125,0.07696533,1262.416,283.9807,0.052093506,1279.127,300.6504,0.061462402,1259.855,302.04883,0.076049805,52.012276,471.95312,0.037841797,1278.9492,300.50586,0.029190063,57.94336,510.72656,0.031677246,29.789062,512.5,0.03439331,1068.6187,202.51367,0.05508423,57.98047,483.31592,0.028320312,38.171875,508.72998,0.0335083,52.492676,508.30908,0.030029297,40.58203,514.83984,0.036010742,33.089844,444.3069,0.041290283,22.714844,431.0547,0.13659668
356,65.28906,513.23047,0.09442139,1263.6035,282.5166,0.08258057,1277.3652,296.39453,0.09234619,1204.342,293.96973,0.08557129,51.908264,472.44922,0.03765869,51.955414,469.97852,0.036071777,57.94336,510.72656,0.045898438,22.109375,454.3086,0.021575928,1068.5957,202.51367,0.053955078,42.578125,483.31592,0.025787354,46.273438,508.72998,0.030349731,1147.2031,508.30908,0.034942627,41.15625,514.83984,0.03768921,33.089844,444.3069,0.043273926,22.714844,431.0547,0.15002441
357,65.28906,513.23047,0.13427734,1263.6055,282.3037,0.09466553,1274.7871,296.39453,0.11871338,1203.9735,290.40625,0.08105469,51.83264,472.97266,0.03479004,51.436035,527.1406,0.039886475,57.94336,510.73828,0.039611816,22.109375,439.69336,0.026565552,1068.6187,202.51367,0.06173706,42.578125,483.3789,0.033355713,1153.2812,514.416,0.030014038,1161.8789,508.30908,0.027069092,41.222656,515.1118,0.035858154,33.089844,444.3069,0.045013428,38.839844,528.06055,0.19750977
358,65.28906,513.23047,0.12371826,1263.6035,281.98828,0.07727051,1274.2998,295.76562,0.058654785,1203.9735,290.23438,0.12243652,51.707764,473.08594,0.03466797,51.436035,527.1406,0.037902832,57.539062,510.72656,0.040802002,22.109375,439.21875,0.027328491,1068.6226,202.53223,0.05355835,42.578125,484.2827,0.03387451,1153.2812,583.1875,0.042816162,1161.8789,590.16797,0.03326416,908.83496,597.6875,0.043823242,898.04297,599.10156,0.17749023,22.714844,432.60547,0.43017578
359,65.65625,513.23047,0.13378906,1263.6055,281.96484,0.08618164,1272.2969,294.84375,0.056793213,1203.9735,289.76172,0.12060547,51.684326,473.4297,0.03640747,51.378906,527.1406,0.035827637,43.99186,510.0039,0.04244995,22.177734,438.92578,0.030395508,1068.6367,202.53223,0.05569458,43.39453,484.68652,0.03640747,924.9385,593.875,0.041992188,1147.2031,590.16797,0.03387451,908.83496,597.6875,0.08984375,898.04297,599.10156,0.3737793,22.220703,433.1543,0.58251953
360,65.65625,513.23047,0.14453125,1263.6797,282.3037,0.10595703,1272.2969,294.84375,0.12451172,1259.331,146.89258,0.03552246,51.553955,473.48828,0.035583496,44.153687,515.5703,0.029083252,43.84143,510.0039,0.037994385,22.18164,438.92578,0.029724121,1068.6367,202.55762,0.050750732,43.882812,485.9336,0.07104492,924.9385,593.875,0.11138916,1067.4526,590.16797,0.11480713,908.83496,597.6875,0.083984375,898.04297,599.10156,0.13134766,31.544922,518.4668,0.27172852
361,65.65625,513.5117,0.1348877,1263.6797,282.3037,0.116760254,1272.2969,295.0586,0.14587402,1259.4224,146.89258,0.041870117,51.553955,473.48828,0.036010742,43.3833,510.04297,0.029708862,43.47754,510.63672,0.04434204,22.248047,439.21875,0.030822754,1068.6392,202.53223,0.050354004,43.882812,485.9336,0.035339355,924.14795,593.875,0.044769287,1067.4009,194.75977,0.03062439,39.51367,515.0322,0.028869629,898.04297,493.42383,0.06463623,31.544922,518.4668,0.26782227
362,65.10547,513.5547,0.11627197,1263.3477,284.02652,0.06994629,1273.2031,294.84375,0.12585449,1259.4224,146.82031,0.031188965,51.467285,473.4297,0.037353516,43.20166,510.04297,0.033203125,43.245117,510.63672,0.047180176,22.365234,439.70703,0.034118652,1068.6367,202.5127,0.041412354,43.992188,485.9619,0.03363037,924.14795,512.9668,0.035064697,1067.4009,194.75977,0.028579712,39.51367,515.0322,0.035125732,898.04297,445.7246,0.042877197,31.544922,433.1543,0.22692871
363,64.75195,513.88086,0.10272217,50.271484,445.69238,0.043518066,1273.2031,295.0586,0.10192871,1259.331,146.82031,0.0390625,51.467285,472.65234,0.037597656,43.20166,510.04297,0.032684326,43.066895,510.85352,0.039764404,22.365234,440.29297,0.034332275,1068.6816,202.5127,0.052642822,43.992188,485.9336,0.02961731,54.78711,512.9668,0.034057617,1067.4526,194.75977,0.028137207,39.51367,515.0322,0.030563354,46.28711,445.7246,0.05960083,32.257812,513.10156,0.1607666
364,64.609375,514.00977,0.07873535,43.807495,446.67383,0.04827881,1274.1426,295.91797,0.03756714,1259.3213,146.76465,0.042022705,51.398926,472.625,0.034851074,43.08545,510.04297,0.036468506,42.711914,510.85352,0.0446167,22.371094,440.29297,0.029830933,1068.5806,202.58398,0.054473877,55.427734,485.4629,0.03213501,46.63867,512.9668,0.03869629,1067.4009,194.86914,0.03125,40.578125,515.0322,0.033050537,1175.0781,445.7246,0.14794922,36.23352,518.4668,0.5566406
365,64.54883,514.19434,0.0826416,43.807495,446.76953,0.05496216,1274.668,313.3828,0.030807495,1259.3213,146.75977,0.04333496,51.274414,472.40625,0.04055786,42.816406,510.04297,0.031066895,42.63672,510.85352,0.036102295,22.507812,440.71094,0.026824951,1068.582,202.58398,0.049926758,56.285156,484.19653,0.028198242,54.78711,512.9668,0.02986145,1067.499,195.01074,0.026794434,40.66797,515.0322,0.028884888,1176.9414,507.3379,0.035308838,1164.3848,513.10156,0.08227539
366,64.54883,514.19434,0.08331299,43.807495,447.08398,0.057739258,1274.668,313.64258,0.032714844,1259.3159,146.75977,0.033721924,51.237305,472.2461,0.044067383,42.816406,470.06445,0.02861023,36.285156,456.92578,0.031799316,33.84961,441.1797,0.021896362,1068.5806,202.89453,0.035064697,56.285156,483.69556,0.027816772,927.18555,514.48145,0.027191162,1067.499,368.48633,0.024658203,40.66797,515.22314,0.03048706,1239.3555,507.3379,0.028518677,1223.4863,383.11133,0.07965088
367,64.54883,514.00977,0.07885742,43.807373,447.08398,0.061523438,43.077637,448.59375,0.034454346,1259.3081,146.75977,0.034973145,51.237305,472.22266,0.043273926,43.514404,469.7461,0.03036499,36.12018,456.76953,0.032226562,33.84961,454.8496,0.02293396,1068.582,202.89453,0.035339355,56.285156,483.6079,0.029708862,927.18555,515.1929,0.035125732,1067.4644,195.01074,0.030212402,40.66797,515.7538,0.030075073,1282.1562,542.1582,0.070251465,1223.6758,513.10156,0.19470215
368,1269.4795,200.58203,0.06866455,43.807373,447.08398,0.05770874,43.077637,449.07422,0.03086853,1259.3081,146.80176,0.03668213,51.237305,472.1289,0.044708252,1265.0078,159.73047,0.025909424,36.043518,456.54688,0.03186035,33.84961,455.66797,0.018707275,1068.5806,202.89453,0.0418396,56.101562,483.5774,0.026031494,1235.9071,560.33984,0.050628662,912.39453,447.5078,0.043640137,40.484375,515.6135,0.029403687,1282.1562,542.1582,0.083862305,1274.2617,564.01953,0.4423828
369,1269.6279,200.58203,0.0703125,43.76294,447.24805,0.066101074,43.077637,449.07422,0.03439331,156.17004,540.42505,0.03353882,51.284668,472.10938,0.04119873,1265.0078,159.73047,0.023666382,36.01822,456.76953,0.032043457,33.546875,455.66797,0.023834229,1068.582,202.82715,0.047668457,55.953125,483.5652,0.01991272,1235.9071,562.2217,0.026428223,1067.4248,195.01074,0.029678345,40.089844,515.6135,0.02192688,1239.3555,440.54297,0.06262207,1223.6758,510.88477,0.117492676
370,1269.6279,200.5332,0.07751465,43.15088,446.7246,0.062683105,43.077637,449.07422,0.033477783,156.17004,540.42505,0.04208374,51.284668,472.10938,0.043395996,1265.0078,159.73047,0.02268982,35.639404,456.76953,0.029830933,32.939453,455.32422,0.023498535,1068.56,202.64648,0.042877197,40.945312,437.98438,0.020935059,927.18555,613.1836,0.027511597,1067.3706,194.93945,0.029037476,39.871094,515.6135,0.023284912,1059.8679,440.54297,0.025146484,1223.4863,511.00977,0.13549805
371,1269.6006,200.58203,0.0793457,43.019043,446.2871,0.056030273,1274.3799,360.0039,0.035339355,155.76965,540.4656,0.03540039,51.284668,471.98047,0.041992188,34.850586,469.13672,0.023880005,35.146484,457.03125,0.031097412,21.55664,454.8496,0.01991272,1068.5869,202.5957,0.06274414,40.35547,437.98438,0.0206604,860.4331,562.2217,0.023498535,1067.4043,194.89355,0.031799316,39.689453,515.4033,0.024246216,43.97267,440.72266,0.026870728,43.58911,511.26367,0.05706787
372,1269.6006,200.59375,0.07434082,37.249023,443.63794,0.057769775,1274.919,312.3379,0.042541504,156.17004,540.4656,0.039794922,50.99707,472.0625,0.037841797,34.399414,469.39844,0.028961182,34.575195,457.03516,0.034729004,21.55664,441.59766,0.020065308,1068.6484,202.62695,0.057525635,40.234375,471.61133,0.0211792,844.80664,560.33984,0.035461426,1067.4043,194.89355,0.030776978,39.640625,515.375,0.023712158,43.700195,440.72266,0.0317688,43.41504,511.26367,0.06021118
373,1269.6006,200.59375,0.09088135,37.249023,443.63794,0.054260254,1274.919,312.3379,0.032440186,1155.51,540.42505,0.049102783,50.92871,472.10938,0.037750244,34.395508,469.49023,0.036132812,33.945312,457.27734,0.034454346,21.55664,441.53516,0.02357483,1068.6665,202.62695,0.062042236,40.234375,471.61133,0.02305603,47.066406,514.0078,0.027023315,1067.4248,194.89355,0.0362854,39.595703,515.1958,0.028625488,43.68286,440.84375,0.03112793,43.291016,511.26367,0.06750488
374,1269.6006,200.75586,0.08465576,37.249023,443.63794,0.054504395,1274.919,312.3379,0.02633667,1250.6133,308.30078,0.070739746,50.442383,472.0625,0.04321289,34.395508,469.49023,0.031555176,33.271484,457.27734,0.034210205,21.298828,441.53516,0.023147583,1068.6787,202.64648,0.0546875,40.234375,471.73242,0.025558472,47.066406,514.0078,0.029434204,1067.4531,194.90234,0.0287323,39.52539,515.0083,0.029754639,43.68286,440.84375,0.039123535,43.41504,511.41992,0.07281494
375,1269.4453,200.75586,0.06976318,37.79883,443.72314,0.050201416,1274.919,345.3086,0.030670166,1250.6133,308.30078,0.07946777,50.442383,471.98047,0.050750732,34.399414,469.49023,0.030197144,33.271484,457.27734,0.03543091,21.25879,441.23047,0.020828247,1068.6787,202.66211,0.05783081,55.171875,482.46582,0.02696228,47.066406,513.9258,0.028076172,1067.4531,194.89355,0.029647827,39.52539,514.8867,0.031402588,43.700195,440.84375,0.045043945,43.41504,511.41992,0.07824707
376,1269.4453,200.75586,0.06945801,44.807617,447.1914,0.09094238,1274.0254,360.0254,0.09082031,1250.6133,308.30078,0.034851074,50.442383,471.71875,0.047576904,34.78418,468.5503,0.029785156,33.271484,456.5547,0.03164673,21.25879,441.01562,0.01902771,1068.6797,202.66211,0.054748535,55.34961,482.46582,0.029937744,1103.9062,513.86914,0.032440186,1067.456,194.90234,0.030303955,39.595703,514.87305,0.030288696,44.151855,440.65625,0.049682617,1159.8008,511.41992,0.17932129
377,1269.3262,202.84863,0.059661865,44.807617,447.1914,0.050964355,1269.2461,391.19922,0.05718994,1259.3203,146.86523,0.03564453,50.49414,471.16602,0.05218506,34.864258,445.34375,0.033935547,34.066406,455.8418,0.030410767,21.25879,441.01562,0.022354126,1068.6787,202.66211,0.054992676,55.34961,482.46582,0.03265381,1103.9062,448.0332,0.047790527,1067.456,194.90234,0.03250122,43.556396,501.06055,0.03390503,1109.9531,440.65625,0.15454102,1159.8008,451.0332,0.71191406
378,1269.3262,202.875,0.062072754,44.807617,447.1914,0.04626465,1269.2461,391.19922,0.047943115,1259.3257,146.84473,0.040039062,50.867188,470.80664,0.048309326,35.350586,444.35156,0.032073975,34.458984,455.71484,0.031463623,21.798828,441.01562,0.024658203,1068.6797,202.54297,0.06213379,55.34961,482.46582,0.032958984,1176.2383,448.0332,0.047302246,1067.4531,194.88477,0.09729004,43.556396,501.06055,0.13012695,1109.9531,440.42188,0.3720703,1163.0493,451.0332,0.7495117
379,1268.4241,202.875,0.061645508,44.376953,446.86914,0.04547119,1239.9805,391.19922,0.040374756,1259.3257,146.84082,0.035736084,50.970703,470.80664,0.035583496,35.45117,444.35156,0.03286743,34.81836,455.71484,0.034942627,21.911133,440.76562,0.022994995,1068.6836,202.52344,0.06384277,55.185547,482.46582,0.025268555,1103.9062,448.0332,0.054351807,1067.435,194.88477,0.03427124,43.556396,501.06055,0.034118652,1109.9531,440.42188,0.12597656,1159.8008,435.56445,0.5576172
380,1261.2148,202.875,0.060791016,43.370605,446.4414,0.051818848,1235.3511,391.21484,0.04006958,1259.3457,146.84082,0.037261963,51.078613,470.80664,0.03100586,35.478027,444.35156,0.029846191,35.282227,455.70703,0.033477783,22.02539,440.76562,0.030532837,1068.6836,202.49316,0.06439209,55.140625,482.43262,0.026611328,1103.6953,513.5215,0.03805542,1067.435,369.875,0.0357666,42.470703,507.70557,0.031066895,45.01367,446.55078,0.05505371,1094.0938,435.56445,0.25048828
381,1268.4241,202.875,0.056121826,43.018066,446.3418,0.056915283,32.29883,445.13574,0.06329346,1259.3457,146.81738,0.031463623,51.194824,471.85742,0.032836914,35.79651,468.8833,0.028503418,35.33252,455.71484,0.035003662,22.34375,440.76562,0.030685425,1068.6777,202.52344,0.062408447,55.140625,499.43408,0.02368164,47.146484,513.5215,0.029342651,52.989258,508.77783,0.032684326,39.242188,513.8594,0.030593872,44.90674,446.68945,0.070617676,20.995117,435.56445,0.1743164
382,1269.1885,202.51855,0.054779053,42.242188,445.7627,0.052581787,31.816406,445.6045,0.085754395,1259.3657,146.81738,0.03253174,51.456055,471.85742,0.02746582,36.081238,469.28613,0.025924683,35.66797,455.76367,0.032806396,22.34375,440.52344,0.036010742,1068.6836,202.47461,0.061553955,55.140625,499.43408,0.023605347,47.146484,513.6406,0.03161621,52.989258,514.5039,0.029327393,39.242188,513.8594,0.031829834,44.90674,446.68945,0.08331299,20.995117,435.56445,0.25195312
383,1268.4241,202.51855,0.058624268,42.242188,445.7627,0.052490234,31.816406,445.6045,0.10571289,1259.3457,146.81738,0.040863037,51.456055,471.85742,0.031204224,38.421875,515.94116,0.029800415,35.829468,456.1289,0.032348633,22.34375,439.90234,0.039245605,1068.667,202.52344,0.057373047,48.496094,498.61328,0.023895264,47.146484,513.6406,0.031021118,52.989258,514.8125,0.02861023,42.210938,508.30933,0.033203125,45.01367,446.9746,0.0725708,20.995117,435.56445,0.28100586
384,1261.2148,202.51855,0.060516357,42.242188,445.7627,0.053771973,31.816406,445.6045,0.09039307,1259.3457,146.81738,0.03982544,51.456055,471.10352,0.029144287,38.625,515.98334,0.03427124,43.10742,503.33594,0.037719727,21.868164,439.86133,0.03466797,1068.6611,202.47461,0.061462402,48.496094,498.61328,0.02709961,46.953125,513.6406,0.03414917,53.08008,514.8125,0.029159546,42.1875,508.30933,0.0340271,45.01367,446.9746,0.13769531,1143.3594,573.77637,0.36376953
385,64.3418,505.2422,0.06341553,42.376953,446.1543,0.048828125,31.816406,445.6045,0.057678223,1259.332,146.90918,0.05050659,51.456055,471.10352,0.035186768,38.625,515.98334,0.03765869,43.10742,510.50586,0.048217773,21.512695,439.86133,0.038391113,1068.6411,202.41895,0.055145264,54.91211,499.437,0.032440186,41.953125,512.6035,0.034729004,1067.481,514.8125,0.033691406,42.210938,507.80957,0.039886475,1173.1299,587.2617,0.13867188,1143.3594,573.77637,0.43725586
386,64.3418,505.26562,0.056243896,43.331055,447.14062,0.042755127,1262.4414,444.25,0.028533936,1259.3887,146.90918,0.0435791,51.560547,471.10352,0.040405273,38.625,515.98334,0.042144775,43.10742,510.65625,0.048187256,21.512695,439.86133,0.036102295,1068.6411,202.41895,0.061828613,45.557617,499.93262,0.0385437,1152.5234,574.3496,0.030059814,1067.6055,514.8125,0.029800415,42.210938,507.80957,0.040252686,1173.1299,592.6406,0.055908203,1144.0234,573.77637,0.17028809
387,64.3418,513.7656,0.111083984,52.39868,499.54492,0.12145996,1262.4414,329.23633,0.0725708,1252.4629,315.87268,0.09490967,51.46582,472.58594,0.04940796,38.49414,515.94116,0.030029297,43.023438,510.50586,0.047302246,21.512695,439.88477,0.03125,1068.6411,202.48535,0.054351807,45.333008,500.72314,0.036102295,1152.5234,574.3496,0.029220581,1147.5618,577.8379,0.03137207,42.210938,507.80957,0.030899048,1166.9688,592.6406,0.052490234,1143.3594,564.1526,0.07702637
388,64.8125,513.8281,0.13574219,53.04004,500.14417,0.046142578,1262.2715,301.99805,0.03479004,1259.2725,146.83301,0.035186768,51.46582,473.16797,0.041503906,38.09961,515.63574,0.029647827,42.82422,510.50586,0.046539307,43.797485,509.09277,0.03579712,1068.6465,202.4375,0.064453125,41.0625,500.72314,0.029373169,1158.7148,593.56836,0.052734375,1146.127,591.4922,0.033599854,42.68457,513.27344,0.026168823,1155.2578,595.10547,0.13378906,1118.9707,564.1526,0.09655762
389,66.04297,514.0791,0.17822266,54.82617,500.14417,0.054901123,1262.4414,301.99805,0.04660034,1259.2725,146.83301,0.048583984,51.46582,473.89062,0.041412354,34.76953,471.8672,0.03277588,42.82422,510.1836,0.05770874,43.81836,509.09277,0.0385437,1068.6206,202.48535,0.058135986,41.039062,500.72314,0.05001831,1158.7148,595.4199,0.064086914,1146.127,591.4922,0.15344238,43.561768,513.27344,0.04257202,1157.6641,595.3008,0.14453125,1118.9707,564.1526,0.10119629
390,66.631836,514.0791,0.19873047,54.82617,500.14417,0.064819336,1262.2715,301.99805,0.028167725,1259.3296,146.83301,0.040374756,51.29492,473.71875,0.045532227,34.76953,471.8672,0.043151855,43.023438,510.1836,0.058563232,43.879944,509.11816,0.036315918,1068.6465,202.58691,0.061584473,41.039062,500.72314,0.051116943,1161.6211,595.4199,0.068481445,1147.5618,591.4922,0.1071167,1144.3828,586.83984,0.04824829,1157.6641,596.2798,0.24572754,1119.5684,583.15625,0.2722168
391,66.75488,514.0791,0.19445801,54.82617,505.83594,0.08312988,1261.5771,316.91016,0.03741455,1259.3296,146.83301,0.030319214,51.29492,473.89062,0.046844482,33.83008,471.81445,0.050354004,51.844604,509.708,0.057159424,43.81836,509.09277,0.028884888,1068.6465,202.58887,0.05633545,41.0625,500.44165,0.047027588,1158.7148,595.4199,0.0345459,1146.127,590.875,0.0289917,1150.4785,591.8594,0.031829834,1157.6641,599.3672,0.28442383,1119.5684,585.21484,0.2878418
392,66.85742,514.2012,0.14685059,54.82617,505.83594,0.27685547,1261.5771,316.91016,0.13244629,1259.3296,146.83301,0.03074646,51.29492,473.89062,0.04586792,33.82617,471.81445,0.05432129,58.907227,502.76172,0.027862549,43.797485,508.5708,0.024627686,1068.6465,202.58887,0.06262207,40.882812,500.3418,0.05340576,1145.8555,583.09766,0.041900635,1141.7754,589.39355,0.031097412,1150.4785,586.83984,0.031707764,1157.6641,599.3672,0.1817627,1119.5684,585.21484,0.21936035
393,66.85742,514.6699,0.13012695,54.61914,505.31055,0.045135498,1202.541,506.66992,0.06213379,1259.3477,146.92578,0.029434204,51.9375,473.71875,0.049682617,33.82617,471.8672,0.052093506,58.907227,509.708,0.03768921,19.120605,473.79688,0.020339966,1068.6494,202.66406,0.07110596,40.746094,488.84766,0.03729248,56.16797,515.0454,0.038208008,1067.4722,507.25195,0.030349731,75.07324,513.1074,0.029663086,1157.6641,599.3672,0.1505127,1133.8086,598.28125,0.26098633
394,66.75488,514.9678,0.13745117,54.615234,505.31055,0.062438965,1202.541,506.66992,0.07421875,1259.3296,301.35547,0.029037476,52.187256,473.23828,0.049865723,33.82617,471.8457,0.05117798,58.907227,509.76367,0.019851685,19.120605,473.79688,0.02645874,1068.6494,202.58887,0.06817627,23.574219,487.81836,0.04446411,56.16797,515.0454,0.032165527,1067.4722,507.25195,0.028701782,1149.8115,586.83984,0.034118652,1147.8047,603.15234,0.06878662,1133.8086,612.08594,0.058776855
395,66.37988,515.02,0.13903809,54.615234,505.31055,0.08679199,68.98828,506.66992,0.049194336,1259.27,301.35547,0.029586792,52.198853,473.1172,0.051574707,33.82617,471.8457,0.051727295,41.091797,509.76367,0.031829834,19.120605,473.79688,0.027526855,1068.6489,202.58887,0.06762695,23.511719,487.1953,0.060760498,56.16797,515.0454,0.038269043,1067.4722,507.25195,0.030136108,1146.7109,604.9072,0.03552246,1146.2578,605.7715,0.07885742,1133.127,612.08594,0.05795288
396,65.390625,515.09326,0.12915039,54.61914,505.31055,0.08734131,1274.8525,284.4817,0.060058594,1259.1567,301.35547,0.07537842,52.198853,472.2461,0.060272217,38.785156,472.11914,0.060638428,41.091797,510.14648,0.033966064,29.19043,511.91406,0.027526855,1068.6494,202.58691,0.0670166,23.509766,487.1953,0.06286621,56.308594,514.94824,0.06530762,1067.4722,509.1582,0.051757812,75.07324,515.3999,0.03970337,1136.1719,611.35156,0.10772705,39.189453,529.625,0.09869385
397,65.01172,515.23193,0.10839844,62.066406,505.58203,0.08276367,68.98828,507.521,0.032318115,1259.27,146.80762,0.031951904,52.26758,471.10742,0.052947998,38.785156,472.11914,0.06008911,41.091797,510.66016,0.035064697,29.46582,512.29297,0.028396606,1068.6855,202.58691,0.06719971,23.367188,487.18164,0.05078125,56.308594,514.4756,0.089538574,1067.48,509.1582,0.074401855,42.023438,515.3999,0.045806885,1136.1719,611.35156,0.08111572,39.189453,529.6992,0.12164307
398,64.52344,515.54224,0.10095215,62.08789,505.58203,0.08062744,68.98828,507.08203,0.024047852,1259.27,146.77441,0.039398193,52.456787,469.77246,0.051116943,38.75,471.8457,0.036621094,41.83789,510.79688,0.02986145,30.189453,512.6172,0.030212402,1068.665,202.37012,0.06762695,22.435547,472.5078,0.045013428,56.308594,514.4756,0.03213501,1067.513,509.1582,0.037841797,42.023438,515.3999,0.043914795,1136.1719,611.35156,0.12573242,39.189453,529.625,0.10638428
399,64.00391,515.54224,0.12017822,62.08789,505.58203,0.0859375,68.59375,507.08203,0.02822876,1259.27,146.77344,0.029373169,52.62451,469.77246,0.06414795,38.75,466.7041,0.029464722,41.83789,510.79688,0.041381836,29.46582,512.29297,0.03137207,1068.708,202.37012,0.07116699,22.435547,471.33398,0.04208374,56.308594,513.9746,0.045013428,1067.513,194.84863,0.03173828,41.07422,515.3999,0.052947998,1059.9948,508.9297,0.064331055,39.189453,528.6465,0.17578125
400,64.00391,515.54224,0.11993408,62.08789,504.71484,0.056854248,68.41406,506.90527,0.03955078,1259.27,146.77344,0.03173828,52.679688,469.77246,0.056671143,35.50757,443.5586,0.031555176,41.83789,510.66016,0.030258179,29.46582,511.91406,0.023910522,1068.708,202.37012,0.06677246,22.435547,471.2207,0.03414917,56.308594,501.35547,0.026657104,1067.513,194.84863,0.032104492,37.710938,515.3999,0.038146973,47.72461,508.13208,0.05050659,39.595703,528.04297,0.13708496
401,64.00391,514.9629,0.12597656,62.23828,504.33594,0.042236328,68.41406,506.90527,0.033111572,1259.27,146.77344,0.033447266,52.911133,469.90723,0.048614502,35.50757,442.8828,0.03314209,35.43799,446.1836,0.024856567,21.004883,439.27344,0.01966858,1068.7002,202.39648,0.0625,37.987305,468.01392,0.02519226,55.353516,512.16016,0.02859497,1067.5693,194.84863,0.031021118,37.710938,515.4297,0.032958984,47.31836,505.9707,0.027023315,39.722656,527.21484,0.10217285
402,64.103516,514.9629,0.11462402,1263.5449,153.03906,0.035125732,68.59375,444.55957,0.03326416,1259.2261,146.7793,0.03289795,52.927734,470.04297,0.044708252,35.50757,442.8828,0.033081055,35.43799,445.6123,0.029205322,20.787598,438.58398,0.019989014,1068.7002,202.57227,0.05126953,53.36914,467.79956,0.024871826,55.82422,511.98438,0.025680542,1067.5693,194.91895,0.02923584,37.710938,515.4297,0.027008057,47.31836,505.86914,0.03274536,39.76172,526.6875,0.1161499
403,64.103516,514.958,0.116760254,1263.5449,153.03906,0.036468506,1274.9326,300.8208,0.050567627,1259.1929,146.9043,0.047943115,52.943848,470.15625,0.041107178,35.605957,442.8828,0.033111572,35.43799,444.76562,0.032043457,20.787598,434.53125,0.02067566,1068.7002,202.67871,0.04724121,53.36914,467.73657,0.024276733,1232.9375,436.7202,0.033355713,1067.6213,195.06152,0.02784729,40.804688,515.551,0.023925781,47.72461,439.0703,0.04373169,39.82422,526.4453,0.099243164
404,64.103516,514.9287,0.11651611,1263.75,152.88867,0.04006958,1275.044,300.4226,0.04257202,1259.1929,146.9043,0.040405273,52.943848,470.1875,0.03829956,35.605957,442.20703,0.03225708,35.654785,444.76562,0.031097412,20.787598,434.21875,0.017028809,1068.6821,202.80176,0.041503906,53.703125,467.73657,0.021713257,1231.1406,436.7202,0.035949707,1067.6384,382.78125,0.026123047,40.89453,515.4297,0.025009155,47.72461,439.0703,0.022888184,39.82422,526.2969,0.1038208
405,64.103516,514.9287,0.11242676,1263.7617,152.84961,0.04232788,1275.6128,300.19482,0.050567627,1259.1064,146.7793,0.05303955,52.911133,470.30078,0.035614014,53.206055,441.6836,0.02482605,36.075745,444.74365,0.029418945,1188.4111,379.05078,0.015319824,1068.6821,202.80176,0.029571533,53.36914,435.55078,0.018966675,1167.0625,383.91406,0.039520264,1162.1836,384.08594,0.027389526,40.945312,515.4297,0.023849487,1174.9551,383.86133,0.17199707,1159.6797,386.81445,0.33789062
406,64.103516,514.78125,0.08496094,1263.8008,152.79492,0.033843994,1275.044,300.00778,0.032928467,1259.1929,146.77148,0.040039062,52.73291,470.64258,0.033294678,53.55664,440.5586,0.023727417,36.19873,444.76562,0.02796936,1260.9863,196.29175,0.02041626,1068.7295,202.80176,0.025756836,53.36914,434.97266,0.027938843,1167.0625,383.91406,0.037353516,1162.1836,384.08594,0.03137207,41.058594,516.2754,0.028656006,1174.9551,383.86133,0.15332031,1159.6797,386.81445,0.453125
407,64.93164,505.69922,0.09411621,1263.8008,152.88867,0.04083252,1275.6128,300.00778,0.022598267,1259.2617,146.75293,0.049682617,52.380127,470.64258,0.031204224,53.55664,440.125,0.023269653,36.51709,444.82227,0.027114868,1261.0166,196.29175,0.016983032,1274.6973,178.79102,0.02230835,38.966797,434.97266,0.02029419,1167.0625,383.91406,0.036712646,1162.1836,382.78125,0.0289917,41.058594,516.4231,0.02784729,1174.9551,383.86133,0.06359863,1159.6797,386.81445,0.14660645
408,64.93164,504.5664,0.0725708,1263.8008,152.88867,0.0423584,1276.2927,300.00778,0.036895752,1259.2764,146.7002,0.04840088,52.120422,470.64258,0.028442383,1264.7363,159.28906,0.024398804,36.63037,444.82227,0.031051636,1261.0166,196.35156,0.015716553,1276.1072,171.72192,0.024749756,38.966797,435.55078,0.018875122,53.92285,510.16406,0.026367188,1147.8967,194.79395,0.025527954,41.29297,516.2754,0.025100708,58.93164,438.59766,0.02720642,38.29297,518.2832,0.12188721
409,64.93164,504.5664,0.070739746,44.569824,445.1172,0.039520264,1282.5049,193.5625,0.023773193,1259.2764,146.7002,0.045776367,51.769775,470.58203,0.028366089,1264.7363,159.28906,0.02178955,36.7959,451.98016,0.028442383,1261.0166,196.29175,0.01763916,1276.1858,171.72192,0.018493652,38.966797,436.01562,0.01789856,46.648438,510.16406,0.021743774,1147.7656,194.60059,0.022140503,41.26953,516.2754,0.023635864,58.93164,438.59766,0.02909851,38.1875,518.2832,0.1303711
410,64.91016,504.47266,0.06921387,43.757446,445.1172,0.04067993,1276.2927,193.5625,0.029922485,1259.2764,146.67773,0.046936035,51.40918,470.5254,0.032836914,43.881775,159.09375,0.021377563,36.7959,451.98016,0.028518677,1261.0156,196.27905,0.018508911,1276.1072,171.72192,0.01953125,38.966797,436.01562,0.018722534,39.84375,510.16406,0.042816162,1147.7073,194.5957,0.027359009,41.26953,515.8606,0.028747559,44.025116,438.59766,0.033996582,37.791992,518.2832,0.08013916
411,64.73047,202.96289,0.06976318,43.684082,445.1172,0.03930664,1276.2927,193.36133,0.021209717,1259.2617,146.66309,0.046020508,51.3667,470.3789,0.031280518,42.18457,159.09375,0.025985718,36.7959,443.3589,0.023651123,1261.002,196.27905,0.01928711,1274.6973,171.72192,0.024353027,38.5625,436.01562,0.017959595,39.398438,510.0664,0.032043457,1147.6333,194.34277,0.02557373,41.26953,515.6963,0.029144287,43.41992,163.46973,0.023742676,37.450195,518.0254,0.06774902
