scorer,DLC_Resnet50_MumuSwimmingTS5Dec2shuffle2_snapshot_best-120,DLC_Resnet50_MumuSwimmingTS5Dec2shuffle2_snapshot_best-120,DLC_Resnet50_MumuSwimmingTS5Dec2shuffle2_snapshot_best-120,DLC_Resnet50_MumuSwimmingTS5Dec2shuffle2_snapshot_best-120,DLC_Resnet50_MumuSwimmingTS5Dec2shuffle2_snapshot_best-120,DLC_Resnet50_MumuSwimmingTS5Dec2shuffle2_snapshot_best-120,DLC_Resnet50_MumuSwimmingTS5Dec2shuffle2_snapshot_best-120,DLC_Resnet50_MumuSwimmingTS5Dec2shuffle2_snapshot_best-120,DLC_Resnet50_MumuSwimmingTS5Dec2shuffle2_snapshot_best-120,DLC_Resnet50_MumuSwimmingTS5Dec2shuffle2_snapshot_best-120,DLC_Resnet50_MumuSwimmingTS5Dec2shuffle2_snapshot_best-120,DLC_Resnet50_MumuSwimmingTS5Dec2shuffle2_snapshot_best-120,DLC_Resnet50_MumuSwimmingTS5Dec2shuffle2_snapshot_best-120,DLC_Resnet50_MumuSwimmingTS5Dec2shuffle2_snapshot_best-120,DLC_Resnet50_MumuSwimmingTS5Dec2shuffle2_snapshot_best-120,DLC_Resnet50_MumuSwimmingTS5Dec2shuffle2_snapshot_best-120,DLC_Resnet50_MumuSwimmingTS5Dec2shuffle2_snapshot_best-120,DLC_Resnet50_MumuSwimmingTS5Dec2shuffle2_snapshot_best-120,DLC_Resnet50_MumuSwimmingTS5Dec2shuffle2_snapshot_best-120,DLC_Resnet50_MumuSwimmingTS5Dec2shuffle2_snapshot_best-120,DLC_Resnet50_MumuSwimmingTS5Dec2shuffle2_snapshot_best-120,DLC_Resnet50_MumuSwimmingTS5Dec2shuffle2_snapshot_best-120,DLC_Resnet50_MumuSwimmingTS5Dec2shuffle2_snapshot_best-120,DLC_Resnet50_MumuSwimmingTS5Dec2shuffle2_snapshot_best-120,DLC_Resnet50_MumuSwimmingTS5Dec2shuffle2_snapshot_best-120,DLC_Resnet50_MumuSwimmingTS5Dec2shuffle2_snapshot_best-120,DLC_Resnet50_MumuSwimmingTS5Dec2shuffle2_snapshot_best-120,DLC_Resnet50_MumuSwimmingTS5Dec2shuffle2_snapshot_best-120,DLC_Resnet50_MumuSwimmingTS5Dec2shuffle2_snapshot_best-120,DLC_Resnet50_MumuSwimmingTS5Dec2shuffle2_snapshot_best-120,DLC_Resnet50_MumuSwimmingTS5Dec2shuffle2_snapshot_best-120,DLC_Resnet50_MumuSwimmingTS5Dec2shuffle2_snapshot_best-120,DLC_Resnet50_MumuSwimmingTS5Dec2shuffle2_snapshot_best-120,DLC_Resnet50_MumuSwimmingTS5Dec2shuffle2_snapshot_best-120,DLC_Resnet50_MumuSwimmingTS5Dec2shuffle2_snapshot_best-120,DLC_Resnet50_MumuSwimmingTS5Dec2shuffle2_snapshot_best-120,DLC_Resnet50_MumuSwimmingTS5Dec2shuffle2_snapshot_best-120,DLC_Resnet50_MumuSwimmingTS5Dec2shuffle2_snapshot_best-120,DLC_Resnet50_MumuSwimmingTS5Dec2shuffle2_snapshot_best-120
bodyparts,Eye,Eye,Eye,SnoutTip,SnoutTip,SnoutTip,TailBase,TailBase,TailBase,ProxTail1,ProxTail1,ProxTail1,ProxTail2,ProxTail2,ProxTail2,ProxTail3,ProxTail3,ProxTail3,MidTail,MidTail,MidTail,DistTail1,DistTail1,DistTail1,DistTail2,DistTail2,DistTail2,DistTail3,DistTail3,DistTail3,TailTip,TailTip,TailTip,Ankle,Ankle,Ankle,MTP,MTP,MTP
coords,x,y,likelihood,x,y,likelihood,x,y,likelihood,x,y,likelihood,x,y,likelihood,x,y,likelihood,x,y,likelihood,x,y,likelihood,x,y,likelihood,x,y,likelihood,x,y,likelihood,x,y,likelihood,x,y,likelihood
0,5.4960938,359.29688,0.018676758,26.478516,354.76953,0.035614014,7.3554688,356.96875,0.01374054,1260.364,370.8037,0.027404785,1219.3359,363.98087,0.025283813,23.960938,359.14062,0.011390686,8.328125,361.2422,0.021820068,6.265625,358.94336,0.009361267,14.310547,358.8496,0.028778076,18.339844,356.2578,0.062927246,7.28125,358.40625,0.027572632,16.675781,372.45703,0.016143799,1236.4397,367.02148,0.014045715
1,12.974121,359.29688,0.014793396,26.495117,354.8047,0.029266357,7.3554688,360.98047,0.013648987,1260.4773,370.8037,0.027435303,1219.4155,363.98087,0.024215698,23.992188,359.41406,0.009208679,8.46875,361.59766,0.019515991,43.527588,364.84082,0.008628845,14.310547,366.16406,0.019378662,22.542969,359.1797,0.030960083,7.298828,358.53516,0.022781372,1269.5107,380.81445,0.017166138,1236.4731,367.03125,0.013168335
2,19.256836,359.29688,0.011260986,26.495117,354.8047,0.023162842,7.3554688,360.9922,0.012397766,1260.5161,370.84082,0.026931763,1219.4199,364.00085,0.025680542,23.992188,359.41406,0.0065841675,8.46875,361.64453,0.014450073,43.756104,364.84082,0.012268066,14.310547,366.7461,0.013076782,22.65625,359.1797,0.023773193,7.3789062,358.56055,0.017440796,1269.5322,380.81445,0.015563965,1236.5103,367.18164,0.013633728
3,1269.6543,356.46094,0.0107040405,26.495117,354.8047,0.022415161,7.328125,360.98047,0.012077332,1260.5161,370.84082,0.026657104,1219.4199,364.00085,0.028335571,23.992188,359.14062,0.0068588257,8.46875,361.59766,0.015686035,43.756104,359.49023,0.009544373,14.111328,367.4336,0.014419556,22.65625,359.1797,0.02218628,7.3984375,358.53516,0.016326904,1269.541,380.8208,0.016983032,1236.5103,377.8379,0.016586304
4,1269.6543,356.39844,0.010673523,26.495117,354.8047,0.018310547,7.328125,360.98047,0.011993408,1260.4773,370.85938,0.026428223,1219.4478,363.99506,0.023391724,23.992188,358.97656,0.008094788,8.46875,361.2422,0.01625061,43.527588,359.49023,0.009750366,14.015625,367.6328,0.012550354,22.65625,359.5957,0.02456665,7.4414062,358.40625,0.015289307,1269.54,380.8208,0.015945435,1236.487,367.18164,0.013465881
5,1269.6543,356.35938,0.010848999,1275.5405,358.80664,0.015159607,7.328125,360.9922,0.010650635,1260.4729,370.8496,0.027328491,1219.4609,364.01,0.025360107,1285.832,342.65625,0.0049057007,1250.5,361.0078,0.010429382,43.756104,359.50586,0.011131287,14.015625,367.6328,0.014785767,22.111328,359.5957,0.022140503,7.4414062,357.9707,0.0151901245,1269.541,380.82227,0.017578125,1236.5103,367.18164,0.015159607
6,1269.6611,356.35156,0.0104904175,1275.581,358.8086,0.015106201,13.692383,372.10895,0.012519836,1260.4473,370.9043,0.02658081,1219.4199,364.0196,0.02670288,1285.8467,342.6543,0.0048828125,1250.5107,360.9961,0.01033783,43.756104,359.50586,0.010772705,14.015625,367.6328,0.013267517,22.08789,359.21484,0.017242432,7.3984375,357.9707,0.011077881,1269.541,380.82227,0.016998291,1236.487,377.8379,0.014656067
7,1269.6611,356.35156,0.010574341,1275.5857,358.8164,0.015174866,13.749023,372.49097,0.011016846,1260.4414,370.92676,0.026809692,1219.3789,364.06818,0.025787354,1285.8467,342.6172,0.004875183,1250.5156,360.9453,0.01020813,28.108215,359.50586,0.009468079,1260.6514,355.67188,0.007827759,22.019531,359.29492,0.016662598,6.8828125,357.9707,0.010856628,1269.54,380.82227,0.01751709,1236.487,377.8379,0.013885498
8,1269.6357,356.35156,0.010498047,1275.581,358.8086,0.015106201,13.749023,372.49097,0.016616821,1260.4058,370.9287,0.026306152,1219.3779,364.156,0.022033691,1285.8418,342.6172,0.0048828125,1250.5107,360.9297,0.009399414,28.036163,364.99463,0.00844574,1260.6514,355.67188,0.007801056,21.786133,359.21484,0.016830444,6.7773438,357.9707,0.012374878,1269.5254,380.79834,0.015792847,1236.487,367.1172,0.013954163
9,1269.6357,356.35156,0.010368347,1275.581,358.80664,0.014945984,13.749023,372.49097,0.016708374,1260.383,370.9297,0.025634766,1219.3496,364.16162,0.0211792,1285.832,342.6543,0.004878998,1250.5,360.89453,0.009651184,27.820312,364.99463,0.009338379,1260.6514,355.67188,0.0077705383,21.625,359.19922,0.01751709,6.626953,357.9707,0.014343262,1269.4893,380.79443,0.016036987,18.958008,367.05664,0.012954712
10,1.3691406,356.21094,0.044769287,10.671875,338.14648,0.40673828,13.749023,372.49097,0.015434265,1260.3567,371.05615,0.024017334,1219.3198,364.23657,0.01828003,8.818359,349.2539,0.022994995,5.163086,341.5,0.018096924,26.563477,364.87158,0.02432251,20.54248,355.89844,0.0289917,15.7890625,350.23438,0.02796936,6.626953,347.53125,0.040649414,15.923828,370.61426,0.02293396,12.3203125,379.14014,0.027236938
11,0.23632812,356.17188,0.07287598,10.671875,338.0039,0.80078125,10.421875,355.59814,0.00920105,1260.3567,371.05615,0.02470398,1219.3179,364.28418,0.018234253,7.9257812,349.2539,0.023986816,5.163086,341.5,0.017852783,26.563477,364.24243,0.030532837,18.135742,365.3291,0.016799927,15.7890625,350.23438,0.028030396,6.8828125,344.64844,0.064331055,5.4404297,370.61426,0.03137207,12.3203125,377.0957,0.033325195
12,0.23632812,343.45508,0.09320068,10.671875,338.0039,0.94189453,10.421875,355.59814,0.016830444,1260.3403,371.05957,0.024795532,33.632812,364.28418,0.02709961,7.9257812,350.21484,0.025268555,5.163086,341.5,0.015586853,25.347656,364.87158,0.017745972,18.135742,365.3291,0.026184082,15.7890625,350.23438,0.018356323,29.179688,344.64844,0.03894043,5.4404297,370.61426,0.032348633,12.252686,374.78125,0.03048706
13,1.1601562,343.45508,0.13757324,16.40039,338.0039,0.95996094,1.8515625,356.35913,0.015075684,1260.3403,371.05957,0.024795532,33.632812,364.4817,0.027145386,7.9257812,350.21484,0.021240234,11.7734375,360.98828,0.009063721,26.563477,364.87158,0.013290405,18.695312,366.07617,0.028045654,29.510742,366.46484,0.01701355,30.847656,347.04688,0.028961182,11.117676,372.37622,0.033935547,12.252686,374.78125,0.04248047
14,1.3691406,343.45508,0.20812988,21.078125,338.19727,1.0,1.8515625,355.59814,0.012924194,1260.3003,371.17725,0.023086548,33.632812,364.4817,0.022277832,10.8359375,349.2539,0.036834717,15.878906,360.98828,0.008880615,37.526367,364.24243,0.012008667,18.27832,366.9668,0.01852417,30.939453,375.4414,0.01322937,45.4375,347.04688,0.027816772,9.378906,374.47266,0.04019165,11.092773,377.0957,0.12841797
15,2.7753906,344.09766,0.19873047,25.841797,338.19727,0.96875,4.0859375,355.59814,0.017593384,1260.2876,371.17725,0.021133423,59.401855,363.35938,0.013679504,13.1875,353.30078,0.028793335,19.819946,366.98438,0.008262634,37.526367,381.14844,0.014846802,18.695312,367.17188,0.022750854,31.519531,392.06055,0.015655518,47.492188,347.04688,0.041229248,11.117676,377.78516,0.036102295,11.092773,377.0957,0.0181427
16,3.2734375,344.09766,0.31420898,31.214844,338.19727,0.98535156,5.7226562,356.35913,0.019012451,1260.1377,371.17725,0.021469116,59.401855,361.3457,0.014694214,13.942383,353.30078,0.022506714,15.878906,366.98438,0.011116028,37.526367,381.14844,0.015617371,21.725586,367.17188,0.017715454,31.753906,392.06055,0.017089844,49.66797,347.46875,0.03289795,12.920898,379.08008,0.054534912,11.092773,389.80078,0.043426514
17,3.59375,344.09766,0.4206543,36.77002,337.9629,1.0,5.7226562,356.35913,0.01197052,1245.5459,369.4297,0.021011353,60.73828,361.3457,0.017852783,13.942383,341.40625,0.01928711,15.878906,338.125,0.013282776,51.25537,384.7871,0.014930725,21.725586,367.17188,0.01713562,31.753906,392.45117,0.017333984,62.125,347.04688,0.025726318,12.920898,383.80078,0.055145264,11.092773,390.8672,0.05709839
18,4.8710938,342.61328,0.5073242,41.75586,336.86523,0.9453125,9.1953125,345.75195,0.012275696,1245.2686,368.57812,0.019058228,59.401855,361.01562,0.019256592,16.513672,334.10938,0.017852783,15.761719,338.125,0.017150879,51.25537,364.29102,0.0077552795,21.725586,363.93427,0.021255493,31.519531,392.06055,0.01550293,62.125,344.22656,0.035888672,9.378906,391.78516,0.028717041,10.436523,390.8672,0.028213501
19,7.875,342.61328,0.74560547,47.914062,336.52344,0.93847656,9.1953125,368.4453,0.016464233,12.9375,364.15063,0.023223877,14.119141,361.01562,0.02104187,16.884766,334.10938,0.028152466,15.761719,348.1787,0.019119263,35.549316,364.29102,0.007446289,21.725586,363.1162,0.028121948,31.519531,377.1543,0.024795532,64.11914,347.46875,0.028656006,3.2265625,392.05078,0.040100098,7.8710938,390.8672,0.07775879
20,12.913574,342.3672,0.8881836,52.04602,335.1543,1.0,9.1953125,370.53906,0.011810303,10.6796875,364.15063,0.0231781,14.119141,361.01562,0.026184082,16.884766,334.10938,0.023071289,15.761719,348.1787,0.017700195,26.516602,361.79297,0.010437012,51.53076,363.1162,0.016296387,43.62793,360.58594,0.023925781,64.11914,344.8672,0.025466919,3.2265625,392.33594,0.04159546,7.8710938,390.8672,0.11602783
21,18.407227,342.07422,0.88134766,56.908203,334.64453,0.9111328,9.353516,386.8203,0.017974854,10.6796875,368.57812,0.03012085,11.843628,362.8125,0.026275635,48.73633,351.1211,0.0184021,1.7402344,348.48877,0.027160645,26.516602,361.38672,0.017059326,37.55957,344.8789,0.017608643,18.019531,377.1543,0.021972656,64.0,344.22656,0.031158447,3.1679688,392.33594,0.047546387,7.8710938,390.8672,0.09881592
22,24.910156,341.9619,0.92285156,63.316406,334.2578,0.9716797,15.003906,387.32812,0.01763916,12.9375,364.08673,0.020401001,10.732422,361.01562,0.018493652,66.87793,351.1211,0.02029419,2.1513672,353.6875,0.018249512,26.516602,360.45117,0.014480591,62.966797,362.68848,0.024337769,30.933594,377.1543,0.016967773,78.31641,334.01953,0.028533936,3.1679688,394.92578,0.032470703,13.207031,392.79102,0.022323608
23,30.833984,341.0293,0.88964844,68.711914,333.56543,1.0,7.7070312,387.32812,0.021072388,25.783203,364.08673,0.022521973,10.732422,358.83594,0.025222778,68.30859,351.98828,0.022949219,4.6591797,348.48877,0.0109939575,61.859375,340.2578,0.009140015,62.966797,361.60742,0.016784668,32.882812,391.3203,0.026351929,79.26953,334.01953,0.023727417,6.3671875,394.92578,0.053375244,25.021484,393.7578,0.031829834
24,37.02246,340.01364,0.8828125,75.70996,332.3274,0.9682617,7.3984375,387.32812,0.028045654,40.38672,364.08673,0.016082764,13.255859,358.83594,0.02444458,68.30859,351.98828,0.01763916,3.9519958,353.6875,0.017242432,61.859375,340.2578,0.011238098,78.291016,362.68848,0.020736694,32.882812,391.3203,0.023864746,79.26953,334.01953,0.029373169,13.25,394.92578,0.031097412,31.017578,395.76135,0.0368042
25,43.97386,338.96777,0.8178711,82.771484,331.59204,1.0,18.876953,347.5703,0.04055786,40.38672,371.41406,0.017471313,13.255859,375.80078,0.025390625,66.87793,353.04688,0.01890564,3.5683594,378.45703,0.017364502,87.80859,340.2578,0.0126571655,78.552734,362.1875,0.018341064,32.882812,391.3203,0.029373169,92.33594,334.01953,0.022583008,14.2578125,394.92578,0.03692627,31.017578,395.76135,0.046173096
26,49.89258,338.15137,0.70996094,88.55859,329.82422,0.8798828,18.876953,347.09375,0.101867676,40.38672,364.08673,0.01625061,22.480469,381.6289,0.03274536,20.30249,373.24414,0.020751953,3.9519958,388.6001,0.03010559,93.86719,339.83984,0.017471313,93.80176,362.1875,0.020141602,60.663086,357.64062,0.018188477,109.515625,334.91406,0.0259552,14.2578125,393.1797,0.034973145,31.017578,393.02344,0.021896362
27,59.208496,337.5586,0.7246094,96.759766,329.13086,1.0,18.876953,346.6914,0.05883789,40.38672,364.10986,0.021957397,30.123047,381.6289,0.05114746,20.30249,373.24414,0.058685303,4.6591797,388.6001,0.04220581,93.86719,345.27344,0.012283325,94.02344,361.60742,0.022140503,73.51758,357.28516,0.014953613,112.103516,347.16406,0.024719238,14.2578125,392.48828,0.027755737,31.017578,393.02344,0.027297974
28,65.76758,335.05664,0.84472656,104.51172,327.89648,0.86816406,18.876953,346.41797,0.040252686,1244.8955,364.09253,0.022888184,22.480469,381.6289,0.03491211,20.30249,373.24414,0.03289795,14.7265625,388.6001,0.023849487,93.86719,345.27344,0.011955261,111.91797,352.35156,0.018371582,89.49414,339.84888,0.015655518,129.63672,347.16406,0.025985718,58.890625,382.48047,0.0234375,31.433594,383.78125,0.026367188
29,74.04492,334.37305,0.8095703,112.11133,325.7754,0.9916992,20.648438,345.38672,0.017211914,9.072266,364.09253,0.017593384,30.123047,372.51807,0.032928467,90.13281,353.33984,0.028320312,15.316406,377.34766,0.018844604,93.86719,345.27344,0.010856628,112.21875,351.4453,0.02279663,107.2793,339.84888,0.013870239,130.50488,347.16406,0.02017212,81.61914,377.60938,0.023544312,121.828125,334.28125,0.020431519
30,81.416016,331.96405,0.86035156,121.34375,324.01544,0.98583984,22.183594,346.41797,0.051849365,1244.8955,364.08826,0.01676941,30.123047,372.51807,0.033050537,90.13281,353.33984,0.024398804,15.316406,377.34766,0.012664795,69.97266,361.77734,0.015701294,127.81055,350.9375,0.022613525,112.16016,331.92188,0.013946533,140.83203,348.88672,0.023956299,93.62109,377.60938,0.019424438,121.828125,334.28125,0.024887085
31,89.22656,330.03027,0.7636719,130.3789,322.7334,1.0,24.970703,345.38672,0.010505676,1244.9082,364.08826,0.027359009,24.460938,372.51807,0.024429321,90.13281,353.33984,0.028137207,14.7265625,377.34766,0.025054932,12.953613,382.43555,0.016174316,128.27344,349.79102,0.023635864,115.76697,331.78516,0.021408081,142.78516,333.1875,0.01751709,107.052734,377.4297,0.018844604,134.84766,334.28125,0.020935059
32,99.74194,328.8379,0.7675781,138.32324,321.9004,1.0,42.47168,344.8789,0.009780884,1244.8955,364.08826,0.01739502,24.460938,372.48657,0.02607727,23.105469,382.43555,0.03894043,14.7265625,377.34766,0.031677246,12.953613,382.43555,0.026306152,143.9707,350.73633,0.022994995,118.427734,331.78516,0.013381958,157.41406,333.1875,0.024383545,108.64844,377.85352,0.02633667,138.35547,334.28125,0.026809692
33,106.8457,327.21875,0.7573242,146.90137,320.95117,1.0,85.28516,333.37012,0.00724411,1244.9082,364.0854,0.017623901,32.0,372.8911,0.026794434,23.105469,382.43555,0.03555298,25.470703,382.73242,0.028823853,12.953613,382.43555,0.04611206,144.34375,348.97998,0.022201538,143.46875,342.58203,0.012542725,159.91797,328.10938,0.016952515,108.64844,377.4297,0.021102905,138.35547,384.35938,0.023040771
34,115.98784,325.75293,0.8178711,154.33008,320.22852,0.95996094,96.015625,329.63672,0.010612488,1244.9258,364.0854,0.027694702,32.0,372.8911,0.013435364,23.105469,382.43555,0.026565552,34.94922,382.73242,0.0129852295,26.388672,381.93945,0.05142212,159.81445,350.00586,0.024383545,143.54492,334.90234,0.014282227,164.02249,351.67578,0.020141602,115.80505,377.4297,0.018997192,138.35547,384.35938,0.021697998
35,124.67822,324.6582,0.7553711,164.05362,319.4375,1.0,96.015625,329.0039,0.023468018,1244.9951,364.0854,0.017669678,45.335938,366.0332,0.01184082,163.96542,352.3496,0.034179688,49.345703,381.5879,0.038482666,26.99121,381.93945,0.085754395,159.8789,350.00586,0.021316528,158.28125,342.20703,0.015167236,175.91797,327.65625,0.022842407,115.80505,345.2539,0.01689148,166.9375,320.96875,0.0209198
36,133.79199,323.61084,0.71972656,172.93408,319.38672,0.9355469,96.015625,328.9453,0.031951904,1244.9404,364.08228,0.016830444,62.30664,366.0332,0.015281677,163.96542,352.3496,0.025314331,51.03955,381.0078,0.017105103,27.20459,381.80957,0.021759033,175.60742,350.00586,0.02659607,174.41797,342.20703,0.013412476,179.71484,317.51562,0.019607544,133.65137,345.2539,0.0146865845,185.1914,318.76953,0.022613525
37,142.76172,323.33838,0.76416016,181.00586,318.70703,1.0,100.72266,328.9453,0.041290283,1244.9429,364.07666,0.018341064,78.8457,365.47754,0.021148682,167.51562,339.25098,0.025512695,52.38794,381.0078,0.019866943,43.760986,380.6548,0.041931152,191.47852,350.00586,0.018295288,191.26172,338.58984,0.023925781,196.00902,317.51562,0.020904541,160.69727,338.88672,0.019607544,193.16602,316.4563,0.018981934
38,153.81836,323.26514,0.72802734,190.64062,318.67578,0.96972656,116.83203,328.30078,0.01852417,1244.9429,364.07666,0.016677856,116.41846,364.9463,0.014961243,179.3457,339.25098,0.02418518,67.36035,367.95312,0.032348633,74.29883,366.4297,0.020370483,194.91406,350.00586,0.026870728,198.40039,336.23047,0.014907837,202.72656,317.51562,0.022369385,165.02637,331.48438,0.017974854,197.49219,316.4563,0.026290894
39,160.87305,322.7256,0.8051758,198.73633,318.51367,1.0,116.83203,327.0625,0.023269653,1244.9946,364.06726,0.016830444,78.8457,365.47754,0.011474609,194.6123,339.25098,0.02885437,68.20813,367.93555,0.016189575,75.75745,366.4297,0.016723633,207.56836,350.08008,0.02355957,204.59863,338.1836,0.018630981,206.89844,317.51562,0.01876831,165.02637,331.48438,0.024230957,214.61328,316.4563,0.02130127
40,170.8291,322.5752,0.69628906,208.84766,318.44922,0.9946289,116.83203,327.0625,0.023025513,1244.9946,364.05573,0.017868042,78.8457,369.49023,0.011993408,210.20898,339.25098,0.031311035,82.96582,367.55664,0.019729614,91.134766,365.96582,0.014465332,210.20996,349.4834,0.022232056,204.59863,336.23047,0.017547607,221.85547,317.51562,0.021560669,180.36133,319.21875,0.016799927,215.7539,316.4563,0.029846191
41,179.5271,322.4248,0.78125,217.04297,318.44922,0.9501953,116.83203,327.85352,0.018356323,1244.9946,364.06726,0.018508911,13.524414,379.71826,0.02078247,210.20898,339.25098,0.025390625,98.93555,366.92578,0.014968872,91.56177,365.73047,0.013900757,223.47461,350.08008,0.023498535,220.25659,338.125,0.019638062,223.44531,319.85547,0.01979065,180.36133,319.21875,0.019012451,230.54688,317.03125,0.024902344
42,188.97852,322.3418,0.71728516,226.62207,318.67578,1.0,120.072266,327.0625,0.016830444,1244.9946,364.06726,0.017700195,13.4140625,385.89453,0.023361206,214.30469,337.1836,0.033569336,106.2168,366.92578,0.041870117,91.56177,365.73047,0.02293396,226.42969,349.9004,0.024353027,220.25659,338.125,0.015533447,236.58594,314.3203,0.02116394,180.36133,319.21875,0.019897461,230.54688,317.89258,0.022216797
43,196.80615,322.3418,0.77490234,235.09814,318.87305,0.95654297,120.072266,327.23242,0.029052734,16.941406,386.875,0.033203125,13.4140625,392.0586,0.045135498,228.58789,339.59766,0.04660034,106.2168,366.92578,0.042785645,105.63086,379.70532,0.033233643,239.4043,349.9004,0.028671265,188.16357,338.1836,0.015182495,239.5625,319.85547,0.015991211,1.9199219,404.90137,0.07232666,230.54688,320.09766,0.024932861
44,204.91602,322.3418,0.63183594,243.16992,319.2168,1.0,135.00781,327.73633,0.022369385,16.941406,389.08594,0.040527344,13.067383,392.08984,0.06744385,244.78955,337.1836,0.03640747,106.72363,367.03906,0.039611816,106.87891,365.73047,0.017745972,239.4043,349.9004,0.022491455,26.472656,416.51367,0.018859863,239.5625,330.75,0.02029419,1.9199219,409.00195,0.20495605,27.188477,422.03125,0.22363281
45,212.13208,323.03564,0.64941406,250.77051,319.98438,0.9794922,135.00781,327.73633,0.026901245,16.941406,389.08594,0.040496826,13.067383,394.4912,0.054901123,244.78955,352.87305,0.02658081,106.2168,367.03906,0.027023315,124.6543,385.8086,0.013336182,239.4043,350.0957,0.029129028,26.472656,416.68555,0.055664062,239.5625,331.14844,0.020904541,1.9199219,409.2246,0.19055176,27.188477,422.08203,0.5908203
46,221.50586,324.19202,0.68408203,259.23193,320.06055,1.0,135.00781,327.73633,0.017028809,15.421875,389.34766,0.024246216,18.830078,423.6328,0.032287598,248.1543,337.67773,0.0335083,21.000977,393.0547,0.018356323,124.6543,385.93945,0.010597229,61.115234,420.25928,0.030014038,26.472656,423.1289,0.05340576,52.482666,416.13672,0.035888672,2.665039,413.3047,0.0703125,27.188477,423.1328,0.1928711
47,230.09766,324.80566,0.80859375,267.03223,321.32617,1.0,34.151367,398.21094,0.036712646,24.742188,389.34766,0.018081665,26.822266,426.43457,0.056274414,248.1543,352.87305,0.026138306,2.3125,393.46484,0.013931274,124.6543,385.93945,0.016296387,61.115234,425.29688,0.026748657,34.210938,428.25,0.05593872,52.482666,416.13672,0.021087646,4.1992188,428.52686,0.045806885,42.16211,423.26953,0.1607666
48,236.35132,325.29688,0.73046875,275.7776,321.7129,1.0,5.3291016,404.58594,0.058624268,26.820312,427.64844,0.022735596,35.251953,431.19922,0.053222656,22.488281,389.89648,0.030166626,9.9453125,393.46484,0.021453857,37.123047,438.70312,0.020492554,60.446533,426.80762,0.020599365,60.327393,428.61328,0.029830933,30.601562,421.40723,0.014472961,11.225586,432.5586,0.5830078,52.996094,431.3672,0.7285156
49,245.6416,326.94336,0.3552246,282.55273,322.40234,1.0,3.0385742,404.58594,0.121520996,26.820312,428.46484,0.038391113,35.84619,431.19922,0.04751587,18.105469,390.73633,0.04043579,4.623047,393.46484,0.021621704,37.123047,438.70312,0.034179688,61.115234,443.25098,0.024475098,63.617188,441.77734,0.045959473,45.54004,434.13184,0.023651123,11.225586,435.81714,1.0,53.219727,447.625,0.5625
50,253.50195,328.3457,0.58740234,290.6084,322.92285,1.0,2.921875,398.21094,0.12359619,24.742188,443.95312,0.06384277,35.84619,432.19336,0.09301758,18.105469,390.73633,0.03656006,4.623047,393.0547,0.024673462,35.757446,439.09766,0.052490234,61.115234,444.98828,0.057739258,63.617188,450.57227,0.06161499,45.54004,457.07812,0.035125732,15.646484,439.80664,0.9580078,53.219727,460.38525,0.65527344
51,260.0171,328.36523,0.6459961,297.95312,323.78088,1.0,3.0385742,392.31055,0.14538574,26.820312,444.72266,0.058685303,35.251953,433.66406,0.06549072,18.105469,390.8164,0.039276123,9.9453125,393.46484,0.028289795,35.757446,448.2539,0.04348755,60.446533,456.70312,0.080566406,63.617188,463.8496,0.051361084,31.208984,477.75586,0.035186768,16.705078,442.30664,1.0,53.219727,473.27344,0.70458984
52,269.40137,330.24707,0.6386719,306.49512,324.34106,1.0,5.3291016,389.59375,0.18579102,26.820312,444.72266,0.07092285,33.583984,445.96094,0.07745361,32.78125,397.9873,0.042053223,22.792969,408.91016,0.023086548,35.757446,438.70312,0.08831787,60.446533,456.70312,0.02407837,43.715088,474.53125,0.028320312,30.601562,478.04688,0.043121338,17.066406,446.17578,0.7319336,38.339844,480.1289,0.72998047
53,275.7434,330.25977,0.73535156,314.18652,324.34106,1.0,17.734375,385.8789,0.26123047,24.335938,443.95312,0.050964355,32.507812,446.8203,0.07006836,32.78125,417.53906,0.032348633,42.208984,396.75244,0.027191162,47.51953,435.34277,0.08483887,68.27051,456.70312,0.039398193,28.779785,474.53125,0.06286621,17.867188,478.04688,0.062805176,18.527344,446.17578,0.8774414,26.140625,480.1289,0.7675781
54,283.2295,330.25977,0.8173828,322.02734,324.38135,1.0,25.205078,382.44922,0.42578125,11.614014,384.65234,0.14672852,19.867188,446.8203,0.06878662,33.708984,433.54492,0.045562744,74.92969,424.6289,0.04034424,48.253906,433.8203,0.055877686,35.432617,400.8164,0.018814087,28.326416,474.53125,0.070251465,17.867188,477.75586,0.04699707,18.908203,446.17578,0.7919922,11.412109,480.1289,0.79003906
55,291.8828,330.28613,0.79248047,329.9375,324.38135,0.99560547,32.714844,382.41016,0.32226562,11.614014,383.82227,0.15393066,13.660156,446.8203,0.07940674,39.416016,417.53906,0.053771973,74.92969,438.27344,0.029129028,48.296875,433.39844,0.05404663,28.622559,394.9453,0.024719238,25.357422,458.56348,0.038726807,17.867188,472.26953,0.027893066,19.128906,445.2119,0.65625,5.0214844,476.74658,0.21984863
56,298.4961,330.89844,0.7661133,337.19922,324.53076,1.0,40.523438,381.47852,0.37597656,11.614014,383.82227,0.36621094,1.7441406,387.1587,0.10723877,44.55371,417.53906,0.0390625,75.611084,438.8672,0.03781128,48.296875,433.39844,0.033050537,27.615723,394.46387,0.025482178,25.357422,443.40234,0.039520264,273.7461,420.54297,0.0357666,19.4375,443.71558,0.8286133,4.109375,470.67773,0.34960938
57,305.47852,331.5432,0.75390625,344.3203,324.91357,0.9692383,46.992188,381.47852,0.54345703,16.69336,384.08984,0.4711914,1.7441406,387.1587,0.18273926,44.55371,396.58398,0.036743164,90.96387,438.8672,0.040130615,48.253906,432.9082,0.0491333,27.615723,394.50488,0.0519104,28.326416,438.43164,0.040283203,273.7461,420.54297,0.026657104,20.109375,438.0,0.98046875,4.109375,468.83154,0.39916992
58,312.6328,333.2793,0.72753906,350.6211,325.75977,0.99072266,50.41797,382.44922,0.60791016,20.249512,384.65234,0.47143555,1.7441406,387.1587,0.28686523,44.55371,395.80737,0.035095215,90.96387,439.39062,0.055267334,48.296875,433.39844,0.038024902,27.615723,394.9453,0.046325684,103.72266,438.43164,0.07269287,273.7461,420.54297,0.051513672,27.769165,431.71875,0.9868164,4.109375,466.1582,0.51171875
59,319.31836,334.90234,0.69189453,356.91016,326.76953,0.9970703,58.570312,385.76172,0.39819336,28.934082,385.8496,0.38012695,3.921875,387.26074,0.38891602,6.53125,391.16406,0.03781128,91.32178,439.39062,0.037353516,48.296875,420.17163,0.022918701,27.706543,394.9453,0.042022705,122.56641,436.42114,0.046722412,33.70703,450.51855,0.040405273,37.46875,421.8877,0.99121094,13.182617,459.81104,0.7763672
60,326.42188,336.0664,0.70166016,362.98242,327.7578,0.91015625,66.262695,387.39453,0.42871094,34.277344,387.68286,0.42944336,4.1557617,389.58594,0.5415039,-0.16796875,390.2871,0.057006836,91.32178,439.8828,0.040496826,79.73633,412.42188,0.027069092,60.498047,440.8203,0.037261963,123.74536,436.42114,0.08343506,33.70703,450.51855,0.14758301,50.185547,414.45898,0.94433594,29.648438,453.4043,0.9013672
61,333.69238,337.16016,0.76708984,369.16797,328.97266,1.0,69.63672,388.44287,0.5058594,34.960938,391.19922,0.6616211,5.0859375,391.40234,0.44433594,-0.16796875,390.2871,0.068359375,90.96387,440.6328,0.037353516,79.73633,412.42188,0.01965332,77.57129,440.8203,0.03894043,123.74536,442.542,0.08441162,33.70703,454.41406,0.046539307,60.386963,407.9414,1.0,46.445312,448.0625,0.9238281
62,338.63184,337.97266,0.7832031,374.50977,330.19043,0.9838867,72.09961,388.86328,0.45483398,37.771484,393.29297,0.65625,8.636719,391.77344,0.4790039,-0.16796875,390.2871,0.09277344,81.99414,439.8828,0.023468018,80.58203,413.2539,0.044036865,93.13672,443.63086,0.027374268,123.74536,445.14062,0.055664062,51.566406,450.51855,0.04425049,66.72754,407.10938,0.86865234,64.58008,446.6543,0.8959961
63,345.7578,338.51465,0.81933594,380.52197,330.36133,0.96533203,77.36914,391.3203,0.61621094,45.93164,393.65625,0.60791016,14.419922,391.91016,0.4873047,2.1679688,390.2871,0.15197754,66.74414,439.28125,0.022827148,82.66699,413.2539,0.029510498,93.32617,444.01562,0.03186035,123.74536,446.1211,0.07110596,78.03906,448.83984,0.033996582,73.19531,407.10938,0.94677734,78.990234,446.6543,0.88427734
64,350.41797,338.70703,0.86035156,387.59375,331.65454,1.0,83.331055,391.3203,0.5024414,52.690918,393.65625,0.6269531,23.158203,391.91016,0.484375,4.5859375,389.75293,0.18676758,1.3496094,390.0078,0.064453125,87.79297,415.76172,0.040618896,146.40527,444.35156,0.04248047,138.1211,446.53516,0.054901123,92.546875,448.78125,0.035461426,78.16992,407.10938,0.8574219,92.67139,446.6543,0.9863281
65,356.23083,339.72656,0.8364258,392.16797,332.04245,0.97558594,87.765625,388.86328,0.4658203,57.640625,393.65625,0.6113281,27.430176,391.91016,0.5361328,5.102539,388.91016,0.2529297,1.3496094,389.60742,0.10076904,99.25,431.7461,0.057891846,146.40527,443.63086,0.039398193,155.87659,446.53516,0.034851074,119.009766,448.78125,0.034942627,84.96777,410.32617,0.8354492,104.74414,447.32812,0.8486328
66,360.5,339.92676,0.7285156,397.94824,332.22815,0.96240234,97.36133,388.86328,0.35595703,62.68164,393.0625,0.57177734,32.003906,390.97266,0.52978516,5.6210938,387.2124,0.2861328,1.3496094,388.2019,0.10675049,99.25,415.76172,0.04284668,162.77051,443.63086,0.044433594,170.97266,446.53516,0.0847168,368.3203,417.45117,0.036956787,93.49219,412.33398,0.98291016,119.25195,448.60156,0.9160156
67,366.2539,340.64893,0.84765625,403.95782,332.3081,1.0,105.58594,388.95703,0.3059082,73.30078,390.5703,0.33984375,42.740234,389.9004,0.51171875,13.105469,386.88867,0.31982422,3.4575195,386.69824,0.1694336,99.25,415.76172,0.04638672,146.40527,439.54297,0.03366089,384.55078,417.3125,0.09350586,370.43457,417.45117,0.0541687,99.583496,416.33203,0.9057617,133.13281,448.60156,0.67041016
68,371.69678,340.8755,0.8725586,408.82812,332.3081,0.93115234,111.328125,387.9634,0.5078125,81.59375,390.4297,0.46826172,52.129395,388.68408,0.59033203,27.278809,386.85254,0.38061523,5.2929688,384.54688,0.2800293,11.823486,385.98438,0.0982666,0.31640625,386.1797,0.047668457,385.92188,417.3125,0.085998535,370.43457,417.45117,0.1159668,107.733154,420.05182,0.9086914,133.13281,450.16797,0.62841797
69,379.04102,340.9209,0.8276367,415.82227,332.22815,0.99072266,116.76807,388.58105,0.4440918,89.43555,390.4297,0.5488281,60.143555,388.52734,0.69921875,33.640625,386.53906,0.40356445,13.488281,383.3086,0.3552246,11.823486,381.1875,0.18273926,0.31640625,384.0254,0.07116699,385.92188,416.8203,0.10394287,372.08142,420.09906,0.10614014,114.65527,420.68164,0.9145508,133.13281,481.46094,0.4951172
70,383.58398,340.93408,0.82373047,420.67236,332.22815,1.0,124.25366,388.58105,0.625,95.85742,390.5703,0.63134766,67.75073,388.52734,0.52490234,44.833984,386.53906,0.5605469,20.920898,383.3086,0.44018555,11.823486,381.1875,0.37060547,5.9492188,379.0713,0.14648438,384.55078,416.8203,0.113342285,372.08142,428.27588,0.08892822,119.56445,421.1045,0.9199219,110.76953,481.6797,0.5571289
71,390.85352,340.93408,0.85253906,426.61523,332.05276,0.95458984,130.79102,388.58105,0.6435547,100.14844,390.97656,0.5209961,73.70508,388.52734,0.44970703,49.085938,386.53906,0.49560547,31.447266,383.04297,0.42871094,12.652344,380.6211,0.35131836,5.9492188,377.33008,0.21313477,97.87109,416.8203,0.14538574,370.1875,433.4375,0.107421875,121.28711,438.90625,0.65234375,99.1084,481.46094,0.72753906
72,396.6245,341.3496,0.87109375,433.19922,332.05276,1.0,138.14648,388.58105,0.7211914,107.6709,391.63672,0.69677734,79.20703,389.23438,0.42651367,55.320312,388.02106,0.4753418,31.447266,383.04297,0.5058594,21.808594,380.44922,0.37060547,9.21875,377.12305,0.25317383,97.87109,421.90918,0.20397949,84.58789,474.09473,0.20703125,122.4375,438.90625,0.6220703,95.72656,481.46094,0.6870117
73,401.3672,341.64844,0.8408203,437.50586,332.33203,1.0,141.16504,391.26562,0.6533203,109.32422,392.88477,0.62939453,79.80664,390.43945,0.51708984,55.796875,388.0364,0.4897461,32.439453,383.04297,0.47387695,21.808594,380.44922,0.2770996,9.296875,376.3711,0.12573242,97.87109,443.1953,0.12426758,84.58789,474.09473,0.3935547,122.4375,438.90625,0.91503906,95.72656,476.10577,0.6459961
74,407.20312,341.89844,0.86816406,442.98145,332.4436,0.94384766,144.45312,392.83008,0.69433594,113.09375,394.4209,0.63720703,83.188965,391.33203,0.53222656,59.020508,388.28198,0.4675293,35.007324,381.52344,0.45507812,21.808594,378.89062,0.21044922,9.296875,376.3711,0.060638428,107.21777,446.8828,0.08929443,84.58789,474.09473,0.46679688,125.86133,433.85352,0.88720703,95.72656,469.98047,0.5996094
75,412.42065,342.1875,0.87939453,448.53516,333.26172,0.98095703,148.37549,393.0625,0.58691406,119.9375,395.19482,0.67578125,92.02414,393.42188,0.5751953,61.124023,389.26758,0.5961914,35.007324,380.8589,0.53125,21.542969,378.61523,0.3112793,9.21875,376.3711,0.07910156,220.1698,450.13867,0.07733154,92.68457,466.5293,0.21044922,136.55664,430.8828,0.61621094,119.36914,460.5752,0.6176758
76,415.97266,342.2793,0.8588867,452.4812,333.47363,1.0,151.8711,393.56445,0.5576172,124.23926,396.4309,0.7182617,95.021484,393.92188,0.5888672,61.914062,389.54395,0.73046875,36.360596,380.8589,0.6567383,21.542969,378.61523,0.36987305,8.808594,378.26562,0.05102539,220.1698,450.13867,0.0541687,103.98047,463.02344,0.27392578,145.13281,430.8828,0.6821289,134.09375,458.92383,0.6928711
77,421.0664,343.32812,0.86621094,456.84766,333.59668,0.91308594,156.71338,396.13135,0.6845703,127.25195,397.85938,0.7558594,98.57422,394.58984,0.69970703,65.59375,389.7168,0.7451172,38.527344,381.52344,0.6557617,21.542969,378.61523,0.35253906,8.808594,379.03125,0.09057617,220.1698,446.8828,0.054626465,119.91406,463.02344,0.054840088,157.49902,430.8828,0.515625,148.07623,457.16797,0.85009766
78,426.03418,343.50586,0.8125,461.52246,333.73828,0.9277344,163.12549,396.13135,0.76708984,134.22266,397.85938,0.6870117,106.69922,394.58984,0.6542969,75.72876,389.54395,0.5761719,49.3125,384.7207,0.4597168,22.71875,380.72852,0.2849121,8.808594,383.6328,0.08886719,233.26758,450.13867,0.043762207,138.07422,462.64453,0.03930664,193.25195,452.37036,0.65722656,148.07623,458.92383,0.80810547
79,429.7959,343.5332,0.85009766,466.35645,333.77637,0.9951172,168.85938,396.13135,0.7128906,138.41504,397.85938,0.72753906,110.97461,394.58984,0.6923828,79.38086,389.4629,0.56884766,54.046875,385.3125,0.4099121,25.464844,384.48828,0.25756836,10.060547,384.8086,0.084106445,154.9414,450.13867,0.048828125,152.78516,462.64453,0.038360596,199.1582,456.0664,0.7758789,252.11633,458.92383,0.74560547
80,435.10254,343.56836,0.82128906,469.89258,334.08008,0.9716797,174.2461,394.3789,0.77197266,143.49219,395.91022,0.7714844,116.68799,393.3672,0.66552734,87.734375,389.4629,0.54052734,60.293945,385.3125,0.46557617,25.59375,384.48828,0.22363281,47.890625,386.4961,0.055419922,25.539062,384.16016,0.05810547,163.82935,463.02344,0.03540039,206.28516,457.0039,0.8901367,252.11633,462.83984,0.6958008
81,439.98047,343.76367,0.7841797,474.8828,334.17773,0.91845703,180.05078,394.00586,0.7421875,149.43652,394.9375,0.70166016,120.75,391.76172,0.6308594,93.84277,388.06033,0.53222656,60.433594,385.3125,0.41064453,35.780396,384.48828,0.19165039,47.890625,386.90332,0.0713501,25.539062,384.16016,0.07476807,179.56445,462.64453,0.028335571,208.30273,459.36523,0.80810547,252.11633,477.67285,0.7758789
82,443.88245,343.80273,0.8198242,480.21875,334.17773,0.9375,184.92578,392.41016,0.73535156,154.75684,392.30273,0.83154297,126.75,389.84277,0.7426758,98.07129,385.70703,0.6035156,66.71875,382.9746,0.5102539,36.203857,383.4375,0.23596191,47.890625,390.2461,0.087402344,224.46484,459.46875,0.0769043,211.5,462.64453,0.03201294,208.30273,461.99023,0.8588867,247.2461,490.6328,0.66259766
83,447.25586,343.85352,0.8286133,483.9544,334.17773,0.9555664,193.07422,392.23438,0.7788086,162.9082,391.79297,0.7783203,133.08594,388.562,0.75097656,100.504395,384.17188,0.7866211,69.43652,382.9746,0.6923828,36.203857,383.4375,0.42382812,24.029297,391.15234,0.072143555,205.9502,489.54297,0.047607422,211.5,494.22266,0.03729248,208.30273,461.99023,0.75,233.73828,496.95703,0.5805664
84,453.06055,343.85352,0.7685547,488.53906,333.7959,0.8671875,199.99219,392.23438,0.71533203,167.86328,391.3418,0.70166016,139.04443,388.19458,0.7338867,104.62305,384.17188,0.63183594,69.43652,380.14038,0.64208984,36.203857,383.4375,0.5161133,6.546875,391.71094,0.12463379,205.9502,489.54297,0.037109375,211.5,498.7295,0.04168701,206.25977,461.99023,0.95947266,220.40698,498.01172,0.8173828
85,457.90625,343.85352,0.7246094,494.77148,333.71094,0.92578125,205.23633,392.3379,0.7392578,174.25977,391.3418,0.67578125,148.39868,388.13562,0.48120117,129.11719,383.43164,0.26757812,69.43652,380.00195,0.06695557,28.085938,385.88867,0.26171875,6.546875,391.71094,0.11376953,205.9502,489.54297,0.061767578,196.96875,501.4961,0.068237305,205.26953,460.91602,0.9711914,203.08203,498.01172,0.82910156
86,462.79492,343.39844,0.8154297,499.72705,332.9756,0.9921875,210.30469,392.41016,0.7548828,178.77637,391.3418,0.6699219,150.82812,387.75,0.32202148,138.25781,383.97852,0.10107422,70.00391,380.14038,0.16113281,28.085938,385.88867,0.40039062,6.546875,391.15234,0.15722656,154.37305,390.43945,0.10888672,181.1582,501.4961,0.08538818,200.35938,459.8385,0.9404297,188.37231,498.01172,0.7973633
87,467.85132,343.3164,0.8515625,504.01562,332.3933,0.9140625,214.50781,392.52344,0.75634766,181.66016,391.44727,0.65966797,157.10156,387.75,0.3046875,142.65234,383.97852,0.1104126,76.302246,381.76172,0.10424805,28.085938,385.88867,0.23071289,21.105469,391.15234,0.13745117,145.09375,389.77246,0.1307373,165.43652,501.4961,0.18908691,195.71387,457.81445,0.7392578,175.54688,495.11523,0.7817383
88,472.8047,342.83203,0.80371094,510.0879,332.10052,0.93066406,216.48828,393.2871,0.7451172,184.55078,391.625,0.703125,157.52344,387.75,0.41064453,144.13672,383.97852,0.15527344,59.396973,380.14038,0.11419678,57.25,369.51562,0.14941406,39.779297,376.1328,0.1932373,34.65625,384.78516,0.4597168,12.187012,400.21875,0.6386719,195.71387,452.47095,0.7783203,173.02441,487.34766,0.5878906
89,477.83984,342.39453,0.87597656,515.01074,331.64404,1.0,217.75,394.33594,0.59521484,187.50244,392.19727,0.6323242,159.5039,388.32812,0.4189453,146.58301,383.43164,0.18273926,132.69043,381.16895,0.12011719,58.72461,369.51562,0.124694824,40.05078,374.9922,0.12963867,34.65625,383.79297,0.40478516,12.187012,399.80664,0.7158203,195.71387,445.15527,0.75683594,173.02441,480.16016,0.52001953
90,482.52344,342.23438,0.8256836,518.43555,330.93555,0.9321289,218.03613,395.28027,0.4868164,191.79297,393.81836,0.5180664,166.9707,390.09375,0.31835938,146.58301,383.97852,0.12841797,136.1582,381.76172,0.09643555,59.222168,367.70117,0.11633301,50.61133,374.53125,0.10015869,34.65625,381.53613,0.31860352,12.187012,397.07812,0.5727539,200.41406,436.93506,0.984375,173.02441,471.0,0.6176758
91,486.35352,342.1836,0.85498047,522.2881,330.49023,0.8847656,226.39453,395.49902,0.45947266,196.2727,395.62622,0.6225586,167.28516,391.1797,0.46826172,151.79297,384.51562,0.3395996,136.98828,381.76172,0.17211914,59.801514,367.70117,0.057800293,55.859375,372.9624,0.09576416,36.679688,379.50806,0.31958008,15.824219,391.24414,0.6176758,207.8457,429.583,0.94677734,181.61426,465.98438,0.64501953
92,491.16504,341.7246,0.8823242,527.9453,330.2207,0.93115234,230.22656,395.49902,0.53125,200.39844,396.7378,0.6376953,174.1289,391.54688,0.49609375,151.92969,387.4419,0.32836914,141.77539,384.52734,0.20336914,72.23242,368.66406,0.0362854,56.554688,372.69287,0.10168457,37.015625,378.43457,0.27661133,18.524414,389.32422,0.48046875,219.75623,423.51953,0.97021484,195.15576,461.67188,0.8540039
93,495.0918,341.54004,0.8457031,531.55054,329.9668,0.97265625,236.52637,395.63403,0.61328125,208.8789,398.20312,0.625,180.73438,393.5996,0.5253906,157.30176,387.4419,0.29711914,141.77539,384.52734,0.3088379,106.04883,374.0078,0.062408447,58.46582,371.7295,0.19445801,39.570312,376.9004,0.4440918,19.473633,387.1411,0.6953125,228.27344,416.60156,0.9013672,211.25342,457.32617,0.9267578
94,499.58643,341.49512,0.84472656,535.78906,329.9668,0.8725586,240.73828,395.63403,0.38598633,211.67871,398.39648,0.65771484,184.33984,394.5879,0.59033203,159.5664,387.7798,0.42504883,141.77539,384.52734,0.43969727,106.04883,373.69043,0.078430176,66.12305,370.50488,0.19946289,42.464844,375.65234,0.38330078,19.473633,385.4922,0.70214844,234.81348,415.70117,1.0,227.94101,454.5703,1.0
95,504.83594,341.44824,0.81640625,539.56494,329.9668,0.87060547,243.48438,395.4297,0.34375,216.0039,398.39648,0.66552734,189.29883,394.5879,0.7114258,160.57617,387.7798,0.6484375,141.77539,381.5957,0.6098633,106.08594,373.69043,0.39208984,71.94141,370.01953,0.47558594,46.04297,375.24023,0.44433594,19.473633,384.46484,0.703125,240.56836,414.85938,0.90185547,239.7832,453.9873,0.91552734
96,508.75293,341.44824,0.8520508,545.94336,330.25586,0.99072266,245.67969,395.2207,0.4489746,220.17078,398.39648,0.703125,193.6582,394.5879,0.73535156,167.80664,387.7798,0.5727539,141.77539,380.60498,0.55615234,106.3584,373.69043,0.47631836,73.45117,369.72266,0.6010742,47.179688,373.34473,0.5786133,18.50586,380.54053,0.72265625,246.76562,414.85938,0.83496094,252.65723,452.62158,0.93603516
97,513.39453,341.41406,0.8041992,549.56934,330.36816,0.96875,253.23438,393.58594,0.43847656,224.52344,397.04883,0.68408203,196.62256,393.38086,0.76220703,167.98828,387.11914,0.6694336,142.04688,380.46655,0.6748047,110.71094,373.6455,0.6816406,80.87695,370.01953,0.7949219,50.789062,373.34473,0.7885742,18.50586,378.38574,0.74560547,251.49023,415.67578,0.9355469,266.52246,452.62158,0.7128906
98,518.94336,341.11133,0.8144531,554.4385,330.36914,0.8935547,259.9484,391.7832,0.5703125,229.49023,395.05518,0.63623047,200.09766,392.92383,0.7026367,172.29785,387.11914,0.70214844,144.15234,380.46655,0.6152344,110.71094,373.55176,0.6044922,81.04492,370.01953,0.69091797,51.058105,373.34473,0.6928711,18.50586,377.23242,0.7421875,257.6289,415.70117,0.83203125,279.52344,452.39868,0.80371094
99,523.75,341.41406,0.86035156,560.57227,330.6963,0.96240234,266.16602,390.18945,0.53027344,234.0,392.42773,0.6816406,205.02051,392.1211,0.68896484,175.33984,387.11914,0.6904297,146.67871,380.46655,0.60791016,111.13867,373.13574,0.59521484,81.41211,369.72266,0.7050781,51.97206,372.85156,0.67626953,20.181519,377.23242,0.8388672,263.09766,416.66016,0.83691406,287.4297,451.974,0.5908203
100,529.18555,341.11133,0.80029297,565.30664,330.84668,0.9916992,271.05078,389.58594,0.6171875,240.11719,391.35352,0.61376953,212.93506,391.4121,0.56396484,186.4834,386.81738,0.6069336,154.04492,380.91553,0.43823242,111.58789,373.13574,0.45581055,83.39844,369.72266,0.6064453,54.054688,372.85156,0.6845703,26.817383,377.23242,0.8574219,268.30957,416.81836,0.9819336,300.13123,445.18164,0.46923828
101,535.1211,341.11133,0.83251953,570.2207,330.92676,0.90966797,277.71973,389.58594,0.4255371,247.26172,390.12695,0.51171875,221.19336,390.85352,0.51660156,187.37305,387.57153,0.50878906,159.65234,380.91553,0.36083984,113.31836,373.33105,0.4128418,89.31445,370.1748,0.65185547,62.61133,372.83008,0.6904297,33.20508,378.72852,0.8857422,274.4375,417.91992,0.87158203,300.13123,445.18164,0.57128906
102,541.1504,341.3623,0.8754883,576.78125,331.1543,0.9897461,284.22192,389.58594,0.5390625,250.36133,390.06445,0.5654297,221.65137,390.4629,0.60839844,191.59375,387.57153,0.6665039,162.84961,381.3418,0.6879883,128.2168,373.33105,0.65527344,97.93555,370.1748,0.7807617,71.96094,370.84863,0.6904297,42.69629,378.72852,0.87890625,274.4375,419.33545,0.9238281,300.13123,445.18164,0.7026367
103,545.4238,341.4629,0.796875,580.79297,331.61694,1.0,288.59766,389.79688,0.5786133,252.396,390.04492,0.5058594,222.74023,390.4629,0.65625,194.97754,387.57153,0.8300781,167.79688,381.3418,0.86816406,135.29102,374.95898,0.77001953,105.15039,370.1748,0.8745117,78.10742,370.05566,0.72753906,48.302734,379.47998,0.76660156,274.4375,419.7024,0.6586914,240.3164,457.42578,0.7910156
104,550.90234,341.5869,0.859375,585.791,331.6726,0.90527344,290.26758,390.46484,0.6245117,255.32812,389.83984,0.5888672,227.86084,390.20898,0.7675781,194.97754,387.29688,0.78759766,167.79688,381.18457,0.8154297,142.01758,375.9922,0.7104492,109.37305,371.0957,0.8408203,84.68799,370.05566,0.5644531,54.78125,380.8916,0.6513672,277.87012,421.6328,0.75634766,240.3164,457.42578,0.7114258
105,556.22253,341.91602,0.8833008,591.3672,333.00195,0.9814453,292.97266,390.46484,0.5288086,264.36328,389.83984,0.5058594,235.00195,390.05078,0.73095703,201.85547,387.29688,0.7416992,173.01172,381.18457,0.72314453,150.25195,375.9922,0.7578125,120.453125,372.1809,0.7314453,88.7168,369.96875,0.43701172,66.84961,378.72852,0.43017578,277.87012,421.6328,0.61376953,240.3164,457.42578,0.5307617
106,559.7539,342.11328,0.8208008,595.77856,333.01562,1.0,293.34766,390.46484,0.42773438,265.40234,389.62695,0.47705078,236.89111,389.9961,0.69433594,205.47266,386.94824,0.7314453,176.57422,381.32617,0.79248047,150.89453,376.03516,0.7739258,121.56836,372.50146,0.8100586,92.7251,369.7754,0.5996094,71.15234,374.38867,0.38256836,277.87012,421.6328,0.7734375,243.91327,457.31445,0.5410156
107,563.7776,342.67383,0.8666992,599.5176,333.0244,0.9272461,300.30005,389.64355,0.41088867,270.17578,389.34668,0.44311523,239.81055,389.9961,0.68603516,205.58398,386.47266,0.7602539,176.65625,381.18457,0.82958984,152.95312,376.29297,0.7758789,122.22754,372.92432,0.8652344,93.674805,370.05566,0.6357422,75.71094,370.20996,0.43066406,289.89844,416.6836,0.66308594,256.37695,457.31445,0.5371094
108,568.1172,343.16406,0.796875,604.16113,334.17773,0.9223633,305.7246,389.64355,0.6503906,276.68115,389.34668,0.55322266,241.59961,389.11816,0.6953125,210.1836,384.8203,0.703125,182.11133,380.40186,0.7548828,157.27441,377.81836,0.68896484,123.5874,373.9121,0.77001953,95.63867,370.5537,0.5439453,75.71094,369.80273,0.37890625,303.43164,416.6836,0.44213867,320.40234,453.79688,0.7055664
109,571.943,343.64453,0.84033203,609.3965,334.84766,0.9633789,311.47656,389.64355,0.6723633,277.17188,389.65332,0.3869629,245.0127,386.31348,0.63134766,210.1836,383.05078,0.8676758,184.28516,380.2069,0.9086914,160.19531,378.80176,0.91748047,130.16406,376.2207,0.9042969,104.10156,371.5149,0.76904297,75.71094,369.80273,0.6220703,306.6953,416.6836,0.58740234,330.51953,453.79688,0.86572266
110,577.1172,344.0332,0.81689453,613.4072,335.13086,0.9458008,314.98145,392.04297,0.70947266,278.49805,389.65332,0.29052734,245.68457,386.19922,0.52001953,210.59277,380.99707,0.87402344,184.59375,379.45752,0.84716797,160.23047,378.80176,0.89746094,131.6482,377.97266,0.8515625,108.57031,374.30273,0.78466797,81.333984,370.20996,0.61816406,342.65625,440.4297,0.6464844,350.7754,457.31445,0.5683594
111,581.0215,344.4043,0.8432617,617.63086,335.8711,0.89990234,322.0,392.04297,0.85791016,284.4414,389.65332,0.18005371,245.68457,386.05762,0.31225586,212.39844,378.19043,0.42333984,184.73828,378.02344,0.64160156,160.86328,378.80176,0.828125,132.53662,380.55273,0.8618164,110.97266,378.61035,0.7138672,88.36719,371.19287,0.72021484,349.333,443.35645,0.8178711,388.8745,459.28613,0.57421875
112,587.37305,345.1797,0.8354492,622.55273,336.16797,0.9145508,326.47266,392.04297,0.7504883,289.70312,389.65332,0.22473145,258.20996,378.58203,0.26098633,231.8125,374.23438,0.11047363,195.20117,372.82812,0.26293945,167.03906,378.1963,0.68408203,142.64062,380.55273,0.63427734,119.94141,381.33984,0.6557617,97.32031,375.35938,0.53271484,350.2871,445.1328,0.9086914,388.8745,461.60645,0.76123047
113,591.68945,345.4121,0.86621094,627.9079,336.5703,0.9892578,333.7959,383.57422,0.39746094,301.5078,373.82715,0.31030273,273.1328,365.81348,0.3708496,248.07227,361.43555,0.37817383,204.06787,365.01562,0.34033203,172.9458,375.71484,0.5878906,148.07562,380.55273,0.6542969,132.16614,383.40234,0.6489258,109.53613,383.94922,0.57910156,350.2871,446.58203,0.89160156,388.8745,473.83984,0.6791992
114,595.86694,345.66992,0.8823242,631.8242,336.8379,0.9604492,340.8125,379.6289,0.296875,306.60254,371.83057,0.4272461,274.2881,361.5703,0.43603516,248.21094,359.6289,0.2614746,216.13867,363.7694,0.2878418,186.88184,370.27637,0.4099121,164.37183,376.9375,0.62939453,146.4834,383.40234,0.6738281,119.13281,386.89062,0.7055664,350.2871,447.36328,0.86328125,378.39746,480.3789,0.66308594
115,601.0781,345.66992,0.88916016,636.2311,336.94727,0.93896484,345.16602,378.33984,0.28393555,312.46875,369.79492,0.48754883,284.8125,359.0,0.4326172,264.82812,355.92188,0.19628906,233.84375,363.03857,0.19702148,187.16455,369.69336,0.33374023,166.34961,376.07617,0.48291016,150.07812,383.40234,0.6357422,125.32617,387.4297,0.64941406,350.13867,447.36328,0.9604492,365.04297,483.98892,0.83251953
116,604.9258,345.66992,0.94189453,642.2246,336.94727,0.9790039,350.48047,375.92188,0.27978516,319.4375,367.44336,0.43286133,294.4297,357.3037,0.41796875,266.12988,351.48633,0.16894531,234.86914,352.92578,0.13012695,197.19922,363.91724,0.18591309,177.56836,373.63672,0.3293457,159.69336,378.50195,0.47705078,133.6836,387.4297,0.7260742,346.46387,447.36328,0.8671875,347.54224,483.98892,0.76708984
117,609.6758,345.44727,0.88134766,647.1113,337.1172,0.9863281,351.51367,375.92188,0.37719727,321.90234,367.44336,0.43603516,295.42578,357.3037,0.39794922,275.4297,347.77625,0.2866211,235.68335,350.39258,0.25976562,199.9961,361.45312,0.2602539,179.42236,370.01855,0.25927734,165.28418,378.50195,0.4802246,143.71484,389.53223,0.5488281,343.60938,445.34277,0.8046875,331.4961,483.98892,0.80371094
118,615.4297,345.3047,0.8798828,651.7251,337.14062,0.9453125,356.10156,375.92188,0.31054688,325.9707,367.44336,0.5234375,297.66016,357.3037,0.41381836,276.21484,347.77625,0.26879883,247.3789,346.2129,0.27075195,212.70508,355.6328,0.15344238,184.29297,370.01855,0.11431885,169.9961,378.50195,0.23425293,149.3086,390.48242,0.5161133,340.5454,442.4209,0.69140625,318.875,479.44922,0.7104492
119,620.1142,345.26562,0.9379883,657.87695,337.17383,0.9785156,356.10156,375.92188,0.2626953,327.54297,369.23242,0.5083008,304.26758,357.90234,0.5395508,278.83594,347.77625,0.34350586,251.75378,346.2129,0.3413086,225.24414,355.6328,0.15454102,186.51367,373.63672,0.09313965,318.20312,448.53125,0.14855957,297.46875,462.31836,0.44433594,340.5454,436.3208,0.7807617,316.88672,474.75098,0.56152344
120,625.19336,345.11328,0.8935547,661.4424,337.21094,1.0,359.89844,377.08594,0.24926758,327.54297,369.23242,0.47338867,310.5625,359.73242,0.48999023,284.32642,350.06445,0.39746094,251.75378,346.2129,0.35546875,233.36328,355.6328,0.10913086,346.9922,376.35156,0.057769775,318.20312,448.53125,0.12054443,298.1172,462.31836,0.48046875,340.5454,430.0625,0.91845703,316.88672,465.48438,0.59521484
121,629.5156,345.11328,0.9008789,665.7988,337.6836,0.9604492,370.75,389.6875,0.14001465,332.50195,370.02344,0.40600586,312.35938,359.88867,0.4584961,284.32642,351.82227,0.31469727,251.75378,348.05508,0.3232422,233.38672,362.0752,0.058441162,346.9922,376.35156,0.05517578,318.20312,448.53125,0.09674072,298.1172,462.31836,0.49975586,345.2578,419.82288,1.0,316.88672,457.125,0.7036133
122,634.0967,345.11328,0.86083984,670.0176,337.73047,0.95703125,373.08594,389.6875,0.1538086,335.10547,370.1621,0.20983887,322.41797,368.375,0.14868164,284.8999,361.33008,0.098083496,25.101562,363.17676,0.13391113,233.38672,362.0752,0.044952393,348.45728,386.36328,0.046722412,318.20312,445.5039,0.0637207,303.73242,460.82422,0.15014648,354.63574,412.91162,1.0,328.26367,451.5171,0.92089844
123,637.3887,346.03027,0.9370117,675.0742,337.9746,1.0,380.2422,389.39844,0.1430664,352.32422,381.90332,0.14453125,325.26172,376.21094,0.10534668,305.71875,366.7539,0.04663086,25.101562,364.24622,0.07244873,233.38672,365.26855,0.0362854,348.53564,386.36328,0.07208252,327.10547,445.5039,0.066833496,303.73242,453.75,0.09442139,365.43164,409.32422,1.0,342.84766,447.20898,0.80371094
124,641.97656,346.80664,0.8876953,678.2676,338.09277,0.9926758,382.98438,389.39844,0.24084473,356.03583,382.94336,0.14672852,326.30078,377.9746,0.1171875,321.3203,375.34375,0.04815674,25.101562,365.73438,0.0602417,245.95508,369.87695,0.05709839,348.53564,386.36328,0.04486084,254.93945,369.72266,0.058380127,292.98633,389.70215,0.04421997,372.70068,405.23535,0.8798828,359.07812,447.20898,1.0
125,646.70703,347.20068,0.90185547,681.93555,338.10156,0.9404297,386.09766,388.25,0.2368164,358.77344,383.59375,0.19165039,335.39844,379.26465,0.24279785,314.09668,378.4834,0.10253906,253.63477,368.52344,0.18469238,245.95508,369.87695,0.12200928,250.31055,372.58984,0.035827637,254.93945,369.72266,0.043792725,233.51758,370.05957,0.0440979,378.83887,405.23535,1.0,374.6914,447.20898,1.0
126,651.8386,347.9897,0.8745117,686.6953,338.12695,0.95751953,386.21777,387.91998,0.4584961,360.4082,383.6328,0.4411621,335.83203,379.26465,0.29956055,314.09668,378.4834,0.101501465,265.14648,370.8125,0.1303711,239.33203,371.0581,0.35229492,234.8252,374.17578,0.3852539,216.6836,373.03418,0.3449707,187.30469,372.0702,0.12445068,381.02148,405.23535,0.93310547,388.71094,447.29297,0.92089844
127,656.0078,348.02448,0.9296875,692.0539,338.7705,1.0,391.84766,387.1006,0.3503418,364.3794,383.73438,0.4086914,338.60645,377.9746,0.3466797,305.71875,375.34375,0.12145996,266.88086,373.83594,0.10748291,241.875,371.4795,0.15490723,234.8252,374.17578,0.24414062,216.6836,373.03418,0.1607666,187.30469,371.4839,0.12634277,387.73706,408.46094,0.8647461,400.61328,447.4082,0.87597656
128,660.8877,348.70264,0.9042969,695.8008,338.8662,0.9604492,396.1543,385.08203,0.140625,369.47656,383.6328,0.19482422,344.6914,375.85156,0.20727539,249.88672,369.1836,0.046081543,285.1494,380.96875,0.027145386,248.72461,372.8672,0.20043945,233.33789,374.17578,0.35961914,216.6836,373.03418,0.3461914,187.30469,371.4839,0.21679688,393.45898,414.10156,0.921875,414.69727,447.4082,0.88671875
129,666.68555,348.79492,0.87402344,699.74146,339.125,0.95410156,401.53906,385.08203,0.11669922,373.07812,383.90625,0.1550293,349.64062,375.85156,0.19567871,153.32031,356.39844,0.07098389,285.1494,380.96875,0.038360596,241.875,372.8672,0.1282959,234.8252,378.5879,0.34521484,220.66748,377.74414,0.46728516,194.34082,372.0702,0.5151367,398.62695,415.85742,0.9511719,414.69727,448.86133,0.91015625
130,670.1074,348.93066,0.9277344,706.29297,339.6006,0.9863281,408.5586,385.08203,0.15332031,384.0,384.17188,0.096069336,358.08594,375.85156,0.15600586,153.32031,356.39844,0.05596924,316.4143,373.83594,0.026489258,239.47852,373.31934,0.067993164,238.63672,378.5879,0.14770508,225.71484,377.74414,0.08508301,207.6582,372.0702,0.33789062,405.9707,416.4746,0.83740234,425.29102,448.86133,0.7553711
131,675.56714,348.93066,0.90722656,710.7246,339.6338,0.9921875,413.65137,385.88672,0.15783691,385.3672,384.55078,0.14453125,368.73438,380.85352,0.11743164,153.32031,356.39844,0.0713501,316.4143,363.09277,0.033050537,241.875,375.38086,0.027618408,240.8086,380.76318,0.09869385,233.15625,380.38696,0.109436035,212.94629,377.3711,0.4567871,413.0,421.64746,0.9345703,435.29297,447.98438,0.6152344
132,681.12695,348.79492,0.81689453,715.7599,339.75232,0.97509766,418.6748,387.42188,0.39672852,390.2422,384.55078,0.31591797,369.26562,380.87598,0.21679688,347.30615,376.98438,0.09490967,316.4143,363.09277,0.079711914,259.20752,375.38086,0.058898926,309.95703,383.73242,0.08068848,306.1289,382.62695,0.23278809,290.26562,380.70654,0.06347656,419.208,422.3047,0.80859375,454.17188,444.11584,0.77441406
133,684.97217,348.4856,0.8486328,721.87695,339.99765,0.9848633,420.10217,387.83423,0.43554688,395.62036,384.83594,0.50146484,371.00195,380.87598,0.4267578,347.30615,376.98438,0.08898926,316.4143,363.09277,0.048675537,341.39062,375.38086,0.033416748,344.03125,380.76318,0.04800415,380.30273,442.28906,0.093811035,360.7168,454.60156,0.08520508,421.52344,429.18555,0.61279297,463.60156,443.0376,0.77197266
134,690.2256,348.4856,0.88134766,725.75684,340.15613,1.0,424.89062,388.26782,0.40039062,398.56055,385.58594,0.6166992,371.5,380.85352,0.45507812,347.30615,377.0996,0.35302734,336.16406,375.01172,0.099609375,341.6953,376.72852,0.10015869,411.18262,393.0918,0.046417236,381.32324,442.28906,0.096069336,360.72266,454.60156,0.2854004,430.65625,429.91406,0.66308594,469.85547,442.63574,0.7885742
135,695.4551,348.4856,0.80078125,730.1748,340.20007,0.94189453,427.31348,389.63574,0.34277344,399.625,387.1333,0.53759766,372.73047,380.85352,0.43920898,355.7578,377.0996,0.26513672,336.3711,377.9922,0.08892822,343.17578,376.77148,0.048736572,411.18262,393.0918,0.050048828,381.32324,442.28906,0.12365723,360.72266,454.60156,0.35473633,443.6328,434.45117,0.90185547,480.19922,442.51367,0.7890625
136,699.5437,349.17188,0.79052734,735.0449,340.36694,0.95166016,429.1875,390.6953,0.65185547,400.3164,388.59082,0.5727539,373.09082,380.87598,0.5102539,355.45312,377.0996,0.26708984,337.9297,378.10547,0.11853027,343.17578,376.77148,0.06274414,344.03125,380.66406,0.033843994,380.30273,438.8203,0.06970215,360.7168,448.58984,0.28955078,448.0254,438.7871,0.5419922,488.86523,442.51367,0.6376953
137,702.93945,349.1953,0.8442383,739.61597,341.3994,0.99609375,430.42578,390.70703,0.69921875,405.41895,388.76953,0.64208984,378.792,383.13086,0.44335938,355.45312,379.29004,0.25195312,341.6963,379.48438,0.09710693,344.42188,380.67627,0.027420044,342.4336,379.9649,0.05496216,380.30273,438.8203,0.027160645,333.02148,378.39648,0.14355469,458.34375,442.70508,0.64697266,496.01562,443.0376,0.6479492
138,706.47266,350.05273,0.90478516,743.0371,341.76758,0.95214844,438.17188,390.97266,0.8227539,408.74805,389.27734,0.8676758,382.09375,385.33594,0.5888672,355.8047,381.4707,0.28515625,343.71875,381.23828,0.15124512,344.78906,381.06836,0.045410156,342.28125,379.9649,0.057495117,327.16406,380.36792,0.038879395,333.02148,375.14844,0.18603516,466.3545,444.13367,0.8774414,500.9917,446.1172,0.6826172
139,711.66797,350.65625,0.76953125,747.2759,342.5664,0.89501953,443.97977,391.6621,0.8046875,415.91797,390.54688,0.82177734,390.15625,387.13086,0.6035156,366.5078,383.6328,0.27954102,349.19922,381.39844,0.17614746,344.78906,381.06836,0.05770874,340.73828,379.84717,0.12878418,324.95312,378.89453,0.05130005,331.94168,373.77637,0.3503418,470.64062,444.99365,0.79248047,510.51953,447.65625,0.65234375
140,716.8408,351.58008,0.81591797,752.7715,343.82422,0.92089844,450.125,391.8457,0.91308594,420.35767,391.82812,0.85546875,393.04883,388.67578,0.6923828,367.21484,384.1914,0.40185547,349.3711,381.39844,0.21044922,344.42188,380.67627,0.085998535,339.7578,378.88867,0.06713867,324.95312,375.83594,0.09869385,331.01074,373.71094,0.02947998,480.5996,448.3457,0.82666016,524.06604,449.8418,0.6582031
141,720.6504,351.7832,0.8828125,756.3086,344.51953,0.9824219,455.6328,391.8457,0.79785156,425.7207,391.82812,0.87109375,400.77734,388.67578,0.7504883,374.00977,384.1914,0.4946289,351.5703,381.39844,0.44360352,336.54492,375.6211,0.34326172,325.57324,373.9502,0.23730469,308.66406,373.19043,0.25634766,287.4414,368.47266,0.19494629,483.52588,452.2213,0.89453125,531.4199,454.31836,0.59814453
142,724.9863,352.26562,0.85009766,760.3633,344.59375,0.87646484,458.92578,391.8457,0.66015625,430.85938,391.82812,0.7607422,405.5547,388.67578,0.8486328,378.96387,383.6328,0.7675781,353.35156,379.00977,0.70703125,336.54492,374.44922,0.5253906,321.17383,373.5078,0.3894043,305.08984,372.7207,0.3322754,287.15625,367.9004,0.09729004,488.67188,454.0332,0.9921875,531.4199,465.33398,0.6489258
143,729.1426,352.27734,0.7890625,764.54785,344.6328,0.921875,465.4336,391.4922,0.6064453,438.33008,391.4746,0.8208008,410.91406,387.87122,0.8935547,380.42676,383.18945,0.8535156,357.91797,375.14062,0.6352539,336.54492,372.27222,0.5332031,321.17383,373.22754,0.36547852,299.21973,372.7207,0.27246094,272.4004,367.9004,0.22668457,489.1797,455.5371,0.9555664,531.4199,479.37305,0.73535156
144,734.0703,352.34375,0.8251953,769.77344,344.6328,0.96875,478.23633,390.7871,0.4807129,448.32812,390.49805,0.8022461,418.4287,385.1797,0.8520508,388.562,380.8369,0.9379883,361.8418,375.02344,0.7944336,337.60742,372.27222,0.76953125,321.17383,373.5078,0.7104492,299.21973,372.4829,0.6347656,272.4004,368.47266,0.6074219,489.1797,455.73242,0.8408203,522.0625,485.91406,0.66796875
145,738.0752,352.30664,0.86328125,773.2803,344.6328,0.9633789,484.76416,390.04297,0.40185547,452.25854,389.02637,0.6738281,422.59766,381.96582,0.81933594,397.55176,376.7207,0.7963867,371.2456,374.64453,0.77734375,337.60742,371.48047,0.76123047,325.02344,373.22754,0.8154297,299.21973,372.4829,0.8017578,272.4004,370.18555,0.80029297,489.1797,455.73242,0.859375,507.79883,492.67773,0.8857422
146,744.4258,352.30664,0.7548828,778.4121,343.7461,0.8364258,489.08984,388.9077,0.23400879,457.14453,388.01562,0.48779297,432.5957,381.96582,0.5683594,407.5547,376.7207,0.43432617,388.2351,374.64453,0.36889648,337.60742,371.19482,0.26733398,338.20508,373.5078,0.2043457,299.21973,372.4829,0.5395508,282.46777,371.4795,0.6928711,487.0625,455.73242,0.7324219,490.64258,492.67773,0.7915039
147,748.90674,352.27734,0.84277344,784.3867,343.67188,0.89697266,491.69287,388.42896,0.42285156,463.0332,387.64014,0.5839844,439.7832,381.96582,0.49023438,422.63672,376.7207,0.37597656,402.5293,374.64453,0.21484375,349.6582,371.19482,0.12780762,398.71484,374.0703,0.16174316,315.34473,372.58887,0.3569336,291.18018,373.6211,0.6230469,484.70312,454.77148,0.7714844,474.51758,492.67773,0.9326172
148,753.06445,351.9414,0.86279297,788.28613,343.60938,0.92089844,493.30957,387.87714,0.28759766,465.59766,387.64014,0.55078125,442.1963,382.6953,0.37719727,424.0293,377.1172,0.4230957,410.6328,374.98828,0.24584961,374.10156,374.95703,0.07727051,402.34766,374.7832,0.10083008,319.35938,372.58887,0.1138916,297.67188,374.77734,0.25341797,480.29297,453.29297,0.8642578,460.2556,491.83716,0.87402344
149,758.9453,351.8672,0.8178711,793.8008,343.30078,0.83691406,497.3125,387.87714,0.41357422,468.5962,387.8047,0.45507812,446.57812,383.2207,0.43115234,425.14648,377.75977,0.2788086,414.09375,376.0586,0.19555664,411.78296,377.29102,0.07775879,412.64844,375.83984,0.12731934,419.64087,374.56055,0.1282959,299.78308,374.94922,0.34521484,480.29297,448.09766,0.89697266,453.3916,481.8672,0.734375
150,763.5569,351.73242,0.7788086,799.2461,342.9453,0.87646484,499.51562,388.07617,0.25878906,474.4502,388.01562,0.49658203,450.55957,383.23047,0.43774414,425.14648,379.17432,0.29956055,414.09375,376.76953,0.20471191,411.78296,377.29102,0.117492676,412.64844,375.83984,0.1842041,419.64087,374.56055,0.16296387,303.28125,374.94922,0.5878906,480.29297,441.28906,0.87939453,453.3916,475.75183,0.54248047
151,767.83203,351.56445,0.8354492,803.29297,342.5703,0.9316406,500.3711,388.42896,0.28125,474.5713,388.04483,0.5004883,451.56982,383.8789,0.4284668,427.76245,379.3457,0.25732422,414.09375,376.76953,0.19519043,411.78296,377.29102,0.07159424,412.64844,375.83984,0.13024902,419.64087,374.56055,0.20788574,303.4961,374.77734,0.58203125,480.4453,433.79688,0.9145508,453.3916,467.9603,0.63378906
152,772.2495,351.73242,0.84375,807.7285,342.4043,0.8623047,504.1543,388.07617,0.48291016,478.4297,388.72266,0.62402344,452.0951,385.22852,0.7128906,427.9737,380.55566,0.5996094,408.3418,376.76953,0.44873047,382.56055,375.67578,0.27294922,356.2827,371.33252,0.34594727,330.65723,368.21094,0.5258789,303.4961,370.3037,0.66796875,488.0547,426.5547,0.9995117,460.45312,463.0039,0.7290039
153,777.00195,351.6582,0.76416016,811.60864,342.3203,0.9008789,512.4746,388.07617,0.36669922,485.64844,389.53418,0.63720703,458.53125,385.22852,0.85595703,431.71484,380.55566,0.90527344,407.8203,375.34766,0.80908203,382.50195,374.2793,0.87353516,355.94028,371.083,0.8613281,330.65723,367.91992,0.8354492,303.4961,370.3037,0.48828125,499.458,421.0537,0.95996094,473.39844,459.1582,0.85498047
154,782.35156,351.73242,0.8417969,816.9746,342.3203,0.92529297,515.1953,387.776,0.19140625,491.7036,389.53418,0.5463867,463.6836,385.22852,0.8286133,435.9642,379.17432,0.96240234,407.8203,375.34766,0.77783203,382.50195,374.2793,0.86865234,355.94028,371.083,0.85009766,330.65723,367.91992,0.77490234,303.4961,370.3037,0.5107422,508.88965,416.18945,0.9716797,490.33496,455.90234,1.0
155,785.9746,352.05078,0.90722656,820.64795,342.3203,0.9316406,520.01953,387.70386,0.22729492,495.76758,389.53418,0.74560547,466.37402,384.74414,0.8354492,436.71777,379.08887,0.99902344,408.3418,374.02734,0.82128906,382.56055,374.2793,0.8881836,355.94028,371.083,0.80322266,331.37695,367.91992,0.6821289,307.63794,370.38574,0.36791992,516.9414,414.88867,0.92871094,504.96875,454.95117,0.98291016
156,791.53516,352.05078,0.7553711,825.1406,342.51758,0.8520508,525.9053,387.47656,0.36254883,501.083,389.06934,0.6904297,473.375,383.75,0.7290039,441.14258,376.8496,0.8720703,414.57617,375.34766,0.8442383,386.42578,374.64062,0.82470703,358.35938,373.82227,0.83984375,334.14062,370.54395,0.7919922,309.35645,370.38574,0.4584961,523.7151,414.88867,0.9560547,521.1875,454.74414,0.9160156
157,795.688,352.05078,0.8305664,830.3828,342.81055,0.88134766,528.6836,387.41406,0.4951172,504.8828,387.08984,0.6142578,478.92578,381.4961,0.7128906,447.78516,376.08008,0.67626953,417.8418,375.4004,0.64453125,387.19775,374.64062,0.7636719,358.92188,374.23242,0.72753906,336.23828,372.47852,0.72509766,311.9414,370.4746,0.46020508,527.3574,414.88867,0.83447266,535.77734,454.2461,0.90625
158,800.4375,352.1875,0.8222656,835.0845,342.81055,0.94921875,535.27344,386.58594,0.25683594,512.3047,386.1836,0.5751953,488.20312,379.62085,0.61328125,467.82812,376.08008,0.265625,419.79822,379.43945,0.14709473,394.3037,375.39844,0.5415039,366.39648,374.32422,0.7089844,345.35938,375.80664,0.7788086,317.9873,370.53906,0.6738281,533.8711,416.63672,0.7026367,547.35205,454.2461,0.85839844
159,805.8291,352.05078,0.8300781,839.78906,343.14844,0.8574219,542.4258,385.73438,0.41967773,516.83057,382.7168,0.5307617,491.78906,376.80078,0.5805664,471.42188,375.8164,0.23449707,419.79822,379.43945,0.08453369,394.3037,375.39844,0.1772461,377.3203,375.47656,0.48706055,355.5183,378.51367,0.7871094,326.17578,373.00977,0.7993164,540.28516,418.4209,0.7729492,560.7383,454.10742,0.8823242
160,811.4321,351.98438,0.80322266,844.4116,343.14844,0.8823242,551.31055,385.69922,0.24597168,524.9756,382.39062,0.5073242,501.6328,375.60547,0.5488281,481.96875,375.8164,0.22045898,419.79822,379.43945,0.14660645,394.3037,373.62695,0.092285156,382.4961,377.19336,0.40893555,364.11115,379.27637,0.69628906,334.94727,378.8662,0.85595703,548.9624,419.3037,0.80078125,560.7383,454.2461,0.6582031
161,816.2715,351.92773,0.8330078,850.75684,342.95703,0.9536133,561.5703,385.23828,0.2265625,532.8203,382.3828,0.34838867,509.0664,375.59375,0.46289062,484.4087,374.73438,0.105285645,446.55273,379.70532,0.08673096,397.43652,373.62695,0.062805176,382.83203,376.16406,0.19177246,367.28906,379.27637,0.39624023,343.90625,384.54102,0.56152344,555.82104,419.6023,0.9526367,569.8926,453.68555,0.74658203
162,822.2363,351.77734,0.8046875,855.88477,342.73633,0.86279297,562.13574,385.23828,0.101989746,534.95703,382.39062,0.35327148,512.8203,374.76172,0.44018555,497.64062,372.42188,0.10424805,46.435547,361.20117,0.058807373,23.083984,362.0127,0.040222168,383.92773,377.19336,0.07696533,372.875,380.029,0.17687988,357.52246,385.8496,0.36791992,562.0166,422.89648,0.7080078,580.7363,446.56836,0.5419922
163,827.0127,351.6836,0.78808594,861.48145,342.27734,0.9003906,565.0156,385.69922,0.32641602,539.3159,382.60156,0.75878906,515.4844,374.76172,0.52685547,497.64062,372.42188,0.12854004,46.154297,361.08203,0.085876465,23.083984,361.02344,0.037902832,383.96094,378.4707,0.09283447,374.10938,381.05664,0.095214844,363.0171,386.35254,0.3334961,562.0166,423.67578,0.6738281,598.84766,446.31836,0.70166016
164,832.8418,351.04492,0.8535156,866.83984,342.2461,0.9555664,573.06934,385.79297,0.4362793,546.9844,382.60156,0.62402344,520.3418,375.60547,0.52246094,498.9453,372.42188,0.18115234,46.435547,361.20117,0.08935547,28.526855,362.0127,0.099365234,389.37793,377.19336,0.06011963,521.91797,441.0547,0.12756348,503.0918,452.61768,0.15270996,566.15625,424.95703,0.6538086,612.2539,443.7273,0.71533203
165,837.7334,351.04492,0.84814453,872.2344,342.20703,0.87890625,573.1533,385.79297,0.5317383,547.02246,383.32617,0.6035156,521.97656,376.26758,0.42163086,500.6914,374.15234,0.06286621,475.04102,370.6875,0.05517578,28.526855,361.68945,0.06781006,383.96094,376.16406,0.06414795,522.7578,441.0547,0.1262207,506.16406,452.61768,0.45410156,575.2383,425.28906,0.6386719,617.9414,442.33496,0.7451172
166,843.19775,350.95312,0.7739258,876.8081,342.1836,0.921875,576.4082,386.39062,0.65527344,550.2031,383.8672,0.81689453,523.60156,377.06055,0.6982422,501.05078,374.51953,0.2163086,486.32422,370.6875,0.15881348,28.526855,360.5703,0.04660034,383.92773,365.083,0.080444336,526.8574,441.6953,0.12225342,506.77832,452.61768,0.42944336,587.41846,432.98633,0.5698242,627.1089,442.33496,0.703125
167,848.875,350.95312,0.7685547,882.2656,342.1836,0.96777344,582.209,386.69922,0.6533203,553.4863,384.5625,0.7714844,523.6094,377.9121,0.640625,501.47656,374.57812,0.18200684,487.96875,370.8125,0.055511475,59.024414,360.38086,0.043914795,20.60498,362.9922,0.03967285,526.8574,441.0547,0.07922363,516.35767,444.75,0.46411133,597.53125,435.4463,0.6411133,638.18945,442.33496,0.69970703
168,852.85693,351.07227,0.85839844,886.26953,342.1836,0.92333984,587.8739,386.91895,0.6484375,559.23047,385.77734,0.7260742,530.86914,378.22363,0.6113281,506.7871,375.52734,0.28271484,490.17188,375.08984,0.19555664,74.583984,361.68945,0.05331421,20.60498,362.9922,0.04208374,526.8574,430.44922,0.061676025,516.35767,439.7539,0.10430908,604.6836,436.16516,0.6533203,646.83594,443.42285,0.6743164
169,857.61523,351.1211,0.77978516,891.14014,342.2754,0.91015625,592.21875,387.25,0.62939453,563.8963,386.09473,0.6694336,534.16797,378.22363,0.67041016,514.03906,375.52734,0.29516602,490.17188,375.08984,0.16271973,74.583984,358.30664,0.07556152,20.60498,361.50977,0.0758667,455.74023,369.91797,0.09790039,516.35767,436.0611,0.05001831,612.37134,440.21484,0.78125,651.5923,443.79016,0.640625
170,862.3164,351.1211,0.82177734,896.64453,342.90234,0.9189453,600.7363,387.25,0.8564453,571.39355,387.10303,0.8574219,544.1074,380.0071,0.5776367,520.69727,375.52734,0.51660156,492.73828,375.08984,0.33911133,75.52417,358.30664,0.30395508,39.283203,361.50977,0.25610352,454.41992,369.91797,0.4555664,430.1621,372.12097,0.63720703,618.1211,445.87305,0.63916016,657.7578,450.7168,0.47070312
171,866.3252,351.20898,0.8457031,900.3281,343.29492,0.9243164,608.08984,386.91895,0.7133789,579.35156,387.10303,0.77246094,548.9712,380.0071,0.62060547,527.47266,375.52734,0.4350586,501.84863,374.26172,0.36791992,486.17188,369.80273,0.4597168,465.71484,368.60547,0.25854492,450.65234,369.91797,0.39624023,428.52344,372.12097,0.66015625,624.03125,447.61328,0.9057617,671.9707,453.50195,0.46142578
172,871.06445,351.62695,0.67285156,905.78516,343.58203,0.8496094,611.05615,386.67676,0.5415039,583.9336,387.10303,0.7426758,554.70215,380.0071,0.6352539,531.71875,375.1328,0.38549805,505.26367,371.69678,0.3515625,486.17188,369.80273,0.21813965,465.71484,369.60742,0.11779785,450.65234,371.66016,0.37451172,428.4275,372.12097,0.5957031,634.01953,450.0039,0.8598633,675.70996,459.83667,0.57373047
173,876.6626,352.14844,0.7836914,911.4492,344.28906,0.94140625,616.4512,386.58984,0.57666016,587.0322,386.84766,0.7949219,559.40234,379.90515,0.7441406,533.3203,374.66797,0.59716797,507.63086,368.01172,0.5209961,486.17188,367.04297,0.39819336,465.9668,370.4082,0.41357422,444.80273,372.7036,0.6538086,424.3086,374.57812,0.46777344,637.94434,450.14062,0.9145508,675.70996,471.71094,0.6225586
174,881.34375,352.1953,0.8461914,916.0061,344.29688,0.98583984,621.39355,385.30078,0.68359375,594.00586,386.61328,0.72265625,565.1338,379.59106,0.8730469,537.3418,373.76562,0.8979492,511.04297,368.01172,0.8154297,488.30273,367.04297,0.69433594,466.8496,370.4082,0.73339844,444.80273,372.7036,0.7573242,424.3086,374.8672,0.52197266,637.94434,451.1836,0.9746094,675.70996,480.28125,0.7685547
175,885.9199,352.18945,0.77001953,920.58594,344.43555,0.8310547,627.2993,385.05078,0.41796875,599.875,386.26562,0.5830078,571.7063,379.23682,0.80908203,542.41016,372.6123,0.9033203,517.2363,366.98047,0.7573242,493.1211,366.52148,0.7314453,466.8496,370.4082,0.7182617,444.80273,372.7036,0.80126953,424.3086,374.96484,0.48217773,637.94434,451.1836,0.84033203,664.3047,485.27148,0.60009766
176,892.41455,352.33984,0.7470703,926.8789,344.43555,0.93603516,633.5215,385.19922,0.39233398,604.9385,386.26562,0.63720703,576.2246,379.23682,0.79248047,550.5742,372.6123,0.78125,528.0156,366.98047,0.6245117,493.1211,364.2517,0.6665039,482.22656,366.4453,0.66015625,442.54102,372.3203,0.74658203,428.05832,375.27344,0.828125,637.6992,451.1836,0.9375,651.50195,485.27148,0.8383789
177,897.78125,352.33984,0.7236328,932.2898,344.6289,0.9506836,639.4844,384.91016,0.41625977,608.77734,386.61328,0.5053711,579.29395,379.59106,0.6381836,554.5342,372.6123,0.7026367,532.9634,366.98047,0.62597656,493.1211,364.1371,0.56396484,484.98438,366.4453,0.6171875,458.04492,371.375,0.6411133,436.89746,378.27148,0.7758789,636.03906,449.48047,0.9428711,635.0454,485.27148,0.8457031
178,903.78906,352.18945,0.65527344,938.5078,344.6289,0.8886719,645.54297,384.91016,0.44335938,619.479,387.5735,0.4638672,593.7949,380.50244,0.53515625,566.3828,373.91113,0.32250977,544.1758,368.57422,0.31762695,74.57324,360.29297,0.20776367,490.69824,366.4453,0.12597656,467.88885,371.27686,0.296875,445.4707,378.3086,0.4675293,634.5498,448.64258,0.89160156,619.6621,482.53516,0.8618164
179,910.91016,351.8086,0.5859375,945.2949,344.31445,0.9765625,645.7031,385.19922,0.35107422,621.8447,387.63672,0.41235352,596.6372,382.09375,0.43774414,570.3779,376.4297,0.26733398,549.3877,369.55664,0.2631836,74.57324,360.29297,0.22363281,493.1494,367.57422,0.2109375,479.00977,371.27686,0.30810547,450.9668,379.55298,0.6777344,631.5469,446.4043,0.6694336,610.7715,476.80273,0.7167969
180,915.3013,351.7793,0.80029297,949.5215,344.20312,0.9448242,651.0757,386.55176,0.4345703,623.3125,388.05664,0.47875977,599.3711,382.3711,0.55078125,574.9883,377.52344,0.30126953,551.1992,369.55664,0.27368164,74.57324,360.29297,0.14672852,540.83594,367.57422,0.12463379,480.01172,371.375,0.33447266,454.10352,380.56055,0.72314453,631.5469,438.83984,0.8979492,608.19336,469.00977,0.70166016
181,919.40625,351.1211,0.6879883,955.53564,343.59375,0.875,657.34375,386.84375,0.296875,632.2988,388.67627,0.5151367,603.89105,385.92188,0.59375,580.5156,378.78906,0.41430664,554.36914,369.55664,0.35668945,516.84766,366.09766,0.099121094,540.83594,367.86133,0.08850098,480.01172,371.2666,0.30737305,588.5991,452.68994,0.5625,631.5469,430.99023,0.9057617,608.19336,462.18164,0.55126953
182,922.6328,350.89062,0.7182617,961.00977,343.42188,0.95458984,659.4453,387.76245,0.24121094,634.55566,388.95605,0.47192383,605.57227,386.9834,0.67285156,580.5156,379.6211,0.50683594,554.36914,369.47656,0.3635254,534.8633,367.58984,0.10235596,533.3594,367.86133,0.0657959,480.01172,371.2666,0.12939453,596.7295,452.68994,0.58154297,638.34375,422.89844,0.9638672,608.19336,455.32422,0.61572266
183,927.18555,350.61914,0.7451172,965.27637,343.42188,0.93115234,661.1953,387.85193,0.22607422,635.1006,389.3916,0.484375,607.26953,387.04932,0.80859375,580.8008,380.239,0.67822266,554.58105,369.47656,0.46875,535.0664,367.82422,0.17749023,530.63086,367.86133,0.04714966,480.01172,368.69922,0.10498047,596.7295,452.68994,0.2734375,650.7705,416.5039,0.89208984,621.89844,450.85938,0.7104492
184,931.6572,350.61914,0.62060547,969.9785,343.42188,0.859375,667.3447,388.04843,0.28198242,642.16406,389.3916,0.60253906,613.37695,387.04932,0.8774414,584.6875,380.33838,0.7241211,554.7998,369.47656,0.48388672,535.3047,368.19336,0.23693848,533.3594,368.6328,0.06970215,480.01172,368.69922,0.030975342,596.7295,449.03906,0.054626465,661.88086,410.5918,1.0,638.38086,446.33398,0.87402344
185,938.63184,350.58203,0.66845703,975.9199,343.54102,0.93359375,672.2031,388.04843,0.3840332,647.6465,389.8662,0.72021484,620.3003,387.04932,0.83251953,592.85547,380.31128,0.7861328,563.4497,370.2373,0.56933594,538.0928,368.96875,0.30078125,533.3594,368.7168,0.13586426,516.98926,368.69922,0.22998047,515.7395,372.15845,0.27807617,670.375,406.29297,0.8041992,657.71484,445.4668,0.9970703
186,944.20703,350.58203,0.69677734,980.37744,343.79688,0.9658203,677.5156,388.04843,0.44506836,652.1181,389.8662,0.8022461,625.65234,386.49023,0.8022461,602.4795,380.31128,0.72021484,581.8594,373.41016,0.63378906,555.5259,369.15625,0.4831543,545.125,369.89258,0.3232422,525.04785,370.1162,0.3310547,513.96875,372.15845,0.12036133,677.02734,406.29297,0.7470703,673.59766,445.4668,0.9423828
187,948.9756,350.58203,0.7636719,985.8301,344.0547,0.84277344,684.21204,386.76367,0.62646484,659.3008,389.17773,0.7368164,633.91406,386.30078,0.78759766,609.6406,380.31128,0.74560547,581.8594,373.41016,0.6904297,555.5259,370.6172,0.5761719,545.125,369.89258,0.44384766,525.04785,370.1162,0.47509766,513.91016,369.33594,0.25512695,684.855,406.29297,0.7910156,685.9121,445.4668,0.8413086
188,955.21826,350.61914,0.6508789,992.03906,343.98047,0.9355469,693.51074,385.16602,0.42285156,668.1544,388.31738,0.72558594,643.103,385.11328,0.80859375,610.3086,379.7173,0.8222656,587.62256,373.41016,0.7578125,555.5259,370.917,0.7529297,545.125,369.91406,0.67285156,525.04785,370.1162,0.5419922,513.96875,372.15845,0.23986816,691.1299,409.14258,0.72021484,701.97266,445.71875,0.6816406
189,961.12305,350.61914,0.7597656,996.6245,344.18555,0.9550781,701.60254,383.71484,0.3857422,674.8125,386.91895,0.6713867,645.2451,381.93066,0.72753906,618.02344,375.12695,0.67822266,590.0,373.24902,0.6850586,552.5449,371.10938,0.4477539,520.0586,370.86328,0.17028809,515.6836,370.1162,0.08294678,513.96875,374.2207,0.11584473,698.22754,411.7168,0.81933594,716.40674,445.71875,0.87353516
190,965.5625,350.79883,0.74902344,1002.4053,344.18945,0.8535156,706.8164,383.33594,0.27001953,682.84375,384.58594,0.5595703,655.73047,380.281,0.72216797,620.0749,375.12695,0.5961914,597.5215,373.24902,0.38745117,544.22656,372.88965,0.29418945,520.0586,373.23535,0.07751465,515.6836,370.97656,0.0592041,495.81055,377.4082,0.051513672,705.4199,411.8694,0.8173828,722.6406,445.71875,0.6513672
191,973.0137,350.79883,0.65478516,1009.4414,344.18945,0.99316406,711.83984,383.33594,0.35107422,686.06836,384.40234,0.6904297,659.624,378.78223,0.6230469,633.10547,375.12695,0.39233398,606.3418,373.24902,0.2783203,544.22656,373.87012,0.08319092,520.0586,374.45312,0.22375488,515.6836,375.0664,0.42407227,495.81055,379.10938,0.28320312,711.5742,414.73828,0.8417969,740.9253,440.3672,0.76904297
192,978.81836,350.79883,0.828125,1014.4551,344.41602,0.9433594,714.4082,383.71484,0.55908203,688.10156,384.1797,0.70214844,662.60547,378.78223,0.6152344,633.19336,376.01562,0.25708008,617.21484,376.01953,0.16479492,552.5449,374.21484,0.060272217,534.07227,374.45312,0.18823242,519.541,375.0664,0.3725586,505.03906,384.47656,0.44799805,711.5742,416.78516,0.6948242,740.9253,440.3672,0.7192383
193,983.93164,350.79883,0.6586914,1020.26074,344.41602,0.93408203,719.6797,384.16016,0.54248047,693.33105,384.1797,0.6245117,667.18604,378.78223,0.5625,640.916,376.22852,0.28857422,621.54785,376.01953,0.19104004,589.9248,374.21484,0.046203613,545.8008,375.75,0.21350098,533.5449,375.07812,0.3232422,505.03906,384.47656,0.7011719,711.5742,419.3545,0.71435547,752.3125,440.05078,0.6855469
194,992.5703,350.53516,0.74658203,1027.2515,344.41602,1.0,726.2012,384.16016,0.5727539,697.50195,384.1797,0.6933594,670.2422,379.54834,0.7128906,643.60156,377.13477,0.43554688,626.3711,376.01953,0.41552734,629.3164,374.21484,0.08288574,551.166,375.75,0.09893799,538.04297,375.0664,0.36938477,513.9746,384.47656,0.7089844,716.65674,419.3545,0.54296875,752.3125,440.05078,0.67285156
195,996.3716,350.11328,0.69873047,1031.5,344.14648,0.87402344,729.78906,384.16016,0.5800781,701.47363,384.45703,0.66259766,674.0254,379.55933,0.4855957,644.3711,378.53516,0.32666016,629.7031,374.92188,0.25634766,632.0801,373.1914,0.045776367,642.3047,375.75,0.08618164,543.1504,374.41797,0.17687988,518.4336,384.47656,0.50878906,716.65674,422.23047,0.6586914,691.11523,441.47852,0.7290039
196,1002.9336,348.78906,0.73046875,1037.456,343.1504,0.92089844,734.084,383.6621,0.5913086,703.47266,384.45703,0.56591797,675.31055,379.55933,0.46899414,647.0156,378.53516,0.32104492,633.45703,374.05078,0.2602539,632.0801,371.72046,0.09240723,642.3047,373.042,0.18518066,626.6123,369.98633,0.16333008,535.59375,369.78516,0.36889648,716.65674,427.71484,0.6513672,691.11523,441.47852,0.56396484
197,1008.7168,348.35254,0.8574219,1042.8926,342.67383,0.98046875,744.7637,383.52148,0.6972656,715.6426,384.45703,0.54296875,685.8672,379.55933,0.4189453,662.4883,378.53516,0.27294922,638.01953,372.35132,0.23583984,634.3213,371.59106,0.14831543,642.3047,373.042,0.23425293,626.6123,369.48828,0.29370117,535.59375,368.17578,0.36743164,759.21484,428.13416,0.5883789,780.74365,440.9961,0.5292969
198,1012.75,348.34912,0.87939453,1047.8223,342.17578,0.92041016,748.28467,383.52148,0.7602539,720.5293,384.17578,0.66308594,690.5,378.8125,0.5048828,663.72266,376.3711,0.3017578,640.0508,372.0916,0.21508789,637.20605,371.59106,0.08203125,638.0703,369.82812,0.095336914,630.3711,368.1875,0.109680176,606.3047,368.17578,0.12524414,770.4971,432.2207,0.6665039,811.45605,441.47852,0.8652344
199,1018.0166,348.0541,0.7832031,1052.0056,341.19238,0.9506836,755.79553,383.6621,0.6542969,727.34375,383.3203,0.7475586,697.5,377.93945,0.6113281,667.5908,374.26953,0.37841797,641.5469,370.3047,0.33740234,646.9453,369.42383,0.17016602,638.0703,369.51953,0.12585449,633.3047,368.1875,0.18896484,607.7617,369.78516,0.265625,776.64453,435.9579,0.5234375,814.89453,441.47852,0.55126953
200,1023.0508,348.04745,0.84472656,1058.0518,341.10645,1.0,757.4668,383.6621,0.61328125,730.12305,382.4004,0.72265625,705.58594,377.88867,0.54833984,683.18115,373.6963,0.42895508,659.66064,370.1289,0.3334961,651.0342,368.64648,0.32617188,638.0703,368.01172,0.2626953,633.6582,368.1875,0.23547363,612.25635,370.44727,0.15270996,784.2988,439.3789,0.8227539,820.5708,445.5332,0.47729492
201,1028.6772,347.35742,0.8852539,1062.2324,340.70508,0.99609375,764.7363,383.10156,0.6665039,737.8789,382.02148,0.66845703,712.4746,377.63477,0.54589844,687.81445,372.88867,0.40478516,672.93555,369.91992,0.41723633,653.51074,368.5039,0.30004883,643.52905,367.76953,0.29882812,639.3613,369.51367,0.33325195,616.50586,370.54004,0.30322266,791.53125,443.66113,0.7324219,833.52734,450.21582,0.4465332
202,1033.9336,347.35742,0.7705078,1067.311,340.61523,0.94873047,775.03906,382.75,0.7636719,746.2363,380.94922,0.8017578,722.45703,376.61328,0.57128906,700.8423,372.58936,0.52978516,681.0586,369.91992,0.56933594,661.78516,368.28906,0.5292969,647.60156,368.01172,0.37646484,639.3613,369.5332,0.48291016,616.50586,372.22375,0.42211914,799.96094,444.98486,0.9975586,846.1719,455.14453,0.4326172
203,1037.916,347.35742,0.8359375,1073.498,340.49463,0.9765625,779.88226,382.06445,0.8095703,753.0664,380.15967,0.78564453,728.416,375.88086,0.7314453,707.0039,371.7124,0.60791016,681.0586,369.7578,0.6074219,661.78516,367.83984,0.5522461,647.60156,369.1582,0.36865234,639.3613,369.5332,0.35791016,617.75977,372.22375,0.29492188,805.9092,446.97852,0.9111328,846.1719,465.6914,0.59472656
204,1045.1553,347.36572,0.84716797,1078.4492,340.46484,0.96484375,785.7715,382.05273,0.6098633,759.25,380.05188,0.74316406,733.51074,374.91406,0.7402344,707.0454,371.3247,0.65478516,681.58594,367.45312,0.53759766,661.78516,367.29688,0.43041992,647.60156,369.1582,0.2705078,632.7949,369.6328,0.19421387,616.50586,373.7119,0.081848145,807.0117,449.43555,0.95996094,846.1719,475.84094,0.6928711
205,1052.1268,347.36572,0.79296875,1083.6165,340.46484,0.97021484,793.4883,381.19043,0.52978516,766.9629,379.66797,0.53808594,739.8446,373.57617,0.65283203,709.2168,369.35547,0.66015625,682.9414,367.45312,0.72216797,661.78516,367.20312,0.4169922,635.13574,372.75586,0.12322998,623.1699,371.3672,0.111450195,614.80664,374.43945,0.028869629,807.0117,451.6792,0.90283203,837.36523,482.0,0.6699219
206,1057.6426,347.36572,0.87158203,1090.0771,340.3545,0.98876953,799.5117,380.92773,0.7207031,773.3545,377.7422,0.6303711,745.58594,372.1797,0.6308594,713.08984,369.1953,0.54052734,682.9414,367.45312,0.59228516,661.78516,365.77246,0.59375,635.13574,372.75586,0.5908203,623.1699,377.5039,0.6347656,610.3496,378.89453,0.35083008,807.0117,451.6792,0.7807617,823.7969,483.74023,0.79003906
207,1061.9922,346.87012,0.8432617,1095.3613,339.6892,0.96533203,804.8179,380.1349,0.71533203,776.46484,377.7422,0.6821289,752.9375,372.1797,0.5703125,728.8418,369.07422,0.25439453,698.4844,367.22266,0.28100586,663.93945,365.38086,0.18273926,635.13574,372.75586,0.08734131,623.1699,378.15332,0.24694824,610.3496,383.73633,0.31835938,804.62305,451.6792,0.7583008,807.25,483.74023,0.61865234
208,1065.6758,346.87012,0.70410156,1101.1436,339.13525,0.9506836,809.01953,379.97528,0.5317383,782.60547,377.5957,0.5522461,758.58203,372.1797,0.5546875,738.78906,368.8711,0.2536621,707.6765,367.22266,0.13635254,664.4258,364.0769,0.12878418,635.13574,369.03516,0.10845947,623.1699,378.15332,0.19799805,598.1094,383.73633,0.2927246,803.1211,449.72852,0.76953125,790.6914,483.74023,0.8535156
209,1072.4805,346.79004,0.7055664,1108.2915,339.03125,1.0,810.94434,379.97528,0.44433594,786.86523,377.7422,0.3515625,762.01855,372.58643,0.55078125,738.9883,368.9082,0.25756836,714.5791,367.22266,0.13928223,676.0343,364.0769,0.11114502,635.13574,366.90234,0.17333984,623.1699,377.5039,0.12561035,610.3496,386.3955,0.3173828,802.84375,445.03027,0.8022461,778.8545,481.7168,0.9194336
210,1080.6328,346.13184,0.76123047,1113.7012,339.03125,0.9375,813.5137,379.97528,0.4794922,789.5742,378.79688,0.5048828,762.98926,372.8828,0.6142578,741.54297,368.9082,0.23400879,715.2173,366.30664,0.15332031,676.55225,364.0769,0.1381836,584.9961,366.90234,0.08984375,575.9785,372.83252,0.20678711,618.6387,386.67676,0.48901367,802.84375,437.20996,1.0,778.8545,472.9297,0.6425781
211,1086.043,346.19727,0.8852539,1119.207,339.13525,0.9555664,813.5137,379.97528,0.3059082,796.07745,381.3994,0.5888672,770.1289,374.26562,0.61376953,744.7617,368.9082,0.23779297,715.70386,366.30664,0.11682129,680.96875,365.2168,0.042388916,584.41016,366.90234,0.06726074,573.6787,372.83252,0.16967773,766.0332,451.6172,0.45996094,802.84375,428.59766,0.9589844,778.8545,465.70312,0.6855469
212,1091.2144,346.79004,0.84033203,1124.7231,339.38574,1.0,821.27344,381.04004,0.25195312,799.6328,382.58984,0.42285156,774.32227,374.89062,0.53564453,751.45703,371.35156,0.16809082,732.16235,366.30664,0.08331299,690.0039,367.91016,0.037475586,584.41016,370.73926,0.074523926,573.6787,372.83252,0.25317383,776.0156,451.6172,0.40649414,812.84424,417.9004,0.9863281,786.14844,456.10547,0.7753906
213,1097.0918,346.19727,0.7832031,1129.8594,339.5298,0.95458984,824.6543,381.8662,0.22424316,805.8379,386.39355,0.31420898,779.5383,378.2744,0.6010742,753.6465,371.6172,0.20739746,732.6909,368.5293,0.10668945,704.916,368.03516,0.07965088,584.9961,370.73926,0.0748291,575.9785,372.83252,0.28222656,776.0156,451.6172,0.20239258,823.23047,413.4961,0.93896484,800.6914,451.05518,0.84716797
214,1101.8125,346.19727,0.86279297,1134.7461,339.5464,0.99121094,837.96094,385.11133,0.28637695,813.61426,386.93652,0.56689453,785.8242,380.16846,0.6611328,757.80273,373.58203,0.51416016,732.874,369.0703,0.3774414,705.17773,368.52344,0.14282227,698.3887,371.3457,0.055908203,708.83936,372.83252,0.07080078,776.0156,448.4746,0.0970459,835.4888,408.375,0.9238281,817.7676,448.3164,0.9746094
215,1107.04,346.66797,0.82958984,1140.8135,339.68896,1.0,847.1074,385.11133,0.3725586,822.3379,387.37012,0.4260254,793.4629,382.27734,0.5029297,774.6992,378.0078,0.47045898,749.44824,373.18262,0.42358398,726.60156,369.91602,0.42211914,698.3887,371.3457,0.44213867,708.83936,373.54102,0.54296875,789.34375,448.4746,0.28710938,844.03595,407.54492,0.9067383,833.5371,448.3164,0.95947266
216,1112.8906,346.66797,0.82470703,1145.4902,339.68896,0.9350586,850.86914,385.11133,0.34204102,824.7871,387.37012,0.65966797,801.14453,384.54492,0.6147461,777.7383,378.3916,0.5673828,752.4219,373.2256,0.5576172,726.60156,372.72754,0.4663086,698.3887,371.3457,0.43945312,708.83936,373.10938,0.5698242,688.8672,372.20386,0.37890625,850.8242,407.54492,0.92089844,848.40234,448.3164,1.0
217,1118.2129,346.66797,0.8808594,1151.0312,339.68896,0.9814453,857.74414,385.10352,0.32910156,831.18555,386.93652,0.75878906,804.6953,384.54492,0.7788086,780.14404,378.3916,0.7910156,754.999,374.53125,0.71484375,726.60156,373.58203,0.5161133,698.08594,374.10742,0.32055664,691.85156,373.10938,0.12939453,688.0,371.2627,0.0284729,856.8379,407.54492,0.86572266,863.75,448.40234,0.9482422
218,1123.5681,346.85352,0.85791016,1156.3604,339.45166,1.0,864.41406,383.3125,0.46850586,838.166,386.49805,0.67626953,812.48267,384.54492,0.81152344,784.73047,378.3916,0.8095703,755.81946,374.78516,0.77197266,726.60156,375.05078,0.5761719,698.08594,375.9453,0.2932129,691.85156,373.54102,0.0758667,36.848145,359.3203,0.03616333,863.73047,410.2373,0.74658203,879.44727,448.40234,0.8725586
219,1130.1748,346.85352,0.83203125,1162.0449,339.30615,0.9501953,869.2207,383.3125,0.3552246,844.3237,386.46094,0.6386719,816.5371,381.45703,0.8833008,786.7451,378.35742,0.8051758,755.81946,374.78516,0.75683594,726.60156,375.05078,0.5996094,698.08594,378.2256,0.34960938,691.85156,377.75195,0.171875,36.848145,359.3203,0.05581665,869.21484,413.71387,0.77978516,890.3545,448.40234,0.90771484
220,1134.5938,346.19336,0.8730469,1168.7402,339.05957,0.9658203,878.1387,382.1797,0.57128906,849.6719,384.45312,0.6010742,824.40625,380.36182,0.5571289,796.06775,377.64062,0.5473633,772.6748,374.78516,0.36083984,730.45996,375.05078,0.2927246,701.6963,378.2256,0.4038086,693.1416,378.90723,0.515625,36.848145,359.3203,0.46362305,877.251,415.48828,0.96728516,903.25,446.2129,0.8125
221,1140.877,346.19336,0.8408203,1173.8945,338.44043,1.0,884.0156,382.1797,0.27856445,857.1914,384.41016,0.4428711,830.875,378.37402,0.5283203,801.1094,376.79883,0.3779297,781.8281,374.78516,0.27685547,742.3711,375.05078,0.107788086,709.0176,378.2256,0.0569458,701.31055,378.90723,0.13513184,491.06787,368.6172,0.117492676,884.89844,415.9922,0.9711914,917.70996,444.27808,0.57714844
222,1148.7188,345.87695,0.84228516,1179.7891,338.04297,0.9472656,887.9668,382.4043,0.5732422,861.19727,384.41016,0.6459961,832.77734,378.37402,0.71484375,805.1953,376.52148,0.4465332,786.2969,375.48242,0.3425293,746.4971,375.05078,0.118896484,716.2462,380.37354,0.103271484,713.0254,381.16016,0.14526367,687.2285,385.0879,0.12310791,893.6279,416.8711,0.83984375,923.146,442.77344,0.7841797
223,1154.4697,345.77734,0.8251953,1187.3208,337.82812,0.99658203,894.8242,383.43555,0.6088867,868.03845,384.41016,0.61083984,836.749,378.37402,0.6015625,806.22266,376.52148,0.2854004,790.5918,375.5293,0.17578125,791.29297,375.0547,0.046081543,721.5,383.29688,0.15185547,714.7578,382.50586,0.31762695,693.0088,389.26855,0.41259766,893.6279,418.40527,0.859375,933.3076,440.0,0.84277344
224,1160.3594,345.4922,0.7895508,1192.375,337.82812,0.94677734,900.31494,384.5625,0.60791016,872.16016,384.98047,0.57666016,842.5449,379.76294,0.62402344,809.1582,376.79883,0.3076172,792.30664,375.48242,0.2442627,792.1113,375.0547,0.11364746,803.66406,377.89258,0.04550171,714.7578,378.90723,0.12597656,824.08594,451.05908,0.053985596,893.6279,418.40527,0.86083984,933.3076,440.0,0.76953125
225,1165.8076,345.4922,0.86328125,1197.3945,338.04297,0.9399414,903.6289,384.77734,0.48657227,877.1172,386.16016,0.5102539,846.65234,381.61328,0.59521484,818.875,377.73438,0.33740234,797.50684,375.5293,0.21325684,792.4453,376.68555,0.10803223,803.66406,379.4497,0.040252686,714.7578,378.7168,0.2409668,824.08594,451.05908,0.38061523,900.385,419.7942,0.7368164,933.3076,440.0,0.65283203
226,1171.2539,345.63867,0.84033203,1204.3848,338.11816,1.0,908.34546,386.45703,0.33813477,880.8008,386.33984,0.4609375,854.2344,384.08984,0.53271484,823.2969,378.1289,0.32226562,799.0781,375.5293,0.1348877,792.9551,375.0547,0.0725708,803.66406,379.4497,0.05709839,59.510254,362.87402,0.10443115,824.08594,451.05908,0.24829102,907.1631,422.54492,0.51904297,946.9287,440.27344,0.48291016
227,1177.2422,345.77734,0.80859375,1209.002,338.14648,0.9375,913.53516,386.5459,0.45239258,888.19336,386.8496,0.5986328,860.9053,384.2461,0.6225586,829.35547,379.6001,0.34936523,800.3008,375.53125,0.28173828,802.84375,374.92578,0.12408447,803.66406,379.4497,0.081848145,59.510254,362.87402,0.12866211,832.75,444.17188,0.19152832,926.1465,422.54492,0.56347656,897.5762,440.27344,0.49926758
228,1181.0332,346.208,0.89404297,1214.1016,338.17285,0.95166016,919.3594,386.8623,0.50439453,891.9964,386.9375,0.64501953,863.79297,384.42188,0.60546875,834.60254,380.62305,0.5341797,812.6841,376.71484,0.265625,804.77344,374.92578,0.09649658,803.1172,378.20703,0.042877197,59.510254,362.87402,0.0463562,766.7949,371.1914,0.05557251,932.68115,431.5039,0.5644531,897.5762,442.66406,0.45581055
229,1186.043,346.67383,0.86035156,1219.9073,338.77148,1.0,928.1289,387.72217,0.7011719,898.6133,387.25977,0.79345703,869.88965,384.60156,0.76708984,841.041,380.9839,0.5917969,813.3867,377.08008,0.3449707,805.66797,375.97266,0.12487793,800.92773,379.2505,0.025604248,779.96814,371.8828,0.041778564,766.7949,371.1914,0.032684326,943.71484,434.89355,0.5234375,986.7998,442.66406,0.44873047
230,1192.0293,346.67383,0.86376953,1224.9082,339.1421,0.93115234,932.0552,388.4214,0.6923828,903.8828,387.52588,0.8286133,877.9004,384.60156,0.77490234,851.56055,380.62305,0.7597656,826.3086,376.71484,0.5078125,805.0,374.0547,0.3059082,800.03125,379.1416,0.10510254,779.96814,371.8828,0.06536865,775.46875,379.29053,0.028381348,962.0596,443.80054,0.86083984,1007.6074,443.8451,0.515625
231,1197.1484,346.67383,0.8183594,1230.2832,339.25342,0.9614258,936.4707,389.4922,0.7084961,909.4697,387.75183,0.8364258,883.3042,384.42188,0.80371094,858.08203,380.62305,0.6274414,827.36523,375.53125,0.49829102,804.77344,375.97266,0.2944336,800.92773,379.2505,0.10662842,793.65234,378.7959,0.08807373,888.96875,444.17188,0.057891846,967.5156,446.41992,0.75683594,1016.39453,449.79688,0.6088867
232,1202.5957,347.16016,0.8232422,1236.2869,339.56738,1.0,944.4492,389.4922,0.44189453,919.27344,387.75183,0.6791992,891.1035,384.20312,0.6933594,858.3711,378.81543,0.67626953,830.37305,373.17285,0.4255371,804.77344,376.28516,0.13220215,794.3164,379.2505,0.05206299,779.96814,371.8828,0.04776001,775.46875,379.29053,0.038604736,974.29297,448.28906,0.80078125,1016.39453,456.53516,0.7001953
233,1207.8789,347.16016,0.7885742,1241.0215,339.87183,0.9370117,948.77783,389.4922,0.35107422,923.59717,387.75183,0.77685547,895.7617,383.05273,0.64941406,860.22205,377.40625,0.7265625,832.95703,372.8208,0.5517578,796.2013,375.97266,0.2019043,794.3164,379.2505,0.05618286,31.515625,363.14893,0.036071777,775.46875,379.29053,0.035095215,974.55664,449.85352,0.8833008,1016.39453,471.66797,0.6899414
234,1212.6577,347.13428,0.9057617,1246.4785,339.87183,0.9628906,954.3877,388.0235,0.32714844,929.4531,387.25928,0.5415039,900.10834,381.19434,0.64746094,864.0293,374.88672,0.7480469,832.95703,370.59863,0.61328125,796.2013,374.9082,0.32080078,794.3164,379.1416,0.10900879,31.515625,363.14893,0.057250977,759.64453,386.3457,0.050964355,975.3535,450.72168,0.8364258,1011.23975,480.0586,0.72509766
235,1217.8379,347.13428,0.8984375,1252.7983,339.56738,1.0,966.1172,385.66016,0.11151123,938.0488,387.02246,0.38110352,913.86523,380.55078,0.5996094,877.5166,374.6172,0.5600586,842.47363,370.58398,0.44604492,796.2013,374.9082,0.3244629,805.2578,376.9414,0.08123779,780.791,380.4497,0.12915039,759.64453,386.3457,0.08770752,975.3535,450.72168,0.75878906,997.7881,483.48438,0.76416016
236,1225.9531,346.85547,0.8144531,1257.9355,338.92676,1.0,975.97656,383.14258,0.21228027,950.3613,383.11133,0.33154297,924.60205,378.6631,0.5102539,886.71484,372.75195,0.5102539,857.58203,370.43457,0.57470703,813.30273,374.04492,0.4387207,799.1719,376.9414,0.21203613,780.791,380.4497,0.20227051,759.64453,386.3457,0.26464844,974.55664,450.72168,0.8720703,984.5918,486.92383,0.7504883
237,1230.4121,346.83984,0.9121094,1264.6914,338.56445,0.9550781,983.8496,383.14258,0.34643555,955.79285,383.11133,0.52197266,929.2676,376.14258,0.6113281,892.7822,372.68262,0.55078125,858.7529,369.5703,0.5136719,827.41797,372.80957,0.46923828,805.2578,376.52344,0.33398438,789.126,380.97656,0.21655273,767.16797,388.2279,0.28735352,973.26953,449.51367,0.87353516,967.28516,486.92383,0.80615234
238,1235.314,345.71875,0.8959961,1268.5864,338.56445,0.98339844,985.8867,383.14258,0.40600586,957.6875,383.11133,0.5834961,929.9922,376.14258,0.5942383,893.57715,372.68262,0.6621094,863.2656,370.58398,0.60498047,829.68066,372.80957,0.46972656,805.2578,376.9414,0.07086182,953.41016,457.5625,0.06384277,930.9346,476.80078,0.07043457,972.876,447.50586,0.953125,952.08203,486.92383,0.79345703
239,1242.3379,345.5039,0.8417969,1271.1016,338.56445,0.7397461,989.7119,384.2422,0.57470703,961.97266,383.51953,0.5888672,933.8662,376.14258,0.5957031,899.15234,372.68262,0.5336914,869.0088,370.5205,0.5234375,829.96387,372.80957,0.41381836,806.8203,377.5078,0.117248535,955.2344,457.5625,0.1953125,932.6621,476.80078,0.3461914,972.876,443.92865,0.69433594,948.8999,478.42578,0.5180664
240,1248.0977,345.11133,0.8574219,1273.3281,340.91406,0.14453125,993.3125,384.3789,0.62402344,965.90625,385.64062,0.5390625,939.8157,378.03027,0.58154297,905.41406,372.8711,0.5473633,869.36816,370.1289,0.59228516,829.96387,372.80957,0.47998047,816.01953,377.5078,0.13574219,955.2344,457.5625,0.22509766,934.8418,476.80078,0.5800781,972.876,436.39844,1.0,948.8999,470.08008,0.6123047
241,1253.9092,344.77148,0.87158203,1280.1875,340.91406,0.11303711,1000.27344,384.41406,0.55078125,971.797,385.875,0.65234375,942.8281,379.0288,0.75,910.13477,374.49805,0.7241211,876.5166,370.5205,0.6645508,841.3418,372.59424,0.55371094,820.75,376.04688,0.15930176,953.41016,452.57812,0.12646484,932.6621,467.25928,0.48779297,977.1172,428.30298,1.0,948.8999,462.27344,0.7055664
242,1258.7822,344.39062,0.96435547,1281.0898,341.8047,0.13342285,1003.99243,384.8789,0.38232422,976.46875,386.94922,0.671875,945.8926,381.16504,0.8203125,915.1406,375.55664,0.73339844,884.78906,371.15625,0.78515625,854.90234,372.08435,0.6303711,832.0996,375.2207,0.2980957,820.07574,381.85742,0.16796875,930.9346,458.7412,0.29589844,987.30273,418.91895,1.0,958.33594,455.4453,0.8569336
243,1263.1387,344.38672,0.79003906,1281.0898,342.35938,0.07727051,1005.5049,385.28906,0.4736328,979.0747,387.68872,0.6357422,951.32227,382.9297,0.71875,921.3926,376.04297,0.7832031,893.60547,371.51514,0.78515625,864.52344,372.08435,0.71435547,838.8828,375.2207,0.49365234,820.07574,381.05176,0.1628418,934.8418,451.10938,0.11016846,998.10156,415.6289,0.90966797,971.3667,453.28613,0.8774414
244,1267.7512,344.39062,0.68310547,1281.0898,342.35938,0.06719971,1009.3672,386.4922,0.5957031,984.71875,388.56982,0.6982422,954.28516,384.65625,0.76416016,923.2036,376.7793,0.7661133,894.1289,371.93268,0.69091797,865.5137,372.08435,0.6113281,839.5742,374.85547,0.35766602,820.07574,379.59375,0.11895752,927.10547,379.30078,0.037017822,1007.56055,411.59888,0.94433594,988.29175,450.61914,0.88183594
245,1267.7512,344.77148,0.50927734,1275.6648,346.22754,0.046783447,1013.25684,387.56836,0.3166504,988.2908,389.08203,0.7192383,961.0332,385.88086,0.7885742,931.7842,378.86328,0.7236328,903.9453,373.17676,0.67822266,877.05176,373.76953,0.53515625,853.63184,374.70117,0.25878906,839.59375,379.59375,0.059387207,927.10547,379.30078,0.028900146,1016.9492,411.44385,0.90185547,1002.44434,450.2119,0.86376953
246,1267.7512,345.94336,0.10614014,1068.0526,367.3086,0.07800293,1023.4863,387.56836,0.43188477,995.25,389.08203,0.7548828,967.49414,385.88086,0.8232422,938.18555,379.40283,0.77001953,910.27734,374.60547,0.6118164,882.11035,374.07227,0.4633789,857.4883,374.85547,0.24353027,849.5371,381.85742,0.04888916,927.10547,378.7959,0.031951904,1023.56445,411.44385,0.7578125,1015.7461,450.2119,0.9296875
247,1053.4883,373.72656,0.037078857,1055.3242,367.3086,0.0496521,1029.3398,387.56836,0.4255371,1000.6836,389.08203,0.63916016,974.89844,385.88086,0.7685547,947.4995,379.77112,0.73535156,915.09863,376.06055,0.76171875,884.6714,375.0703,0.38476562,866.19727,375.4414,0.23364258,868.7417,379.55176,0.075927734,927.10547,377.9961,0.032165527,1029.8008,411.44385,0.8017578,1030.7227,450.2119,0.8642578
248,1028.3359,378.40234,0.025390625,885.1699,367.3086,0.035217285,1038.3086,386.375,0.67822266,1007.8008,388.43408,0.7109375,979.67285,385.54492,0.7211914,951.1543,379.77112,0.7294922,918.25586,376.6914,0.7651367,888.0508,376.22266,0.4543457,868.9492,376.02344,0.21704102,881.3242,383.41406,0.054351807,925.4883,377.9961,0.03024292,1035.0981,412.5381,0.8544922,1044.6968,452.10712,0.90283203
249,889.68945,378.40234,0.022064209,746.35547,367.3086,0.037902832,1042.4287,386.375,0.42578125,1014.7363,388.43408,0.4975586,987.73926,385.49414,0.66748047,955.21436,379.77112,0.7675781,931.5427,376.94922,0.64746094,911.08594,376.22266,0.4584961,888.5781,377.95703,0.37597656,892.2339,383.41406,0.47583008,866.24414,378.34082,0.23083496,1042.6611,415.0664,0.7602539,1058.8711,452.10712,0.95703125
250,855.9844,376.61914,0.049804688,746.35547,364.8462,0.04598999,1049.5371,386.21484,0.36206055,1022.08203,388.2284,0.5522461,995.7446,385.47852,0.62402344,965.64844,379.51294,0.5595703,943.1406,376.94922,0.4423828,917.4219,376.22266,0.20715332,900.99805,378.76074,0.12512207,892.2339,382.76172,0.35009766,854.84375,377.9961,0.33447266,1047.582,416.5625,0.8666992,1067.9734,452.10712,0.5229492
251,855.9844,376.61914,0.06237793,667.7705,363.1328,0.062347412,1054.4941,386.21484,0.22045898,1026.5391,388.43408,0.35913086,1002.1904,385.47852,0.4873047,973.4746,379.51294,0.47973633,953.4082,376.94922,0.3947754,929.8281,375.95312,0.24035645,900.99805,378.76074,0.17614746,881.3242,381.41406,0.18017578,848.3125,377.9961,0.15673828,1054.1113,417.90625,0.96240234,1080.3145,448.8086,0.6567383
252,889.68945,378.40234,0.22375488,667.7705,362.29688,0.10876465,1059.0391,387.1504,0.29516602,1031.5859,388.9375,0.40722656,1007.29297,385.49414,0.5439453,976.28516,379.51294,0.46777344,953.60156,377.8125,0.37817383,930.9531,375.95312,0.17346191,906.1963,378.76074,0.1439209,881.3242,381.41406,0.12225342,14.1875,364.72754,0.3005371,1062.3438,418.61914,0.8491211,1080.3145,448.8086,0.65527344
253,893.1299,378.97656,0.060180664,667.7705,358.38672,0.076416016,1063.9629,387.4922,0.44848633,1036.4255,389.19043,0.70947266,1011.1826,386.17285,0.6225586,984.03906,383.32227,0.42163086,958.16406,382.12305,0.296875,934.60547,375.95312,0.082092285,906.5928,378.76074,0.052703857,36.570312,360.42188,0.1895752,12.594727,364.26538,0.46557617,1067.2827,421.3994,0.7817383,1093.6621,448.16797,0.65234375
254,893.1299,378.97656,0.078430176,667.7705,358.38672,0.14257812,1068.7544,388.24036,0.5722656,1039.8105,389.26953,0.6430664,1014.6172,386.66602,0.55322266,990.3164,385.16797,0.2849121,966.0781,383.41797,0.15429688,979.03906,383.14844,0.05709839,965.01953,381.08105,0.060150146,36.570312,360.42188,0.18664551,11.158691,363.82532,0.46240234,1067.2827,421.5332,0.62402344,1100.543,448.16797,0.6069336
255,893.1299,378.97656,0.22924805,908.76807,358.38672,0.21948242,1072.7109,389.20898,0.55810547,1044.6914,389.58594,0.48876953,1021.5508,388.26855,0.44750977,993.2246,385.6328,0.30249023,966.0781,383.41797,0.14611816,979.03906,383.14844,0.109069824,965.47656,381.8047,0.12573242,35.570312,360.39844,0.17102051,11.099121,363.5708,0.4206543,1071.9062,423.76367,0.7373047,1120.8789,442.59277,0.7705078
256,885.83594,364.4319,0.059265137,908.76807,360.85156,0.07006836,1075.5457,389.80273,0.68847656,1047.2812,389.65234,0.5986328,1021.99414,388.7207,0.58251953,995.8672,385.76172,0.34936523,969.31055,383.41797,0.15539551,979.03906,383.89844,0.07373047,966.2461,382.01172,0.105773926,34.101562,360.39844,0.15014648,11.099121,361.79297,0.14294434,1083.0669,427.85474,0.60595703,1130.5078,442.59277,0.7446289
257,884.1875,363.5664,0.09088135,898.89844,360.85156,0.07775879,1080.6719,389.96777,0.74316406,1051.8401,389.69336,0.6171875,1022.39453,389.55566,0.6777344,997.52734,386.45117,0.42236328,972.0781,381.9463,0.26513672,946.8574,383.14844,0.10644531,966.2461,382.01172,0.041900635,32.695312,360.39844,0.13684082,11.099121,361.79297,0.2121582,1100.4192,436.60205,0.8574219,1137.8457,442.59277,0.7260742
258,884.1875,363.5664,0.2890625,891.47363,362.4248,0.08111572,1085.2031,390.0703,0.74316406,1058.5615,391.5,0.53222656,1030.5,390.21484,0.58691406,1001.3242,386.45117,0.55566406,970.5635,381.19727,0.31420898,945.916,380.62646,0.076049805,966.2461,387.39062,0.06323242,32.695312,362.29785,0.13378906,11.427734,361.79297,0.1628418,1107.1919,437.57812,0.43310547,1148.1676,443.4624,0.5234375
259,885.83594,364.4319,0.034851074,891.47363,362.4248,0.076660156,1092.1615,390.72656,0.8701172,1064.0332,391.83203,0.6894531,1034.7402,390.21484,0.7319336,1003.18994,386.4414,0.6567383,970.5635,379.23047,0.45458984,945.916,378.9873,0.111206055,966.2461,387.39062,0.042938232,32.695312,362.29785,0.043273926,1048.0078,444.6875,0.030761719,1118.5547,441.85156,0.85546875,1151.7031,444.3235,0.6665039
260,1120.2852,410.77344,0.03567505,891.47363,362.4248,0.04373169,1098.2422,390.72656,1.0,1066.4248,392.26758,0.79296875,1035.656,390.2871,0.79003906,1003.57007,386.4414,0.7207031,972.75195,378.54492,0.48168945,946.8574,379.27832,0.14086914,938.9717,384.08594,0.04525757,935.59375,383.5879,0.0440979,1048.0078,444.6875,0.031280518,1124.8008,443.49707,0.8618164,1161.8203,445.86133,0.7128906
261,1121.0898,421.1328,0.04611206,891.47363,373.23145,0.031097412,1105.4141,390.39453,1.0,1073.7715,393.99023,0.8691406,1041.4531,390.9004,0.80908203,1009.6836,385.6289,0.7080078,981.0049,378.50293,0.55908203,957.50195,379.23682,0.1730957,938.95703,384.08594,0.085998535,1166.9863,444.51562,0.059936523,1048.0078,444.6875,0.03149414,1132.3516,446.9668,0.74609375,1175.498,450.53027,0.7895508
262,1121.0898,421.1328,0.06048584,891.47363,373.23145,0.03552246,1112.8066,390.11523,0.94970703,1081.5547,393.99023,0.8383789,1049.5352,390.36523,0.8017578,1017.75586,385.5586,0.7392578,986.40234,378.4795,0.6694336,962.6377,379.23682,0.25585938,938.95703,384.08594,0.14099121,1181.8291,447.3047,0.025009155,990.41406,374.6211,0.02748108,1137.1445,449.9707,0.7236328,1187.857,453.1953,0.7104492
263,1122.0664,421.1328,0.026687622,952.1992,373.99414,0.030151367,1117.4443,390.11523,0.99560547,1086.9141,393.99023,0.8232422,1054.8828,390.36523,0.7602539,1021.45996,385.52734,0.7446289,990.2969,378.32715,0.6088867,962.83594,378.9873,0.29174805,938.95703,383.9453,0.08483887,1184.2422,461.0078,0.037841797,990.41406,374.6211,0.026519775,1139.9309,452.4829,0.8413086,1187.857,464.94336,0.55029297
264,1122.0664,390.11328,0.12030029,952.35156,373.99414,0.13476562,1123.1934,389.31543,1.0,1093.3291,392.77344,0.75878906,1062.7949,390.36523,0.71191406,1028.1725,385.3203,0.72216797,996.1549,377.6211,0.7583008,964.6753,378.4131,0.30126953,938.95703,383.9453,0.14855957,1190.6191,471.8164,0.061523438,990.41406,374.6211,0.03286743,1145.9727,453.36133,0.91259766,1187.857,478.1504,0.7006836
265,1122.0664,390.11328,0.031677246,1166.1465,461.95312,0.039367676,1125.9443,387.20215,0.93896484,1097.5605,389.2207,0.9223633,1068.5366,388.8457,0.74853516,1032.457,385.02734,0.70703125,998.7363,377.46875,0.640625,964.9751,376.58203,0.34960938,944.09766,383.82812,0.105773926,1190.6191,476.14673,0.045410156,1152.4922,476.009,0.03652954,1145.9727,455.15625,0.8569336,1179.3457,485.9961,0.6640625
266,1136.2148,390.11328,0.02947998,1166.1465,462.8047,0.07678223,1131.1426,386.1084,0.8359375,1102.6367,388.792,0.7832031,1073.3828,387.56152,0.7675781,1037.585,383.44336,0.76123047,1002.9082,377.18945,0.5917969,967.6328,376.50586,0.5317383,945.09766,382.9414,0.18615723,1184.2422,476.14673,0.04107666,1152.4922,476.009,0.042907715,1145.9727,455.15625,0.75927734,1165.5771,493.6543,0.7631836
267,1139.1992,404.20703,0.02758789,1166.1465,462.8047,0.05496216,1137.6914,385.47266,0.7705078,1110.4395,387.2744,0.68603516,1082.3457,386.02344,0.7788086,1045.6006,382.43945,0.6699219,1009.4707,376.51367,0.6640625,973.63477,376.47656,0.53515625,946.69727,381.89062,0.21130371,1153.4551,476.14673,0.053009033,1152.4922,476.009,0.046844482,1143.918,455.15625,0.68066406,1148.4546,494.28906,0.62841797
268,1136.2148,420.8711,0.028274536,1149.2471,461.95312,0.053833008,1146.9756,385.47266,0.8041992,1117.7275,386.8047,0.70458984,1089.2441,384.52734,0.7338867,1045.6006,382.10156,0.68408203,1009.4707,376.2578,0.6538086,990.5586,375.875,0.70703125,960.80273,378.77344,0.7182617,965.87305,382.66797,0.6953125,935.4375,386.14648,0.38183594,1142.8145,454.70312,0.6611328,1132.1622,494.28906,0.6376953
269,1136.2148,439.33984,0.025436401,1148.6787,440.82422,0.07147217,1149.7549,385.47266,0.7866211,1121.0449,386.2744,0.71435547,1092.2266,384.52734,0.6591797,1052.408,382.10156,0.52978516,1023.0703,376.2578,0.48046875,1002.8154,375.875,0.6689453,974.8008,377.8164,0.65234375,965.87305,380.5244,0.7319336,935.4375,385.42188,0.5522461,1141.4824,452.91357,0.7060547,1117.3779,494.28906,0.7211914
270,1121.8555,456.6914,0.051483154,1122.0859,440.82422,0.05404663,1155.0703,386.42188,0.73828125,1124.7632,386.2744,0.5854492,1094.8438,384.52734,0.59814453,1064.0117,382.10156,0.42456055,1031.4531,376.0293,0.31201172,1004.6587,375.875,0.5185547,981.3037,377.8164,0.5854492,965.87305,380.5244,0.6147461,935.4375,385.42188,0.58203125,1140.729,449.2871,0.76123047,1114.9775,486.10742,0.5366211
271,1121.8555,456.6914,0.05154419,982.9336,375.0957,0.04626465,1162.0732,386.5039,0.8100586,1131.165,386.8047,0.5151367,1103.75,386.19336,0.5708008,1065.2285,381.4209,0.42651367,1031.4531,376.125,0.35131836,1004.6587,376.08203,0.6357422,981.3037,377.8164,0.6152344,967.09766,380.5244,0.6171875,942.9922,386.14648,0.45239258,1140.729,439.5586,1.0,1114.9775,476.7915,0.6074219
272,1121.8555,456.6914,0.043792725,982.9336,375.0957,0.046813965,1167.1094,386.56836,0.8754883,1136.5195,387.1333,0.6791992,1104.1543,386.83398,0.55371094,1066.1426,382.4082,0.48657227,1031.4531,376.125,0.4736328,1006.0254,376.68164,0.68408203,983.49805,379.06934,0.5776367,969.14453,381.1084,0.5292969,959.2969,385.42188,0.44140625,1140.729,430.96875,0.94921875,1114.9775,468.1997,0.7451172
273,1121.8555,440.44922,0.044830322,824.96484,362.63184,0.025253296,1170.7744,387.573,0.81933594,1140.7344,388.53467,0.6201172,1106.6055,386.8496,0.70458984,1070.5977,383.2129,0.6894531,1036.6221,376.45117,0.54345703,1006.43555,376.9297,0.31958008,983.49805,379.06934,0.18273926,969.7324,381.1084,0.10668945,959.3086,385.42188,0.30566406,1151.2676,425.21875,1.0,1125.5498,461.3086,0.7949219
274,1112.1074,438.3047,0.037017822,824.96484,362.63184,0.10003662,1171.0786,387.573,0.6323242,1142.9121,388.82324,0.65283203,1110.1172,386.8496,0.77197266,1075.2856,383.4121,0.77734375,1045.4824,377.29883,0.6669922,1017.5039,377.53125,0.6855469,993.9629,379.10742,0.5888672,975.9531,381.1084,0.5839844,966.72656,380.67676,0.27294922,1163.123,418.01953,0.96777344,1137.0527,455.13086,0.8071289
275,683.78516,362.60352,0.034088135,824.56055,362.25684,0.10021973,1176.2461,387.58276,0.67333984,1147.9723,388.85352,0.7661133,1117.415,386.8496,0.7402344,1085.9287,383.4121,0.84814453,1057.125,379.43408,0.7167969,1030.2422,378.90527,0.80126953,1001.88086,379.74658,0.7104492,983.2246,381.1084,0.7675781,966.72656,379.9076,0.42529297,1172.2803,414.21875,0.93359375,1152.709,452.24414,0.8227539
276,683.78516,362.60352,0.07519531,687.1875,362.12305,0.07977295,1181.2461,387.6101,0.6899414,1152.3633,388.85352,0.8183594,1120.1543,386.25684,0.7836914,1091.376,383.4121,0.7675781,1061.0713,380.88135,0.70458984,1033.5469,381.91602,0.7807617,1009.2051,379.74658,0.7451172,988.4136,381.1084,0.7089844,966.72656,379.9076,0.4182129,1179.7771,413.10254,1.0,1168.8887,451.9859,0.97265625
277,683.78516,362.60352,0.21472168,684.84814,360.82812,0.1508789,1186.8008,387.573,0.8120117,1156.8369,388.85352,0.8305664,1126.1426,385.9922,0.7753906,1095.8184,383.4121,0.5732422,1063.5137,384.3672,0.54003906,1034.8057,384.80664,0.6513672,1012.00385,382.83203,0.5957031,995.16797,382.12305,0.6010742,972.91455,380.67676,0.6225586,1185.1641,413.10254,0.8823242,1182.0938,451.9859,0.9345703
278,973.4922,374.09375,0.046722412,9.503906,360.71094,0.06903076,1192.7578,387.50146,0.69970703,1162.2393,388.8203,0.78466797,1133.3213,385.63672,0.71875,1105.6113,383.0664,0.48901367,1080.5039,384.3672,0.3659668,1047.418,384.80664,0.4177246,1025.377,382.83203,0.47216797,1003.8963,384.8672,0.6352539,979.21094,381.3369,0.42285156,1192.3145,413.10254,0.99853516,1195.0972,451.9859,0.71240234
279,973.4922,374.09375,0.049041748,9.503906,360.62695,0.0826416,1197.4365,387.3711,0.6269531,1166.7598,388.0312,0.7841797,1136.6426,384.42188,0.69970703,1107.977,382.91406,0.41064453,1080.5039,384.3672,0.32958984,1064.7988,384.80664,0.41503906,1037.249,382.83203,0.45410156,1017.2246,385.15234,0.67578125,989.7881,383.28125,0.5449219,1197.1191,415.3086,0.87890625,1208.6621,451.9859,0.66845703
280,980.96094,375.66797,0.03665161,9.466797,360.62695,0.08129883,1200.9844,387.3711,0.63623047,1171.3154,387.33545,0.7050781,1139.541,381.9922,0.6459961,1112.0938,382.10742,0.3149414,1084.0172,382.2461,0.17028809,1069.3271,382.00586,0.25512695,1047.8457,382.12305,0.3395996,1028.4333,385.15234,0.6777344,999.53516,387.3579,0.67333984,1201.1309,417.5332,0.76660156,1221.4023,451.9859,0.9291992
281,1035.8547,378.33594,0.08721924,9.503906,360.71094,0.101501465,1206.6016,387.3711,0.45117188,1178.169,386.13672,0.64990234,1149.3438,380.87988,0.5727539,1126.3398,380.6045,0.14343262,1094.1289,381.11914,0.05895996,1074.9336,381.90723,0.068481445,1055.832,377.79297,0.24169922,1038.0449,385.15234,0.4597168,1009.0586,391.67188,0.66796875,1208.4727,419.77795,0.7548828,1229.4736,450.65234,0.92529297
282,1036.4758,378.33594,0.054779053,861.55176,360.88477,0.066589355,1214.7988,387.3711,0.40942383,1188.0667,386.13672,0.50878906,1159.9844,380.37158,0.47631836,1126.3398,379.98962,0.27685547,1094.1289,380.00897,0.115478516,1075.1514,381.90723,0.078552246,1055.832,371.2666,0.13330078,1044.0391,383.03516,0.3322754,1015.1992,391.67188,0.58251953,1215.6094,419.7876,0.80322266,1242.2559,449.01562,0.6645508
283,1036.4758,378.33594,0.04824829,1036.4834,363.22656,0.078552246,1219.793,387.6914,0.3857422,1191.3906,386.25,0.43847656,1162.2188,380.37158,0.41308594,1138.3438,379.98962,0.15136719,924.749,370.6172,0.058532715,1075.1514,368.78125,0.078186035,1066.8789,371.2666,0.11975098,1044.2275,382.70703,0.29541016,1021.0508,391.67188,0.4831543,1222.3906,420.31006,0.8828125,1242.2559,449.01562,0.75683594
284,1057.4727,378.33594,0.2849121,1085.5322,363.22656,0.08465576,1226.875,388.08917,0.44262695,1196.5063,386.99316,0.6513672,1165.6016,380.81445,0.49975586,1140.4492,379.98962,0.13330078,1112.6914,380.00897,0.06378174,1074.9336,368.78125,0.040740967,1067.3223,371.2666,0.075927734,1045.831,382.70703,0.2232666,1026.6465,391.32227,0.27783203,1227.9769,420.89746,0.8496094,1242.2559,449.01562,0.4086914
285,1057.4727,378.33594,0.12524414,1087.375,363.22656,0.087768555,1231.7031,388.08917,0.3317871,1201.1836,386.99316,0.5283203,1169.6719,380.81445,0.49682617,1147.9863,380.61475,0.12915039,1114.7588,381.11914,0.086120605,1074.9336,380.7915,0.027267456,1067.3862,378.90918,0.05432129,1050.416,382.70703,0.13500977,1027.9297,391.32227,0.24499512,1228.6543,422.91406,0.6328125,1181.9268,451.57422,0.7138672
286,1057.4727,381.51172,0.3659668,1085.5322,363.48242,0.26000977,1235.1919,389.07812,0.44921875,1205.707,388.219,0.38427734,1173.0,382.92578,0.42163086,1147.9863,382.37695,0.103881836,1131.1304,381.00098,0.08862305,1065.6465,382.45508,0.051330566,1162.5879,428.6328,0.048706055,1183.0215,439.0664,0.15185547,1032.5938,391.32227,0.091674805,1238.9688,423.2871,0.83203125,1181.9268,451.57422,0.63671875
287,1043.3916,381.51172,0.3310547,1055.25,377.05664,0.26245117,1241.0195,390.09375,0.5961914,1209.2344,388.51807,0.5625,1179.1562,384.46484,0.40942383,1151.5078,382.5078,0.14672852,1132.487,381.34766,0.07952881,1065.0801,382.45508,0.052703857,1212.0187,428.6328,0.049041748,1185.3242,439.0664,0.26416016,1170.3857,443.79688,0.21325684,1241.5781,423.2871,0.52783203,1181.9268,451.57422,0.61621094
288,1043.3916,381.51172,0.115600586,1114.9795,373.2881,0.07977295,1243.719,391.09375,0.68652344,1211.4116,388.8291,0.625,1179.6953,384.89453,0.41064453,1154.3672,382.57617,0.14709473,1137.9473,381.86133,0.059417725,1065.6465,382.45508,0.08166504,1212.0187,428.6328,0.031021118,1196.6016,442.83496,0.12817383,1170.6621,443.79688,0.08618164,1244.7891,422.91406,0.41577148,1185.6426,447.17188,0.41625977
289,1043.3916,381.51172,0.09820557,1102.1934,373.2881,0.064819336,1248.6602,391.09375,0.7050781,1217.4336,389.18457,0.56689453,1184.5684,386.3789,0.42529297,1161.9121,385.41016,0.10681152,1137.9473,382.11914,0.06512451,1129.666,382.45508,0.078063965,1212.1748,437.51562,0.021957397,1199.5781,440.51562,0.050567627,1170.6621,443.79688,0.04763794,1244.8672,410.15234,0.4777832,1198.4844,443.98566,0.38720703
290,1083.7621,383.23438,0.025344849,1102.1934,377.05664,0.035491943,1252.5483,391.29102,0.8935547,1221.8125,389.417,0.7290039,1190.6602,386.98242,0.5727539,1166.248,387.2461,0.23779297,1140.1875,383.06836,0.13903809,1129.666,382.13672,0.09716797,1212.6641,425.69922,0.037231445,1199.5781,439.0664,0.03567505,1175.7734,390.95703,0.031707764,1244.8672,410.15234,0.46972656,1222.4336,443.98566,0.24584961
291,1216.2383,397.0,0.21594238,1102.1934,373.2881,0.08526611,1257.4551,391.09375,0.9472656,1228.373,390.11133,0.77783203,1197.7598,388.69385,0.66845703,1170.5625,388.06555,0.39868164,1139.7882,383.06836,0.21862793,1129.666,381.22363,0.14587402,1212.6641,424.6875,0.03866577,1199.5781,430.85938,0.031433105,1186.8857,390.95703,0.031707764,1251.5352,404.73633,0.4543457,1231.9727,441.76562,0.37670898
292,1239.8145,432.25,0.046417236,1150.0312,373.2881,0.04574585,1263.0273,391.0703,0.81103516,1234.9385,390.11133,0.67626953,1206.2383,388.69385,0.6015625,1177.5098,388.3125,0.44140625,1139.7882,382.11914,0.27514648,1129.666,380.73047,0.15014648,1124.6079,382.61914,0.04736328,46.648438,356.3828,0.028839111,1186.8857,390.95703,0.02973938,1257.8652,404.73633,0.38134766,1262.293,443.98566,0.34521484
293,1257.6055,432.25,0.040771484,1254.8867,379.98547,0.040161133,1268.8813,390.70898,0.9765625,1239.3164,390.3047,0.8671875,1208.1211,388.69385,0.7729492,1178.4746,388.3125,0.62597656,1146.5732,381.14062,0.45947266,1140.8867,379.0581,0.1295166,1130.9551,380.45728,0.046203613,46.32422,356.3828,0.042236328,1257.6914,442.96973,0.034088135,1269.9805,412.2406,0.3930664,1262.293,444.69482,0.37963867
294,1257.6055,432.25,0.050933838,1254.8867,379.98547,0.047058105,1271.7852,390.60547,0.6254883,1248.1992,390.875,0.76708984,1217.4434,387.78613,0.7519531,1181.0908,388.3125,0.59375,1149.1367,380.9458,0.58251953,1132.0007,379.0581,0.19433594,1106.2305,378.09766,0.076293945,45.862305,356.3828,0.050598145,1257.6914,442.96973,0.04144287,1270.127,433.13672,0.4230957,1262.293,444.69482,0.66308594
295,1258.418,390.55078,0.04751587,42.280273,362.62207,0.07336426,1274.2832,389.76074,0.3017578,1256.0781,390.3047,0.5,1229.1641,387.76624,0.58496094,1201.8887,386.59766,0.5214844,1147.6919,380.1682,0.41552734,1112.5938,379.0581,0.2849121,1097.3711,377.51953,0.14208984,45.862305,359.71484,0.11468506,1257.6914,442.96973,0.043884277,1270.127,433.13672,0.4008789,1262.4844,444.69482,0.1159668
296,1259.0078,384.375,0.04159546,25.320312,360.66602,0.070007324,1274.2832,389.19434,0.032958984,1256.0781,389.98145,0.085998535,1250.0859,387.18408,0.38720703,1223.6055,384.40625,0.5292969,1147.7694,379.72705,0.50390625,1116.6973,379.10596,0.2692871,1083.4258,378.09766,0.10455322,45.030273,359.80273,0.30810547,17.814453,363.0298,0.36328125,1270.127,440.70508,0.047180176,1263.8398,450.26562,0.03805542
297,1262.1211,384.3711,0.06689453,25.320312,360.41797,0.059814453,1274.2832,377.32812,0.047058105,1273.1699,389.98145,0.08276367,1250.0859,383.91992,0.39941406,1223.6055,382.58008,0.4008789,1147.7694,379.72705,0.51953125,1116.6973,380.0733,0.19995117,1083.4258,380.45728,0.11578369,43.644287,360.4414,0.34887695,16.738281,363.0298,0.41723633,1261.7158,440.70508,0.3408203,1262.4844,450.26562,0.1607666
298,1262.1211,379.56177,0.1616211,25.320312,360.30664,0.0881958,1274.8086,377.32812,0.07165527,1273.1699,386.09766,0.1159668,1250.0859,383.89453,0.29077148,1223.6055,382.2422,0.32495117,1147.7694,379.72705,0.5908203,1113.6543,381.2422,0.5410156,1083.4258,380.98926,0.32373047,40.26953,360.4414,0.2602539,16.738281,363.0298,0.29956055,1261.7158,463.82422,0.091796875,1263.8398,493.5547,0.114990234
299,1262.1211,379.17188,0.19433594,926.3594,356.2306,0.20874023,1279.2051,377.32812,0.036071777,1273.1699,386.09766,0.13171387,1248.332,380.98096,0.2644043,1224.8691,379.7146,0.2890625,1147.7694,379.72705,0.39526367,1113.6543,380.0733,0.33862305,1098.0576,383.0586,0.08721924,40.26953,362.7246,0.27514648,16.738281,363.51172,0.3828125,1261.7158,463.82422,0.050354004,1265.3945,493.5547,0.08709717
300,919.7715,358.2754,0.32788086,926.8887,355.5476,0.48535156,1279.2051,453.03516,0.074523926,1273.1699,385.07422,0.15441895,1248.332,380.98096,0.27539062,1224.8691,379.7146,0.26733398,1179.3804,379.72705,0.15844727,1116.6973,381.52148,0.1529541,1137.6855,383.0586,0.117614746,40.26953,363.3169,0.15161133,1251.7393,479.76367,0.26123047,1277.2588,463.78516,0.10858154,1263.8398,482.7627,0.2512207
301,917.25586,358.2754,0.047180176,937.21094,355.5476,0.06427002,1279.2051,453.03516,0.10308838,1273.1699,386.09766,0.20361328,1248.332,380.98096,0.40454102,1224.8691,379.7146,0.2800293,1201.752,379.49365,0.14794922,1141.832,381.52148,0.074157715,1137.6855,383.0586,0.13757324,1110.4004,380.43457,0.2529297,1254.5391,479.76367,0.36889648,1277.2588,455.1953,0.13232422,1265.3945,473.4375,0.34350586
302,917.02246,358.2754,0.13183594,926.8887,356.2306,0.08428955,1279.2051,453.03516,0.105285645,1274.8008,387.4375,0.19482422,1257.0,383.3711,0.32348633,1228.623,380.08527,0.26000977,1201.752,377.86133,0.18347168,1162.1865,377.42188,0.08105469,1137.6855,379.37744,0.19665527,1116.5312,380.7798,0.43798828,1255.9023,479.76367,0.6176758,1278.5449,455.1953,0.12866211,1267.3867,473.4375,0.28515625
303,916.3992,359.34375,0.1854248,926.3594,359.3828,0.100097656,1279.0508,450.29688,0.10101318,1274.8008,387.4922,0.16723633,1262.7168,384.82812,0.3190918,1228.623,380.08527,0.35498047,1201.752,377.04688,0.15881348,1162.1865,376.17188,0.07342529,1131.2637,379.37744,0.17858887,1116.5312,380.7798,0.2915039,1255.9023,468.9917,0.5708008,1278.5449,447.375,0.09112549,1265.3945,466.25,0.21069336
304,916.3992,359.8086,0.33276367,926.8887,363.25195,0.09069824,1268.0859,446.0332,0.061157227,1274.8008,387.4922,0.10449219,1263.7422,386.4541,0.3334961,1228.623,380.08527,0.4855957,1194.6221,374.53516,0.29907227,1156.5415,376.96484,0.2836914,1129.9668,379.37744,0.24194336,1116.5312,380.43457,0.23144531,1255.9023,461.22852,0.7084961,1278.5449,446.54297,0.1262207,1267.0312,463.57812,0.1015625
305,912.2031,360.46875,0.42578125,921.09766,363.84412,0.08404541,1088.1797,383.5625,0.08502197,1274.5635,387.4922,0.10003662,1263.7422,386.4541,0.38867188,1227.8763,379.927,0.6479492,1193.416,374.53516,0.37646484,1156.5415,376.60352,0.16516113,1129.9668,379.919,0.038848877,1116.5312,380.7798,0.0803833,1255.9023,455.9453,0.1829834,1276.6367,445.13867,0.27685547,1267.0312,460.34375,0.18859863
306,912.2031,364.79688,0.061920166,26.655273,363.7516,0.20056152,1006.6406,373.0254,0.043884277,1275.2666,388.17188,0.0881958,1263.7422,386.5918,0.41967773,1227.8763,379.6338,0.7753906,1193.416,374.53516,0.5932617,1160.5781,376.60352,0.34228516,1129.9668,379.919,0.09069824,1116.5312,380.26758,0.04864502,1108.043,377.93555,0.04159546,1276.6367,413.89258,0.046295166,1263.3164,458.80664,0.11694336
307,937.8125,364.79688,0.06149292,921.09766,363.84412,0.042785645,1004.4304,370.26953,0.14233398,1274.5635,388.17188,0.2364502,1263.7422,386.5918,0.39746094,1227.8763,379.6338,0.7138672,1193.416,376.05078,0.64501953,1160.5781,376.96484,0.41577148,1141.207,380.80225,0.15905762,1117.0039,380.26758,0.10852051,1108.043,377.3496,0.037322998,1000.95703,392.70312,0.059326172,1247.4082,403.4453,0.051849365
308,1261.0801,380.52832,0.047912598,928.1406,364.07812,0.040863037,1004.4304,370.26953,0.050201416,1275.6992,388.10486,0.13867188,1264.0391,386.39746,0.41845703,1229.7998,379.90033,0.76416016,1198.7969,378.09473,0.7416992,1170.8623,379.78113,0.67285156,1143.3672,380.80225,0.44555664,1127.7852,380.90527,0.32421875,1108.043,377.3496,0.3017578,1000.95703,388.29443,0.0690918,1261.7119,402.1797,0.049316406
309,1181.5498,376.47266,0.068847656,928.1406,364.77783,0.04434204,1006.6406,372.4297,0.0552063,980.3098,372.73828,0.06463623,1264.6523,384.85547,0.40185547,1235.0137,379.90033,0.56103516,1208.4766,378.4756,0.66064453,1182.7461,379.78113,0.61083984,1155.6475,379.919,0.5761719,1133.9814,382.54883,0.5673828,1113.7559,377.93555,0.64404297,1000.95703,387.58398,0.06817627,1146.5273,401.10547,0.048797607
310,1181.8516,376.47266,0.050323486,1051.5706,364.77783,0.039855957,1190.7227,373.0254,0.04336548,965.5293,372.73828,0.08276367,1264.6523,385.73438,0.46435547,1238.0039,380.5703,0.53027344,1208.4766,378.4756,0.5961914,1195.1948,379.9475,0.76220703,1169.8594,379.91095,0.73095703,1146.8105,380.90527,0.75341797,1120.4395,380.49268,0.6665039,1000.95703,388.29443,0.06536865,1146.5273,401.10547,0.055541992
311,1181.5498,376.47266,0.069885254,1129.543,368.02344,0.050048828,1190.7227,375.60547,0.12408447,965.5293,372.73828,0.08905029,1264.6523,385.73438,0.31079102,1238.0039,380.5703,0.1550293,1208.4766,378.09473,0.11279297,1203.311,379.9475,0.2211914,1186.0312,378.6455,0.4633789,1160.2773,380.90527,0.63671875,1129.2559,385.61133,0.64453125,1109.5547,388.29443,0.0836792,1161.7461,389.3047,0.06689453
312,1181.5498,381.9707,0.086242676,1172.3564,371.34473,0.08917236,1190.7227,377.79688,0.11395264,1115.6995,372.3125,0.08087158,1256.752,383.71484,0.10491943,1239.5938,379.90033,0.051330566,1050.7021,368.95703,0.049713135,1203.311,379.41504,0.13354492,1186.0312,377.81836,0.4074707,1169.3984,380.4773,0.5419922,1136.8809,387.38037,0.83203125,1139.7422,388.30518,0.10046387,1175.6328,389.3047,0.115600586
313,1170.4492,378.92578,0.064453125,1181.9873,371.34473,0.05090332,1190.7227,379.4453,0.04675293,1115.5005,372.3125,0.05026245,1229.5488,380.3838,0.033996582,1241.5957,381.1543,0.057495117,1050.7021,368.95703,0.030426025,1203.311,379.41504,0.046722412,1186.0312,377.81836,0.20410156,1176.6016,378.73047,0.47607422,1147.667,388.958,0.69677734,1147.8203,389.12695,0.051330566,1175.6328,389.3047,0.09576416
314,1170.4492,378.92578,0.11035156,1181.9873,375.57422,0.05078125,1190.7227,379.4453,0.12561035,1115.6995,373.66406,0.08087158,1229.5488,385.73438,0.08850098,1241.5957,381.6797,0.02684021,1020.4453,361.6289,0.030944824,1201.8359,380.25415,0.029769897,1185.0391,377.81836,0.14685059,1178.5547,378.73047,0.20251465,1157.4023,388.958,0.41333008,1147.8203,389.4248,0.09362793,1252.4075,392.60938,0.1048584
315,1170.4492,378.92578,0.12658691,1188.9604,375.57422,0.050445557,1272.375,379.4453,0.1694336,1129.6484,374.3047,0.10699463,1229.5488,377.39258,0.20727539,1238.3789,381.6797,0.047210693,1020.32056,358.58398,0.034057617,1194.458,375.85352,0.07598877,1180.9775,377.81836,0.089904785,1183.5566,378.73047,0.05493164,1164.0176,387.38037,0.09033203,1156.9375,389.5625,0.07763672,1270.5664,389.3047,0.11450195
316,1177.1797,378.0625,0.19641113,1193.3633,375.57422,0.10235596,1273.7695,377.64062,0.1484375,1144.3691,374.3047,0.10900879,1235.5859,374.5664,0.1850586,1270.625,381.6797,0.07867432,1020.4453,358.58398,0.15856934,1194.458,382.1621,0.052978516,1180.9775,385.1211,0.043914795,1198.125,378.73047,0.03768921,1197.6562,386.28613,0.13220215,1259.8203,389.5625,0.057617188,1270.5664,392.60938,0.101745605
317,1181.8818,377.19922,0.46655273,1200.9375,375.57422,0.07611084,1274.8984,375.5,0.107666016,1253.5742,375.13672,0.061523438,1235.5859,377.26953,0.10473633,1238.3789,381.81348,0.06512451,1036.1273,358.58398,0.1583252,1200.8633,382.1621,0.06011963,1180.9775,385.1211,0.041534424,1200.1289,378.73047,0.023223877,1197.6562,382.72656,0.037261963,1259.8203,389.5625,0.05871582,1270.5664,392.60938,0.041412354
318,1184.4492,376.70508,0.2475586,1193.3633,375.34766,0.12609863,1274.8984,375.5,0.10559082,1256.7012,377.23242,0.22692871,1235.5859,374.5918,0.19433594,1238.3789,381.81348,0.053344727,1020.4453,358.58398,0.04714966,1201.8359,381.37598,0.04626465,1196.5698,385.46875,0.10699463,1200.1289,372.875,0.043884277,1268.6782,382.72656,0.040527344,1259.8203,389.6045,0.11834717,1269.6289,392.60938,0.09350586
319,1267.6055,370.64453,0.28125,1193.3633,369.50586,0.044189453,1275.4863,375.5,0.035827637,1256.7012,377.23242,0.05340576,1235.5859,374.5918,0.083984375,1238.3789,381.42383,0.04937744,1020.32056,358.58398,0.025543213,1200.8633,381.10156,0.029052734,1196.5698,383.89648,0.05810547,1198.125,372.23438,0.03857422,1267.417,386.28613,0.029434204,1261.0674,391.78906,0.057403564,1269.6289,397.3457,0.06121826
320,1267.6055,370.64453,0.09423828,716.9712,363.51294,0.02041626,1275.9038,378.03418,0.06555176,1269.4766,377.23242,0.07647705,1235.5859,374.59766,0.0657959,1270.625,381.42383,0.040374756,1020.9033,364.15015,0.056610107,1200.8633,381.10156,0.02368164,1196.8564,383.89648,0.032104492,21.637695,361.91406,0.02734375,1197.6562,386.28613,0.02204895,1261.0674,390.2871,0.045959473,1250.3115,399.46094,0.061706543
321,1267.6055,370.1211,0.045318604,716.9712,363.38867,0.024627686,1280.3672,378.03418,0.043426514,1269.4766,378.1084,0.047851562,1243.333,375.70312,0.05960083,1234.0771,381.42383,0.037963867,1002.4424,365.19238,0.13500977,1216.3379,377.95117,0.08886719,1256.9512,378.5039,0.024124146,21.637695,361.91406,0.07922363,1264.3105,393.28516,0.03338623,1258.0391,390.2871,0.036987305,1238.7129,397.3457,0.03543091
322,1266.9375,370.1211,0.043945312,716.9712,363.03955,0.034118652,1280.3672,378.03418,0.12298584,1269.4766,378.1084,0.17102051,1244.7778,375.70312,0.15234375,1236.8789,379.46777,0.042541504,910.0078,365.19238,0.18444824,1259.041,377.95117,0.09100342,1256.9512,378.5039,0.06274414,21.637695,361.91406,0.075683594,1264.3105,396.729,0.024398804,1263.5254,391.15234,0.03152466,1256.623,397.3457,0.055389404
323,1263.3672,370.1211,0.05050659,716.9712,362.92188,0.047729492,1280.3672,379.78516,0.024993896,1270.0566,378.17188,0.07727051,1244.7778,378.39844,0.105651855,1234.0771,381.34766,0.07470703,910.0078,366.3828,0.18603516,1227.437,377.95117,0.1270752,1256.9512,378.5039,0.2244873,29.753906,361.98828,0.0925293,1240.1152,396.729,0.029037476,1258.0391,390.9922,0.028411865,1256.623,394.74805,0.06149292
324,1228.5244,371.95703,0.107543945,717.3721,363.03955,0.097961426,1278.6016,376.64844,0.042938232,1270.0566,378.17188,0.10827637,1260.394,379.1875,0.21899414,1225.9434,381.34766,0.10510254,910.0078,367.7422,0.08618164,1259.041,379.64062,0.07397461,1257.3438,379.1333,0.17126465,30.082031,362.26074,0.074401855,1227.3335,372.54688,0.047302246,1258.0391,390.2871,0.035308838,1256.623,394.74805,0.040893555
325,1228.5244,376.82422,0.061676025,717.3721,363.03955,0.04837036,1277.0371,376.64844,0.045959473,1270.1445,379.85156,0.05429077,1268.001,380.69678,0.062805176,1225.9434,381.34766,0.04144287,909.5615,367.82422,0.055664062,1259.6958,380.3181,0.029418945,1256.9512,380.813,0.097839355,1245.9531,376.70703,0.10430908,1227.3335,372.54688,0.062164307,1263.5254,390.9922,0.03704834,1269.582,394.74805,0.033935547
326,1238.6641,376.96094,0.097717285,717.3721,363.03955,0.053375244,1276.689,377.40625,0.069885254,1270.3164,379.85156,0.053497314,1268.001,383.23438,0.062683105,1236.8789,382.66406,0.06756592,909.5615,368.34375,0.12237549,1259.041,380.3181,0.07385254,1257.3438,381.29297,0.06762695,1245.9531,379.6255,0.10882568,1227.3335,372.54688,0.062805176,1275.1758,390.9922,0.028381348,1269.582,394.74805,0.0413208
327,1238.6641,376.96094,0.07342529,1258.418,367.14844,0.050842285,1274.3867,377.40625,0.08148193,1270.3164,379.85156,0.07788086,1268.001,383.23438,0.13928223,1225.9434,385.42188,0.06549072,909.4541,368.34375,0.14001465,1227.437,380.3181,0.034423828,1258.2305,383.4121,0.078430176,1245.9531,384.71484,0.10046387,1227.3335,372.54688,0.037475586,1275.1758,389.59375,0.076538086,1269.582,394.74805,0.03955078
328,1238.6641,377.60742,0.0791626,1258.418,376.61133,0.0362854,1276.689,376.64844,0.046325684,1270.1445,379.85156,0.10491943,1268.001,380.69678,0.066833496,1223.5898,385.42188,0.04788208,908.63965,368.34375,0.19958496,890.93945,372.5703,0.06719971,1268.1835,383.4121,0.08148193,1262.5938,384.71484,0.17797852,1239.0156,388.78662,0.06616211,1275.574,389.53906,0.08782959,1266.4844,393.30078,0.062927246
329,1252.3359,382.96094,0.04840088,1258.418,386.94824,0.051574707,1276.689,377.40625,0.10070801,1265.9727,371.76172,0.17138672,1226.3135,380.74463,0.08685303,1222.6797,385.42188,0.047424316,895.92773,367.68945,0.1862793,867.3086,368.97266,0.08850098,1277.7158,383.4121,0.13659668,1271.1172,384.71484,0.29541016,1243.6833,391.7461,0.23083496,1275.574,385.82422,0.17297363,1266.4844,393.30078,0.24035645
330,1238.6641,382.96094,0.04559326,1258.418,386.94824,0.024841309,1274.6025,380.4795,0.16320801,1260.9785,371.65625,0.30664062,1223.625,372.625,0.14697266,1209.4492,383.12695,0.07739258,892.6919,366.85547,0.16821289,866.0488,368.97266,0.08483887,1277.7158,382.48242,0.10662842,1276.1552,383.76172,0.27539062,1253.1445,394.22168,0.46557617,1274.915,385.82422,0.18225098,1266.4844,393.30078,0.24169922
331,1252.3359,376.2578,0.049560547,1258.418,386.94824,0.033325195,1274.6025,380.4795,0.18310547,1260.0547,371.57812,0.23254395,1211.2676,371.0039,0.15588379,1206.5352,371.1875,0.0546875,878.5254,366.24414,0.1439209,866.0488,368.8789,0.07952881,1277.7158,382.48242,0.0647583,1276.562,383.76172,0.1743164,1258.6523,394.22168,0.32177734,1270.3594,385.82422,0.29589844,1269.0908,394.38672,0.23168945
332,1252.9219,376.2578,0.037261963,1255.7891,382.20312,0.072021484,1274.6025,380.4795,0.21777344,1256.2168,370.1875,0.37060547,1088.332,368.75,0.5024414,1075.4219,368.97656,0.16503906,878.5254,366.24414,0.109680176,858.1709,368.8789,0.037353516,1273.9922,382.48242,0.066833496,1278.2422,383.76172,0.09460449,1267.5637,394.22168,0.050598145,1269.9961,388.59375,0.31298828,1273.8633,394.38672,0.25073242
333,1261.0625,375.2207,0.042388916,1213.0195,366.3828,0.03262329,1272.4355,380.4795,0.16149902,1116.624,369.49414,0.16687012,1084.048,368.75,0.21679688,1069.793,368.97656,0.09655762,878.5254,366.24414,0.036224365,851.1162,367.97656,0.029510498,1273.4473,382.48242,0.07324219,1276.562,383.76172,0.069885254,1267.5637,387.62207,0.054382324,1267.2109,388.59375,0.21276855,1273.8633,395.39453,0.16247559
334,1262.8125,372.12018,0.040802002,1179.9594,364.31445,0.055725098,1272.4355,378.82324,0.21948242,1116.624,369.09375,0.38354492,1084.048,366.6836,0.4724121,1069.793,366.69336,0.13830566,1045.4814,367.63477,0.04269409,851.1162,367.97656,0.02923584,1272.6309,382.48242,0.044769287,1276.1552,382.73828,0.045806885,1268.4839,387.62207,0.06677246,1267.1992,389.42773,0.099487305,1273.8633,394.38672,0.09863281
335,1262.8125,372.12018,0.03491211,1166.4336,364.1012,0.026672363,1136.207,374.25,0.29492188,1109.4385,369.49414,0.42626953,1081.5547,368.0703,0.4658203,1067.0469,368.97656,0.1583252,1045.4814,367.63477,0.061340332,1083.9375,367.97656,0.025650024,1260.7305,384.72656,0.016616821,1133.1865,381.1582,0.021209717,1270.7949,387.62207,0.01751709,1255.1035,390.85156,0.079956055,1246.0508,396.33594,0.058776855
336,1261.0625,371.76855,0.02822876,1165.8965,363.90436,0.021240234,1133.8857,370.48438,0.020095825,1107.9314,369.2461,0.03604126,1081.3242,368.75,0.03201294,1063.5547,369.5039,0.02798462,1049.4785,370.22266,0.040618896,1110.3984,370.5791,0.03475952,1146.6123,372.70215,0.010940552,1131.7998,381.1582,0.018417358,1270.7949,386.64355,0.017303467,1135.2129,389.78516,0.040893555,1174.4805,394.02344,0.021713257
337,1265.9805,371.76855,0.17529297,1162.3936,361.92773,0.04095459,1125.4141,374.25,0.037506104,1101.4277,369.49414,0.081726074,1081.3242,368.98828,0.10559082,1063.5547,370.03516,0.027923584,1049.4785,367.63477,0.028121948,1128.9883,376.23438,0.03137207,1146.6123,368.01172,0.016479492,1076.24,367.10938,0.022094727,1133.1943,388.64307,0.019851685,1128.9023,389.87305,0.04953003,1125.9229,394.02344,0.026351929
338,1265.5742,371.74854,0.15966797,1162.3936,361.92773,0.052246094,1125.4141,377.4922,0.099609375,1096.7734,369.98828,0.24914551,1081.3242,368.98828,0.23181152,1052.436,369.5039,0.08807373,732.6011,364.08533,0.0635376,1154.5537,376.4375,0.047698975,1146.6123,368.01172,0.016159058,44.65332,357.76562,0.026657104,1133.1943,388.64307,0.027053833,1128.9023,390.5664,0.06384277,1079.4473,392.02734,0.032318115
339,1265.2344,371.34082,0.02281189,1162.3936,361.41797,0.03881836,1125.4141,377.4922,0.035247803,1096.7734,370.35938,0.0869751,1081.3242,368.98828,0.10357666,1052.436,370.03516,0.029571533,732.6011,364.08533,0.05886841,1155.1431,380.146,0.025344849,1146.6123,368.01172,0.013366699,45.2334,362.45508,0.033416748,1090.0703,382.14062,0.0211792,1128.9023,389.87305,0.051635742,1079.4473,390.9121,0.03805542
340,1265.2344,371.34082,0.027908325,618.6406,361.8418,0.036315918,1278.5918,377.4922,0.033050537,1096.7734,369.98828,0.06451416,1255.5625,368.98828,0.041107178,1098.4541,382.41797,0.032562256,971.80444,367.2246,0.068847656,1164.4385,381.10742,0.015991211,1266.5879,367.625,0.016906738,33.214844,357.76562,0.070495605,1090.0703,363.63696,0.018798828,1255.207,389.78516,0.04660034,1079.4473,390.9121,0.02708435
341,1265.2344,371.34082,0.020690918,618.6406,361.92773,0.08392334,1278.5918,377.4922,0.024856567,1174.4922,370.35938,0.015899658,1255.5625,368.98828,0.039154053,1098.4541,382.41797,0.026931763,971.80444,367.2246,0.030212402,1170.707,381.10742,0.023544312,1266.5879,367.625,0.023757935,32.671875,357.76562,0.1583252,18.292969,363.63696,0.21386719,1255.4844,388.73047,0.037200928,1247.3027,390.54688,0.027496338
342,1246.4082,364.74854,0.79589844,26.189453,362.07715,0.08483887,1278.8789,374.89844,0.05255127,1266.5781,370.41797,0.15979004,1255.5625,368.84766,0.10699463,1123.3555,378.71387,0.03967285,1208.7715,380.5,0.05227661,1170.707,381.10742,0.027023315,1266.5879,367.625,0.039855957,32.671875,362.45508,0.06976318,16.457031,363.63696,0.021652222,1255.4844,388.72656,0.03994751,1248.0371,390.7793,0.035369873
343,1246.4082,364.74854,0.0703125,618.6406,361.8418,0.07409668,1278.5918,374.89844,0.03753662,1268.0028,371.61328,0.03768921,1253.8359,368.84766,0.117126465,1222.7109,378.71387,0.050231934,1216.0938,381.39453,0.07519531,1164.4385,378.2578,0.0357666,53.621094,362.90918,0.023162842,31.839844,362.52246,0.07922363,9.6796875,363.63696,0.024917603,1255.207,388.72656,0.04333496,1248.1152,390.9121,0.04876709
344,1246.4082,364.74854,0.09490967,1213.0664,362.07715,0.06842041,1277.1455,374.89844,0.10681152,1268.0028,371.61328,0.14233398,1244.5732,368.7578,0.12890625,1224.8203,377.42188,0.050109863,1216.0938,381.39453,0.056793213,1164.4385,378.2578,0.025375366,36.351807,362.90918,0.030258179,31.074219,362.52246,0.059936523,9.6796875,364.03906,0.018798828,1255.4844,388.72656,0.048431396,1248.1152,393.10156,0.054870605
345,1252.5405,364.74854,0.05407715,1229.5771,362.45703,0.0692749,1275.1523,374.89844,0.038116455,1263.3477,372.3203,0.083740234,1243.1133,371.32617,0.07421875,1222.7109,375.59375,0.050079346,1208.7715,380.5,0.030548096,1204.9087,378.2578,0.02078247,35.829834,362.67676,0.018432617,30.300781,362.52246,0.06896973,9.4453125,364.03906,0.032104492,1255.4844,389.91797,0.055480957,1248.1152,390.7793,0.05987549
346,1256.0898,366.96484,0.17529297,1273.3008,363.6499,0.085510254,1275.1523,370.10547,0.02758789,1263.3477,371.61328,0.050231934,1235.9418,368.7578,0.04949951,1224.8203,374.0625,0.056671143,24.484375,362.4414,0.027420044,1225.1953,379.6333,0.025802612,35.829834,362.67676,0.023040771,29.706055,362.12695,0.1071167,8.8515625,359.23828,0.06085205,1254.502,389.91797,0.07244873,1248.0371,392.73828,0.05203247
347,1256.1094,366.96484,0.35668945,1275.1001,363.6499,0.18127441,1275.1523,365.08594,0.018173218,1261.1416,371.61328,0.01448822,1226.3633,366.82617,0.03793335,1224.8203,373.8506,0.043151855,24.484375,362.4414,0.022277832,1225.1953,379.6333,0.023727417,35.829834,362.67676,0.019546509,28.756348,361.8457,0.07165527,8.597656,359.23828,0.028579712,1254.502,389.91797,0.037750244,1231.3984,393.10156,0.031234741
348,1256.1094,366.96484,0.24035645,1275.8906,363.6499,0.20629883,1275.4111,365.08594,0.07751465,1259.9353,368.9375,0.061340332,1226.3633,366.66016,0.11694336,1208.3281,369.3086,0.034820557,24.484375,362.4414,0.02658081,1225.1953,379.6333,0.019744873,968.07227,362.44434,0.04849243,28.395508,361.47266,0.08850098,8.2578125,359.30664,0.034454346,1240.0352,389.91797,0.06262207,1231.3984,393.10156,0.050109863
349,1257.0195,367.5254,0.12176514,1276.5703,362.0078,0.14318848,1275.4111,365.08594,0.076660156,1259.9353,368.17578,0.15246582,1226.3633,364.91455,0.2388916,1208.3281,369.3086,0.077697754,1018.16895,362.36328,0.23400879,995.0625,362.9248,0.06982422,968.07227,362.34277,0.0637207,28.395508,361.42578,0.10119629,8.09375,359.23828,0.04135132,1240.0352,389.91797,0.07354736,1231.3984,392.73828,0.052734375
350,1257.6484,367.5254,0.07409668,1277.8984,362.0078,0.05831909,1275.4111,366.4375,0.12207031,1261.1416,367.86328,0.23925781,1227.958,364.89062,0.2783203,1209.6191,365.72754,0.11218262,1019.70605,362.5918,0.2734375,981.9287,360.70508,0.1821289,968.07227,354.3711,0.059661865,28.395508,361.2168,0.13305664,7.9609375,359.27734,0.04776001,1240.0352,389.98145,0.07067871,1244.4705,393.42188,0.05239868
351,1268.5752,367.0,0.11138916,1277.8984,361.84375,0.07922363,1275.4111,366.4375,0.06970215,1261.6387,367.0879,0.13842773,1236.293,364.8413,0.26000977,1209.3008,365.72754,0.15344238,1019.70605,362.5918,0.3173828,981.48145,357.9619,0.21716309,962.2451,353.375,0.082092285,28.304688,361.17773,0.10949707,7.8242188,359.29883,0.044281006,1241.9727,389.98145,0.05050659,1244.4705,393.42188,0.048431396
352,1269.4092,367.5254,0.19641113,1278.1465,361.84375,0.07330322,1275.7574,367.0332,0.10101318,1262.8848,367.4082,0.103881836,1236.293,364.8413,0.28588867,1209.6191,365.042,0.16479492,1019.70605,362.5918,0.3251953,981.2832,357.9619,0.22851562,962.2451,353.375,0.099975586,28.15979,361.01562,0.11035156,7.8242188,359.27734,0.04119873,1254.6191,389.98145,0.04309082,1246.6484,394.14844,0.06549072
353,1269.4092,367.5254,0.17346191,1278.1465,361.51953,0.10461426,1275.7574,367.0332,0.20690918,1263.2012,367.4082,0.30151367,1238.3125,364.89062,0.30444336,1215.9922,365.042,0.13415527,1021.1221,362.5918,0.2142334,981.2832,357.9619,0.107055664,956.1288,353.375,0.06939697,28.416748,360.88867,0.12384033,7.8242188,359.23242,0.03866577,1257.8281,389.98145,0.0491333,1249.7148,394.58594,0.07476807
354,1270.2617,368.10938,0.115112305,1277.5029,362.03906,0.04019165,1277.7324,367.0332,0.17578125,1262.8848,367.4082,0.36914062,1236.293,364.89062,0.35205078,1217.6094,365.8506,0.17749023,1034.9375,363.58057,0.22570801,980.01855,358.70703,0.099975586,962.2451,362.03613,0.06689453,28.416748,360.88867,0.10437012,7.701172,359.09766,0.034057617,1257.8281,390.1953,0.083618164,1244.4705,394.58594,0.0982666
355,1270.2617,368.39062,0.07019043,1275.9343,362.19434,0.060699463,1277.7324,366.9453,0.09088135,1262.8848,367.375,0.22912598,1232.5566,365.29395,0.3203125,1218.0547,365.875,0.24328613,1034.9375,363.58057,0.16064453,969.2617,358.82422,0.07470703,1258.9541,368.8672,0.044525146,28.445068,360.73438,0.122924805,7.701172,358.9922,0.048919678,1259.0586,384.82422,0.09698486,1236.5293,390.96094,0.12359619
356,1270.2617,368.39062,0.12426758,1272.4844,362.19434,0.04751587,1277.7324,366.9453,0.18005371,1262.8848,367.375,0.31079102,1232.4551,365.7627,0.38916016,1218.0547,366.32617,0.20605469,1034.9375,363.58057,0.082458496,954.4248,358.82422,0.064208984,1265.4902,368.8672,0.06329346,28.459473,360.88867,0.08862305,7.779297,358.76172,0.03375244,1264.2422,384.54688,0.04510498,1235.9932,390.22656,0.08062744
357,1267.9244,368.39062,0.123046875,1272.4844,361.9961,0.093933105,1276.5942,366.73633,0.19262695,1262.8848,367.25195,0.3564453,1231.0469,366.14258,0.36206055,1218.0547,366.96094,0.09466553,960.2617,356.51758,0.23962402,933.8633,358.82422,0.17773438,1265.6602,367.98047,0.0725708,29.235352,361.3047,0.060913086,7.779297,358.5371,0.031433105,1264.6406,390.1953,0.04525757,1235.6421,388.27344,0.0524292
358,1257.5742,367.42188,0.16003418,1275.2891,361.9961,0.10345459,1276.4548,366.73633,0.12414551,1262.5645,366.44336,0.33569336,1229.8359,366.21875,0.3564453,1215.1914,367.51758,0.111450195,960.2461,355.57837,0.3388672,932.1327,358.82422,0.18139648,1265.6602,367.98047,0.07556152,29.365234,361.92188,0.06008911,7.8183594,358.5371,0.028839111,1264.2422,391.50586,0.044128418,1235.6421,388.27344,0.06549072
359,1257.5742,367.125,0.1784668,1275.2891,361.9961,0.086120605,1276.4548,365.41504,0.080200195,1262.5645,366.44336,0.23779297,1229.8359,366.21875,0.38012695,1214.5703,368.90625,0.10394287,960.2461,355.57837,0.2692871,929.2715,358.33984,0.10845947,1265.4902,367.75,0.04159546,29.71289,361.92188,0.08557129,8.128906,358.5371,0.038269043,1264.6406,396.13074,0.062072754,1235.6421,388.27344,0.09136963
360,1257.5742,366.91602,0.36547852,1272.4844,361.9961,0.18603516,1276.4548,364.52344,0.050354004,1263.2168,366.44336,0.09954834,1231.0469,365.8418,0.26464844,1214.1328,369.2578,0.071777344,960.2461,356.51758,0.23461914,929.2715,358.33984,0.12695312,858.8164,361.35352,0.022827148,30.294922,361.92188,0.1262207,8.128906,358.70117,0.05529785,1264.2422,396.13074,0.055511475,1235.6421,389.7588,0.04336548
361,1270.9453,367.125,0.13684082,8.1328125,361.86914,0.055664062,1277.1836,364.41406,0.07727051,1267.1582,366.98438,0.1920166,1239.6094,366.8047,0.41625977,1213.5898,369.58398,0.1496582,973.61914,357.4297,0.3125,933.8633,359.11133,0.13989258,52.566895,359.32422,0.035614014,30.294922,361.60742,0.20166016,8.128906,358.72266,0.09454346,1266.2148,396.13074,0.051361084,1235.6436,390.16992,0.047851562
362,1273.8848,367.125,0.07171631,8.029297,361.91602,0.064941406,1278.4141,364.41406,0.07318115,1270.1562,367.22852,0.21520996,1240.1543,366.8047,0.45166016,1213.5898,369.6211,0.20141602,973.61914,357.43945,0.2788086,873.2656,359.11133,0.118774414,52.566895,358.19922,0.09881592,30.447266,359.01172,0.28393555,7.7421875,358.83398,0.15686035,1268.5547,391.84375,0.038208008,1237.125,391.5625,0.050994873
363,1274.3789,368.0996,0.05456543,8.015625,361.92578,0.06008911,1281.6562,364.41406,0.095825195,1270.9355,367.26562,0.2734375,1242.5273,366.8047,0.5698242,1213.4316,369.66797,0.31274414,973.61914,357.52832,0.29418945,867.1255,358.5996,0.13049316,52.566895,358.14648,0.1427002,31.080078,358.81445,0.2998047,7.0859375,360.0586,0.13586426,1268.5547,391.84375,0.04699707,1250.3672,391.5625,0.08746338
364,1275.3672,368.0996,0.049835205,7.9765625,361.91602,0.035125732,1282.957,364.72656,0.095825195,1271.3535,367.45117,0.33740234,1242.6963,368.16016,0.6347656,1213.0527,369.79688,0.35473633,973.61914,357.96777,0.22424316,77.18457,358.5996,0.119628906,53.76758,358.0625,0.24572754,32.089844,358.8125,0.44921875,5.5,360.0586,0.3022461,1261.0234,391.84375,0.04260254,1251.6289,391.5625,0.0848999
365,1275.3672,368.20703,0.049346924,7.9765625,361.86914,0.03286743,1283.125,364.8828,0.049102783,1271.3535,367.96094,0.18811035,1242.6963,369.08594,0.4892578,1213.0527,369.88672,0.30615234,973.61914,358.03125,0.19934082,76.7583,358.58203,0.16003418,53.76758,358.01953,0.2890625,32.273438,358.8125,0.47705078,5.5,360.0586,0.32006836,1260.8906,391.84375,0.041107178,1254.8945,393.07422,0.08203125
366,1275.3672,368.8672,0.048461914,7.9765625,361.52148,0.036102295,1283.125,364.92188,0.058410645,1270.9355,368.34766,0.19519043,1242.6963,369.9375,0.44580078,1213.0527,369.96875,0.29052734,1170.7607,368.73047,0.18554688,76.7583,358.58203,0.13806152,53.773438,357.97852,0.25390625,32.308594,358.8125,0.43432617,5.5,360.1211,0.2980957,1260.8906,392.2578,0.028152466,1256.4297,393.4414,0.093566895
367,1269.0156,368.20703,0.026885986,8.146484,361.52148,0.046539307,1283.125,367.9414,0.05569458,1264.2461,368.47656,0.17590332,1239.707,371.32812,0.35253906,1197.6123,369.88672,0.35009766,1170.7607,368.73047,0.27416992,77.18457,358.58203,0.12408447,53.990234,357.97852,0.21508789,32.33203,358.81055,0.3918457,6.4453125,360.0586,0.2631836,1260.8906,392.76953,0.031280518,1261.7383,393.58984,0.064941406
368,1268.0156,371.0127,0.021774292,8.177734,361.52148,0.052001953,1283.125,368.6953,0.056365967,1264.0078,368.51562,0.10675049,1239.707,372.35156,0.27514648,1197.6123,369.9336,0.4128418,1170.7607,368.73047,0.3347168,78.16797,358.7871,0.13134766,53.990234,357.96582,0.1907959,33.472656,358.81055,0.36450195,6.8671875,359.94922,0.3112793,1273.9453,392.76953,0.038909912,1264.9258,397.74023,0.05682373
369,1267.0391,371.0127,0.026489258,8.2109375,361.82812,0.039733887,1283.125,369.26172,0.09539795,1264.0078,369.3164,0.09375,1239.707,373.63965,0.21960449,1197.6123,370.00586,0.2998047,1170.7607,368.55078,0.27441406,78.16797,358.7871,0.17211914,58.476562,357.93066,0.3071289,37.645508,358.08398,0.47924805,7.171875,359.72656,0.47802734,1274.5391,392.76953,0.040008545,1265.8496,397.92285,0.10772705
370,1267.3945,369.52734,0.030456543,8.337891,361.8711,0.041809082,1283.8008,369.26172,0.07513428,1264.0078,370.14453,0.10064697,1240.6094,373.63965,0.2980957,1197.9551,370.00586,0.32421875,1170.7607,368.14453,0.31176758,78.16797,358.7871,0.18469238,58.476562,357.96582,0.29101562,37.645508,358.08398,0.45361328,7.3671875,359.64453,0.4567871,1278.5371,392.76953,0.09979248,1265.8496,399.5703,0.18103027
371,1267.3945,369.52734,0.037139893,8.2109375,362.11035,0.041992188,1283.8008,369.26172,0.047058105,1271.0,370.14453,0.110961914,1242.2705,373.63965,0.23461914,1210.0791,370.1328,0.1661377,1165.2441,367.625,0.18933105,77.98926,358.72656,0.17102051,58.476562,358.0664,0.26782227,37.645508,358.08398,0.421875,7.7539062,359.64453,0.42260742,1278.5371,393.0664,0.15026855,1264.9258,399.5703,0.17028809
372,1267.0391,370.93652,0.06341553,8.337891,362.11035,0.049713135,1283.8008,369.91016,0.027862549,1272.8516,371.21875,0.20690918,1242.2705,371.81067,0.37182617,1210.0791,370.1328,0.21960449,1164.7544,367.1836,0.18334961,76.76611,358.57617,0.18066406,54.359375,357.96582,0.23388672,34.023438,359.08398,0.37158203,8.515625,359.53516,0.32202148,1278.625,394.13184,0.119384766,1265.9062,399.67188,0.13476562
373,1267.0391,370.93652,0.039154053,8.408203,362.11035,0.059020996,1283.8008,369.91016,0.016448975,1272.8516,371.22412,0.17248535,1242.2705,371.06787,0.35791016,1210.0791,370.1328,0.073913574,1175.2734,366.16797,0.08239746,75.11279,358.49414,0.14233398,52.29004,357.9287,0.15600586,32.816406,359.09766,0.27197266,9.035156,359.53516,0.2166748,1280.8711,393.0664,0.047668457,1268.3713,399.70703,0.036987305
374,1265.7383,374.1289,0.03277588,25.558594,360.83984,0.048553467,1283.2578,369.91016,0.03793335,1272.8516,371.22412,0.17248535,1239.1719,370.97168,0.36376953,1211.625,368.6172,0.11608887,1162.4541,366.16797,0.070495605,73.978516,358.3086,0.083862305,44.131958,357.85547,0.051513672,30.617188,361.54102,0.15478516,9.035156,358.67188,0.08734131,1280.8789,394.55664,0.0871582,1268.3713,402.80078,0.10473633
375,1248.75,374.1289,0.025512695,25.580078,360.83984,0.05178833,1283.2578,378.1621,0.058166504,1270.8965,373.71484,0.3178711,1239.1719,370.70996,0.42578125,1211.625,368.1289,0.18408203,1162.1973,366.0664,0.14587402,73.72656,358.2754,0.10040283,44.013985,357.85547,0.06506348,30.390625,361.7246,0.16210938,9.035156,358.6172,0.091552734,1281.8047,394.7334,0.20544434,1270.9297,403.92188,0.15979004
376,1248.75,375.47656,0.027114868,25.703125,360.83984,0.051696777,1284.8013,378.1621,0.06048584,1270.8965,374.67773,0.29858398,1239.1719,370.29492,0.34960938,1211.625,367.625,0.12231445,1162.4541,365.87305,0.109436035,73.72656,358.19922,0.08068848,43.930542,357.85547,0.05810547,30.371094,361.72656,0.1616211,8.863281,358.6172,0.09716797,1281.8047,394.7334,0.20092773,1271.5469,403.92188,0.15246582
377,1272.0391,374.72266,0.025680542,25.580078,361.6289,0.046295166,1284.8013,378.1621,0.08843994,1270.8965,374.79688,0.37402344,1240.3691,369.1836,0.33325195,1213.0,367.10742,0.12188721,1162.1143,365.95117,0.08618164,73.72656,357.96973,0.05834961,38.16211,361.6797,0.045318604,30.253906,361.7246,0.120666504,8.714844,358.67188,0.058654785,1281.8047,394.917,0.19018555,1271.6133,404.1797,0.1430664
378,1272.0391,374.72266,0.026626587,25.558594,362.91992,0.040496826,1284.3906,377.8828,0.084106445,1270.9785,374.88867,0.35253906,1242.6533,369.1797,0.33764648,1216.502,367.03125,0.119506836,1161.9434,365.95117,0.061767578,73.80859,357.96973,0.05001831,37.339844,361.7207,0.03881836,29.831055,361.75977,0.1149292,8.699219,358.83594,0.053955078,1281.8047,395.8943,0.16479492,1271.7539,405.70312,0.17456055
379,1272.0391,373.35254,0.029510498,8.482422,362.91992,0.06500244,1284.3906,377.8828,0.093811035,1270.9785,374.88867,0.29174805,1243.0205,368.64062,0.32739258,1223.1055,366.30664,0.11364746,1161.9434,365.4961,0.032287598,74.461914,357.96973,0.03527832,37.339844,361.75195,0.048980713,29.831055,361.75977,0.18347168,8.453125,359.23438,0.10107422,1281.5977,395.8943,0.1505127,1273.166,406.78516,0.29785156
380,1272.0391,373.35254,0.035736084,8.380859,362.91992,0.05935669,1284.0555,377.8828,0.026931763,1270.9785,375.11133,0.117492676,1243.0205,367.8457,0.30004883,1223.1055,365.86133,0.10797119,1162.542,365.95117,0.062438965,866.0596,366.57227,0.026535034,37.339844,361.7207,0.03488159,29.831055,361.45703,0.16040039,8.4453125,359.23438,0.087524414,1280.9844,395.40967,0.08709717,1273.5293,406.78516,0.08996582
381,1263.5645,372.52832,0.026306152,8.3359375,362.91992,0.07080078,1282.0703,377.1875,0.023147583,1269.3467,374.88867,0.061645508,1243.0205,366.60938,0.2536621,1223.1055,365.77344,0.08782959,908.87305,365.95117,0.05557251,866.49414,366.57227,0.020584106,37.339844,361.6797,0.03982544,29.831055,361.3496,0.2084961,8.441406,359.23438,0.16333008,1272.3633,394.917,0.028564453,1273.166,406.78516,0.03555298
382,1263.5645,372.21362,0.024398804,8.25,362.81543,0.05227661,1280.1875,376.80078,0.020584106,1268.6538,374.62695,0.051086426,1241.8359,366.43945,0.24926758,1223.0039,365.76465,0.057891846,1179.5928,365.5752,0.051330566,866.56934,366.72266,0.02319336,37.339844,361.67383,0.02734375,29.676758,361.23438,0.14196777,8.375,359.0078,0.068237305,1272.3633,383.94922,0.035125732,1273.166,406.78516,0.11071777
383,1263.1992,371.96075,0.025115967,8.076172,362.79492,0.05999756,1279.4258,370.41406,0.019821167,1267.8728,374.13867,0.05770874,1240.8281,366.21094,0.20605469,1214.0352,364.98193,0.071777344,1179.8083,364.9463,0.031204224,866.56934,366.72266,0.018722534,37.282227,361.66016,0.035125732,29.373047,361.16602,0.15637207,8.371094,358.9668,0.085632324,1270.6035,383.94922,0.03338623,1255.9395,388.29248,0.040924072
384,1262.5156,371.60107,0.03918457,8.076172,362.57227,0.06829834,1279.207,370.41406,0.061462402,1267.8728,373.49707,0.14758301,1240.6523,366.1621,0.25146484,1214.0352,364.98193,0.10687256,1179.8083,364.9463,0.052886963,1258.9414,371.03467,0.015640259,37.282227,361.6211,0.039031982,29.238281,361.16016,0.19604492,8.371094,358.9668,0.12322998,1270.6035,383.23242,0.03503418,1255.9395,388.07562,0.051879883
385,1262.5156,371.42725,0.04196167,8.042969,362.47363,0.06512451,1279.207,370.2539,0.072753906,1268.0054,373.3369,0.13452148,1240.6523,365.49902,0.2331543,1214.0352,363.14697,0.1307373,1179.8083,364.312,0.07165527,1258.9414,371.03467,0.019439697,37.59375,361.5039,0.03845215,29.373047,360.7246,0.19189453,8.246094,358.9668,0.09613037,1272.168,382.57422,0.037384033,1255.9395,387.87823,0.046081543
386,1271.5488,371.3628,0.041900635,8.076172,362.24023,0.0713501,1279.2129,370.2539,0.08868408,1268.6538,372.97656,0.16894531,1240.6523,365.11914,0.31298828,1222.2305,362.90723,0.13085938,1179.8083,364.312,0.090270996,1258.9414,371.03467,0.018539429,38.248047,361.42578,0.04196167,29.676758,360.7246,0.22912598,7.5742188,360.32422,0.119628906,1272.2188,382.57422,0.034210205,1256.0508,387.43262,0.04727173
387,1270.8203,371.3628,0.034362793,8.115234,362.06055,0.060058594,1279.2129,369.98438,0.06555176,1268.0054,370.86328,0.08380127,1241.3828,364.43115,0.32250977,1225.3164,362.4248,0.17578125,1179.8083,363.11035,0.13439941,1043.1294,360.64844,0.029571533,52.118225,361.27734,0.07800293,29.695312,360.7246,0.2939453,6.7304688,360.33203,0.25073242,1272.168,382.23047,0.0259552,1256.0508,387.29785,0.042877197
388,1270.8203,371.3628,0.029342651,8.171875,361.98047,0.06713867,1278.998,369.01562,0.027633667,1268.0054,369.79297,0.070251465,1241.4277,363.46484,0.27514648,1225.3164,362.03223,0.08312988,1068.8721,363.11035,0.11016846,1043.1294,360.64844,0.03302002,52.118225,361.27734,0.062042236,29.695312,360.8086,0.25683594,6.7304688,360.33203,0.19934082,1272.168,382.17773,0.028305054,1256.0508,387.29785,0.03668213
389,1270.8203,371.3628,0.022094727,8.359375,361.95117,0.06677246,1268.2266,369.01562,0.029815674,1262.2305,362.01562,0.07299805,1242.3477,362.24414,0.1965332,1225.3164,361.35938,0.029067993,1068.8604,363.11035,0.11035156,1043.1294,360.3711,0.028503418,52.118225,361.27734,0.047546387,29.695312,360.85742,0.23742676,6.7304688,360.32422,0.13769531,1270.416,380.13135,0.028167725,1240.7188,386.94434,0.037902832
390,1269.8154,362.375,0.018844604,8.6328125,361.90625,0.06329346,1266.8945,358.51562,0.018692017,1262.2305,361.83594,0.03793335,1242.3477,361.41992,0.07727051,1227.2017,360.51367,0.022201538,1068.8604,362.99316,0.06524658,1201.6953,360.3711,0.019577026,37.729492,361.37695,0.038330078,29.237305,360.8828,0.20898438,7.404297,359.15625,0.08972168,1270.416,379.79004,0.024780273,1240.3438,386.68164,0.026107788
391,1269.8154,362.375,0.018356323,8.738281,361.87695,0.06222534,1266.8945,358.51562,0.013900757,1262.2305,361.3125,0.033050537,1242.3477,359.8457,0.059692383,1225.3574,358.4961,0.024719238,1068.8604,362.66406,0.11218262,1201.6953,358.1914,0.03152466,37.624023,361.40234,0.03744507,29.205078,360.8828,0.2064209,7.404297,359.11523,0.08734131,1270.3867,379.76135,0.024932861,1240.3438,386.2754,0.023361206
392,1269.8154,362.32812,0.023132324,9.044922,361.86133,0.051818848,1268.2266,359.59375,0.02267456,1263.0723,360.625,0.09472656,1242.8564,359.83984,0.14562988,1224.4434,358.2422,0.11584473,1196.342,358.20898,0.13378906,1201.6953,358.0879,0.06518555,22.478516,362.68262,0.03314209,29.124023,360.94336,0.15356445,7.453125,358.92578,0.06161499,1270.416,379.79004,0.034057617,1240.1211,386.2754,0.03817749
393,1273.8516,362.32812,0.05090332,26.075195,361.86133,0.052093506,1268.2266,359.71094,0.034118652,1263.3516,360.625,0.10015869,1243.0225,359.4043,0.27954102,1225.3574,357.09375,0.13671875,1196.342,358.03125,0.13452148,1192.1387,358.0879,0.057128906,22.478516,362.68262,0.037963867,29.124023,361.19727,0.15332031,7.453125,358.90234,0.055511475,1271.7539,379.79004,0.034729004,1240.3438,386.2754,0.042114258
394,1274.8789,362.32812,0.0423584,26.09668,361.86133,0.054382324,1266.8945,359.71094,0.034942627,1263.6016,360.48438,0.09100342,1243.8594,358.66992,0.35668945,1226.0186,356.40625,0.18713379,1208.9062,357.2793,0.16503906,1186.2764,358.0879,0.03475952,22.478516,362.68262,0.030548096,29.108398,361.19727,0.123291016,7.46875,358.83203,0.04849243,1272.9062,379.79712,0.032073975,1240.3438,386.24707,0.039855957
395,1274.8789,361.3164,0.034942627,26.125,361.91406,0.05230713,1270.0547,361.14453,0.01727295,1265.2539,360.48438,0.08081055,1244.2444,358.42188,0.40673828,1226.0186,356.40625,0.20678711,1208.9062,357.64844,0.18225098,1186.2764,358.0879,0.036132812,1256.5137,357.02734,0.03253174,29.108398,360.8086,0.09967041,7.875,358.90234,0.04586792,1273.3867,380.10822,0.032806396,1240.3633,375.7832,0.035095215
396,1274.8789,360.6797,0.034606934,26.503906,362.79883,0.035705566,1243.1797,361.38672,0.017562866,1265.4492,360.48438,0.057800293,1244.3989,358.42188,0.3623047,1226.0996,356.40625,0.1784668,1208.9062,357.64844,0.16259766,1186.2764,358.0879,0.032043457,1257.3262,357.02734,0.027755737,29.235352,358.14844,0.052490234,8.082031,358.90234,0.018249512,1273.3867,380.1726,0.035980225,1240.9453,375.7832,0.03945923
397,1254.8867,359.7793,0.040863037,26.583984,362.79883,0.03274536,1243.1797,369.08984,0.021621704,1265.4492,363.08398,0.026062012,1244.7417,358.42188,0.2578125,1227.6106,356.40625,0.11791992,1208.9062,357.64844,0.13989258,1200.2324,358.78125,0.043945312,1258.0947,357.02734,0.02607727,29.455078,355.47266,0.03942871,19.876587,359.4121,0.022094727,1272.9062,380.1726,0.038391113,1240.9453,375.7832,0.043518066
398,1254.8867,358.40234,0.07421875,26.601562,362.79883,0.029708862,1243.1797,369.08984,0.018615723,1267.8203,363.08398,0.031402588,1244.7417,358.54688,0.1003418,1236.7578,356.89453,0.07824707,1208.9062,357.64844,0.05883789,1200.2324,358.78125,0.024871826,1258.8994,357.13574,0.029632568,29.987305,355.47266,0.03527832,1244.3787,360.14453,0.028076172,1272.7969,380.17773,0.039855957,1240.9453,375.7832,0.04107666
399,1254.8867,358.40234,0.33496094,26.583984,363.08398,0.13574219,1260.1411,372.03906,0.032684326,1267.8203,363.08398,0.030136108,1244.7417,358.54688,0.08691406,1236.7578,356.89453,0.046051025,1131.2817,361.39453,0.018585205,1200.2324,362.52832,0.02407837,1258.8994,357.13574,0.026062012,29.987305,355.39453,0.031982422,1252.2043,360.6328,0.01939392,1271.832,380.42212,0.043121338,1245.0625,375.7832,0.022567749
400,1261.7764,359.6836,0.0803833,26.603516,363.375,0.035369873,1260.1411,372.03906,0.01424408,1265.9414,363.08398,0.08605957,1240.4629,358.54688,0.17858887,1236.7578,356.40625,0.04348755,1102.4688,364.85205,0.025360107,1200.2324,365.1455,0.036590576,1259.2573,357.13574,0.07757568,29.987305,355.39453,0.04534912,1252.2043,360.5039,0.022094727,1265.6523,380.64404,0.031951904,1245.0625,374.86328,0.030639648
401,1275.6794,359.6836,0.04034424,26.603516,363.75403,0.013702393,1267.4453,376.89062,0.02041626,1263.1621,363.26562,0.09197998,1240.2383,357.67383,0.19311523,1232.8809,356.23438,0.043640137,1101.7959,365.17773,0.02571106,1261.1348,365.48438,0.034179688,1259.4443,357.01953,0.038726807,29.987305,355.3789,0.02444458,1252.2043,360.14453,0.0209198,1271.543,380.64404,0.03149414,1238.2246,374.49805,0.025314331
402,1276.0803,358.3047,0.024429321,26.580078,363.75403,0.011917114,1267.4453,376.89062,0.02494812,1263.1621,362.1162,0.07305908,1240.1582,357.67383,0.09649658,1232.2715,356.23438,0.031982422,1101.7959,365.17773,0.01953125,1260.8301,374.96484,0.024765015,1259.4443,357.01953,0.025161743,29.892578,355.35156,0.022354126,1252.2043,360.5039,0.018798828,1271.543,380.71582,0.029663086,1238.2246,374.40234,0.021697998
403,1277.1348,358.3047,0.019836426,26.580078,363.7572,0.014930725,1268.7188,376.89062,0.023742676,1262.9551,362.1162,0.06518555,1239.6719,357.67383,0.06173706,1231.707,356.23438,0.020599365,1069.1602,365.13574,0.02619934,1260.8301,374.96484,0.027954102,1259.5667,357.01953,0.01966858,29.88086,355.35156,0.026473999,1227.6829,360.5039,0.017700195,1265.6523,380.71582,0.02645874,1237.669,370.14453,0.01928711
404,1277.1582,358.3047,0.029296875,26.603516,363.75403,0.014511108,1268.7188,376.41016,0.022964478,1262.6699,363.26562,0.091674805,1234.5127,358.39453,0.0925293,1231.707,356.9297,0.029388428,1069.1602,365.17773,0.048339844,1260.8301,374.96484,0.028320312,1259.5671,357.4668,0.0206604,29.736328,355.3711,0.024398804,20.48877,359.14453,0.024932861,1259.2031,386.9121,0.033081055,1237.669,370.14453,0.026977539
405,1277.1582,358.3047,0.026809692,26.638672,363.72656,0.01612854,1268.875,376.06445,0.026031494,1262.3281,363.26562,0.09387207,1229.1787,359.20898,0.123413086,1218.5137,357.3828,0.03164673,1069.1602,365.30762,0.06945801,1129.3242,371.06152,0.022994995,1259.6855,357.4668,0.016082764,29.736328,355.3789,0.024627686,20.48877,359.14453,0.018051147,1259.2031,387.2207,0.027679443,1237.8018,370.14453,0.035247803
406,1277.1348,358.35938,0.028121948,26.642578,363.7256,0.017089844,1273.7461,360.35156,0.034942627,1262.2227,362.90625,0.11993408,1229.1045,359.63867,0.1842041,1217.5723,358.41406,0.052520752,1163.1191,365.3662,0.04925537,1127.8242,370.875,0.019805908,1281.8438,376.68555,0.016967773,29.704102,355.54297,0.027862549,1202.707,370.91602,0.018875122,1259.2031,387.2207,0.03414917,1237.8018,386.9209,0.037017822
407,1277.1582,358.6172,0.042755127,26.669922,363.61548,0.019943237,1274.1016,359.3047,0.057922363,1262.0918,363.40234,0.19580078,1228.315,360.52344,0.2421875,1208.9883,361.35352,0.16015625,1163.502,365.50586,0.16027832,1127.8242,370.875,0.024734497,1282.3789,376.68555,0.017593384,29.698242,355.65625,0.030532837,20.341064,359.27148,0.024230957,1259.9609,387.2207,0.043151855,1238.6523,386.9209,0.048065186
408,1277.1582,358.96875,0.041534424,26.716797,363.61548,0.024215698,1279.7285,359.02344,0.051513672,1262.0918,364.23572,0.15820312,1228.748,360.52344,0.18603516,1208.9297,362.01953,0.12866211,1163.502,365.69043,0.16540527,1127.8242,370.875,0.040649414,1282.0488,376.57617,0.016845703,29.64746,355.65625,0.030853271,20.341064,359.27148,0.0256958,1260.0312,386.93848,0.040252686,1238.8184,386.9209,0.043914795
409,1277.581,359.5547,0.031402588,26.81836,363.58057,0.02357483,1280.3828,359.10156,0.03302002,1262.0918,364.3789,0.09869385,1228.7925,361.04688,0.09362793,1208.9297,362.01953,0.05987549,1178.9033,365.94434,0.11279297,1127.8242,370.875,0.03378296,1281.8438,376.0332,0.018173218,29.387695,355.72656,0.02947998,19.737549,359.38867,0.022140503,1260.0312,386.4453,0.028442383,1254.0684,386.45605,0.030578613
410,1277.581,358.96875,0.032073975,26.81836,363.56665,0.021881104,1280.3828,358.42188,0.0340271,1262.0918,364.3789,0.09509277,1228.748,360.52344,0.10321045,1204.834,362.01953,0.03414917,1163.502,365.94434,0.06567383,1122.6895,367.9004,0.033935547,1281.8438,376.0332,0.01663208,29.236328,355.72656,0.029464722,19.690918,359.27148,0.021118164,1259.9609,381.8252,0.028625488,1254.0684,385.98828,0.03463745
411,1277.581,358.6172,0.034820557,26.81836,363.43506,0.022064209,1280.3828,358.20312,0.044830322,1261.7432,364.3789,0.13244629,1228.315,360.4375,0.16589355,1197.6475,361.45117,0.060577393,1163.2764,365.94434,0.050476074,930.3867,354.09766,0.029327393,1258.3008,363.36133,0.018936157,29.146484,355.54297,0.030166626,19.30127,359.23828,0.020263672,1259.9219,381.6494,0.033691406,1254.0684,385.80664,0.041870117
